SET SQL_MODE = "NO_AUTO_VALUE_ON_ZERO";
SET AUTOCOMMIT = 0;
START TRANSACTION;
SET time_zone = "+00:00";


/*!40101 SET @OLD_CHARACTER_SET_CLIENT=@@CHARACTER_SET_CLIENT */;
/*!40101 SET @OLD_CHARACTER_SET_RESULTS=@@CHARACTER_SET_RESULTS */;
/*!40101 SET @OLD_COLLATION_CONNECTION=@@COLLATION_CONNECTION */;
/*!40101 SET NAMES utf8 */;

--
-- Banco de dados: `adac`
--
CREATE DATABASE IF NOT EXISTS `adac` DEFAULT CHARACTER SET latin1 COLLATE latin1_swedish_ci;
USE `adac`;

-- --------------------------------------------------------

--
-- Estrutura para tabela `conceito`
--

DROP TABLE IF EXISTS `conceito`;
CREATE TABLE IF NOT EXISTS `conceito` (
  `cod_conceito` int(11) NOT NULL,
  `nm_conceito` varchar(255) DEFAULT NULL
) ENGINE=InnoDB AUTO_INCREMENT=29 DEFAULT CHARSET=utf8;

--
-- Fazendo dump de dados para tabela `conceito`
--

INSERT INTO `conceito` (`cod_conceito`, `nm_conceito`) VALUES
(1, 'Identificação do modelo'),
(2, 'Interpretação do enunciado'),
(3, 'Representação geométrica e linguagem natural das funções notáveis'),
(4, 'Representação geométrica e linguagem natural das cônicas'),
(5, 'Representação algébrica das funções notáveis\n\n'),
(6, 'Representação algébrica das cônicas\n\n'),
(8, 'Uso das derivadas'),
(9, 'Expressões algébricas (potenciação)\n\n'),
(10, 'Interpretação de resultado'),
(11, 'Cálculo das derivadas'),
(12, 'Conceito de variação; derivada primeira'),
(13, 'Conceito de valor'),
(16, 'Expressões algébricas (simplificação com frações)\n\n'),
(17, 'Característica de ponto crítico\n\n'),
(18, 'Interpretação de derivada segunda\n\n'),
(19, 'Expressões algébricas (propriedade distributiva da multiplicação)\n\n'),
(20, 'Expressões algébricas (ordem das operações)\n\n'),
(21, 'Expressões algébricas (frações algébricas)\n\n'),
(22, 'Expressões algébricas (radiciação)\n\n'),
(23, 'Expressões algébricas (polinômios)\n\n'),
(24, 'Equações polinomiais\n\n'),
(25, 'Equações não polinomiais\n\n'),
(26, 'Derivadas regra da cadeia'),
(27, 'Cálculo de limite\n\n'),
(28, 'Relação de dependência\n\n');

-- --------------------------------------------------------

--
-- Estrutura para tabela `item`
--

DROP TABLE IF EXISTS `item`;
CREATE TABLE IF NOT EXISTS `item` (
  `cod_resp` int(11) NOT NULL,
  `cod_item` int(11) NOT NULL,
  `txt_resp` text DEFAULT NULL,
  `img_resp` varchar(255) DEFAULT NULL,
  `cod_conceito` int(11) NOT NULL,
  `dom_conceito` float DEFAULT NULL,
  `certa_resp` tinyint(4) DEFAULT NULL,
  `prox_perg` int(11) DEFAULT NULL,
  `tipo_resp` varchar(4) NOT NULL,
  `contribuicao` float DEFAULT NULL
) ENGINE=InnoDB AUTO_INCREMENT=524 DEFAULT CHARSET=utf8;

--
-- Fazendo dump de dados para tabela `item`
--

INSERT INTO `item` (`cod_resp`, `cod_item`, `txt_resp`, `img_resp`, `cod_conceito`, `dom_conceito`, `certa_resp`, `prox_perg`, `tipo_resp`, `contribuicao`) VALUES
(1, 1, ' ', '985dc461f0e35d7db620315a66eb64ee.jpg', 1, NULL, 0, 2, '0001', NULL),
(2, 1, ' ', '5075dc4dc4fddcafafa51fa7718aca86.jpg', 1, NULL, 0, 2, '0001', NULL),
(3, 1, ' ', '9fd898067842b79a95486802652f9549.jpg', 1, NULL, 0, 2, '0001', NULL),
(4, 1, ' ', '5c18e3e9fa13b19a5b5c7f78dadb1bac.jpg', 1, NULL, 1, 3, '0001', NULL),
(5, 1, 'Entendo o problema, mas não sei qual é.\n\n', '', 1, NULL, 0, 4, '0001', NULL),
(6, 1, 'Não entendi o que pede.\n\n', '', 2, NULL, 0, 4, '0001', NULL),
(7, 2, 'da função linear\r\n\r\n', '', 4, NULL, 0, 6, '0001', NULL),
(8, 2, 'da função quadrática\r\n\r\n', '', 4, NULL, 0, 6, '0001', NULL),
(9, 2, 'da função cúbica\r\n\r\n', '', 4, NULL, 0, 6, '0001', NULL),
(10, 2, 'da função exponencial\r\n\r\n', '', 4, NULL, 0, 6, '0001', NULL),
(11, 2, 'da função raiz\r\n\r\n', '', 4, NULL, 0, 6, '0001', NULL),
(12, 2, 'do arco da circunferência ou arco da elipse\r\n\r\n', '', 4, NULL, 1, 5, '0001', NULL),
(13, 2, 'Não sei o nome da forma\r\n\r\n', '', 4, NULL, 0, 4, '0001', NULL),
(14, 3, 'da função linear\n\n', '', 3, NULL, 0, 6, '0001', NULL),
(15, 3, 'da função quadrática\n\n', '', 3, NULL, 1, 4, '0001', NULL),
(16, 3, 'da função cúbica', '', 3, NULL, 0, 6, '0001', NULL),
(17, 3, 'da função exponencial', '', 3, NULL, 0, 6, '0001', NULL),
(18, 3, 'da função raiz', '', 3, NULL, 0, 6, '0001', NULL),
(19, 3, 'de um segmento de arco', '', 3, NULL, 0, 6, '0001', NULL),
(20, 3, 'Não sei o nome da forma', '', 3, NULL, 0, 4, '0001', NULL),
(21, 4, ' ', '3ca09a0f90e27d23142902d5894e6bed.jpg', 28, NULL, 0, 8, '0001', NULL),
(22, 4, ' ', '9230f77b707b0fad146657f8e5dd7dc3.jpg', 5, NULL, 0, 8, '0001', NULL),
(23, 4, ' ', 'f99875064ef22ff5ea068a6b56f1fac1.jpg', 28, NULL, 0, 8, '0001', NULL),
(24, 4, ' ', 'a45b878c59a7a8418ac70697240b0597.jpg', 5, NULL, 0, 8, '0001', NULL),
(25, 4, ' ', '1e04097e9ff924e44bb127dfec2d8a97.jpg', 28, NULL, 0, 8, '0001', NULL),
(26, 4, ' ', '3c8cff8cee32dfc334d79ad99b487ac3.jpg', 5, NULL, 1, 8, '0001', NULL),
(27, 4, 'Não sei qual a representação', '', 5, NULL, 0, 8, '0001', NULL),
(28, 5, ' ', '4ccc017d39d522374282b1b27aac78a1.png', 6, NULL, 0, 6, '0001', NULL),
(29, 5, ' ', 'f24f00d9471814ee5990926cabb33261.png', 6, NULL, 0, 6, '0001', NULL),
(30, 5, ' ', '1c59aa2b2b4d32cca8a247ff87dd3435.png', 6, NULL, 0, 6, '0001', NULL),
(31, 5, '', '029071ad6da6e58eedf9fd37aebcc3a9.png', 6, NULL, 1, 8, '0001', NULL),
(32, 5, 'Não sei qual a função', '', 6, NULL, 0, 6, '0001', NULL),
(50, 6, 'Constante, cúbica, linear, logarítmica, exponencial, raiz, quadrática', '', 3, NULL, 0, 8, '0001', NULL),
(51, 6, 'Linear, cúbica, constante, logarítmica, raiz, exponencial, quadrática', '', 3, NULL, 0, 8, '0001', NULL),
(52, 6, 'Constante, cúbica, linear, raiz, logarítmica, exponencial, quadrática', '', 3, NULL, 1, 8, '0001', NULL),
(53, 6, 'Constante, cúbica, linear, raiz, exponencial, logarítmica, parabólica', '', 3, NULL, 0, 8, '0001', NULL),
(54, 6, 'Não sei todos os nomes', '', 3, NULL, 0, 8, '0001', NULL),
(56, 7, '46,75', '', 9, NULL, 0, 10, '0001', NULL),
(57, 7, '-1,416', '', 10, NULL, 0, 10, '0001', NULL),
(58, 7, '21,25', '', 9, NULL, 0, 10, '0001', NULL),
(59, 7, '1,416', '', 10, NULL, 0, 10, '0001', NULL),
(60, 7, 'Não é possível afirmar, pelo resultado calculado', '', 10, NULL, 1, 10, '0001', NULL),
(61, 7, 'Não entendi o que é pedido', '', 2, NULL, 0, 10, '0001', NULL),
(62, 7, 'Não sei fazer', '', 2, NULL, 0, 10, '0001', NULL),
(63, 8, 'A bola está descendo', '', 12, NULL, 0, 10, '0001', NULL),
(64, 8, 'A bola está a 18,75m do chão', '', 9, NULL, 0, 10, '0001', NULL),
(65, 8, 'A bola está a 5,25m do chão.', '', 13, NULL, 1, 7, '0001', NULL),
(66, 8, 'A bola está subindo.', '', 12, NULL, 0, 10, '0001', NULL),
(67, 8, 'Não entendi o que é pedido', '', 2, NULL, 0, 10, '0001', NULL),
(68, 8, 'Não sei fazer', '', 2, NULL, 0, 10, '0001', NULL),
(69, 9, 'subindo porque h(7,1) é positivo.', '', 13, NULL, 0, 12, '0001', NULL),
(70, 9, 'descendo porque h(7)-h(7,1) é negativo.\n\n', '', 12, NULL, 0, 12, '0001', NULL),
(71, 9, 'descendo porque h’(7,1) é negativo.\n\n', '', 11, NULL, 0, 12, '0001', NULL),
(72, 9, 'subindo porque h’(7,1) é positivo.\n\n', '', 11, NULL, 1, 12, '0001', NULL),
(73, 9, 'calcular h’(d).\n\n', '', 8, NULL, 0, 12, '0001', NULL),
(74, 9, 'Não está subindo nem descendo porque é ponto de máximo.', '', 17, NULL, 0, 12, '0001', NULL),
(75, 9, 'Não sei o que fazer.', '', 2, NULL, 0, 12, '0001', NULL),
(76, 10, ' ', '05e35924b77a7a04e88dd1a85eecc7c2.png', 16, NULL, 0, 11, '0001', NULL),
(77, 10, ' ', '82f9d374757e9cb89bc57eaf404e4aaa.png', 16, NULL, 0, 11, '0001', NULL),
(78, 10, ' ', '035506fe66c116e2407dbfdfe5393bb6.png', 16, NULL, 0, 11, '0001', NULL),
(79, 10, ' ', '77d63bb34d46f835c836bd82fa56b49a.png', 11, NULL, 1, 11, '0001', NULL),
(80, 10, 'Não sei calcular.', '', 11, NULL, 0, 11, '0001', NULL),
(81, 11, 'A bola está a uma altura de 0,15m', '', 13, NULL, 0, 12, '0001', NULL),
(82, 11, 'h’(7,1)<1, logo a bola está descendo.', '', 12, NULL, 0, 12, '0001', NULL),
(83, 11, 'A bola está subindo a 0,15 m/s.', '', 10, NULL, 0, 12, '0001', NULL),
(84, 11, 'A bola está subindo a 0,15 m para cada m de distância.\n', '', 12, NULL, 1, 9, '0001', NULL),
(85, 11, 'em 8,1m de distância a bola estará 0,15m mais alta que em 7,1m de distância.\n', '', 12, NULL, 0, 12, '0001', NULL),
(86, 11, 'Não tem cálculo a ser realizado', '', 12, NULL, 0, 12, '0001', NULL),
(87, 11, 'Não sei o significado.', '', 12, NULL, 0, 12, '0001', NULL),
(88, 12, 'Parábola e Seno', '', 3, NULL, 0, 13, '0001', NULL),
(89, 12, 'Parábola e Cosseno', '', 3, NULL, 0, 13, '0001', NULL),
(90, 12, 'Parábola e Cúbica', '', 3, NULL, 0, 13, '0001', NULL),
(91, 12, 'Quadrática e Cúbica', '', 3, NULL, 1, 13, '0001', NULL),
(92, 12, 'Quadrática e Seno', '', 3, NULL, 0, 13, '0001', NULL),
(93, 12, 'Não sei o nome de um dos gráficos', '', 3, NULL, 0, 14, '0001', NULL),
(94, 12, 'Não sei o nome dos gráficos', '', 3, NULL, 0, 14, '0001', NULL),
(95, 13, ' ', 'e8bdb52a301c2716ec69be37a3c0430a.png', 5, NULL, 0, 14, '0001', NULL),
(96, 13, ' ', '764a8cb20de8049a533cf6057a33deb9.png', 5, NULL, 0, 14, '0001', NULL),
(97, 13, ' ', '608bac4c800b40afbd0fc88d2ab449c2.png', 5, NULL, 0, 14, '0001', NULL),
(98, 13, ' ', '83da044d07a7ff0439f7ee37480c11e5.png', 5, NULL, 0, 14, '0001', NULL),
(99, 13, ' ', '3a1d0dfc77a9c0a058cd4da815cdec67.png', 5, NULL, 1, 14, '0001', NULL),
(100, 13, ' ', 'cbc9a5080eda07eaed364a7be1a616a2.png', 6, NULL, 0, 14, '0001', NULL),
(101, 13, 'Não sei qual o gráfico', '', 5, NULL, 0, 14, '0001', NULL),
(102, 13, 'Tenho dúvidas de qual é o gráfico', '', 5, NULL, 0, 14, '0001', NULL),
(103, 14, ' ', '4541a840ce29f351a1c18b7232f0d60c.png', 13, NULL, 0, 15, '0001', NULL),
(104, 14, ' ', '26b21abe9818c1d91ee683291fb1b3ea.png', 8, NULL, 1, 15, '0001', NULL),
(105, 14, ' ', '01c9d79378f271141949fc43e3c91b77.png', 13, NULL, 0, 15, '0001', NULL),
(106, 14, ' ', '973b92605d9d78963367e1ef1794c69e.png', 12, NULL, 0, 15, '0001', NULL),
(107, 14, 'Não sei qual a condição', '', 1, NULL, 0, 15, '0001', NULL),
(108, 14, 'Não entendi o que fazer', '', 2, NULL, 0, 15, '0001', NULL),
(109, 15, ' ', '6829dbda78064b364ce8ceec81be485e.png', 13, NULL, 0, 16, '0001', NULL),
(110, 15, ' ', '62d3460c7bc2b418c9cd10052e869232.png', 12, NULL, 0, 16, '0001', NULL),
(111, 15, ' ', 'a73847b2819dd5e00f3fd5bb94a88c29.png', 13, NULL, 0, 16, '0001', NULL),
(112, 15, ' ', '293456c4fb665954e6dc7a5ff97556ba.png', 12, NULL, 0, 16, '0001', NULL),
(113, 15, ' ', '3c9e24106616edbe205e6cd7f959ac0c.png', 13, NULL, 0, 16, '0001', NULL),
(114, 15, ' ', '3fcc40d2420948e70b35a718961b2ebb.png', 12, NULL, 0, 16, '0001', NULL),
(115, 15, ' ', '18257e09cc89a2697480ab0500990511.png', 13, NULL, 0, 16, '0001', NULL),
(116, 15, ' ', 'f5bbe974fa2f36c662a2421377965eff.png', 12, NULL, 1, 16, '0001', NULL),
(117, 16, ' ', '60070bb445eb6479784a36f3187fcadc.png', 16, NULL, 0, 17, '0001', NULL),
(118, 16, ' ', '802e196f5716268deac484d88315d04f.png', 16, NULL, 0, 17, '0001', NULL),
(119, 16, ' ', 'bae1c373b5625ab8954bb84ce545683a.png', 9, NULL, 0, 17, '0001', NULL),
(120, 16, ' ', 'fd350f606e479813068c74aedf73105f.png', 9, NULL, 0, 17, '0001', NULL),
(121, 16, ' ', '90d5af19f50c76d4c2d60f1cbfadcfd4.png', 11, NULL, 1, 17, '0001', NULL),
(122, 16, 'Não sei calcular.', '', 11, NULL, 0, 18, '0001', NULL),
(123, 16, 'enho dúvidas de qual solução está correta', '', 11, NULL, 0, 18, '0001', NULL),
(124, 15, 'Entendi, mas não sei o que fazer', '', 12, NULL, 0, 16, '0001', NULL),
(125, 15, 'Não entendi o que fazer', '', 2, NULL, 0, 16, '0001', NULL),
(126, 17, '6m', '', 2, NULL, 1, 18, '0001', NULL),
(127, 17, '21m', '', 13, NULL, 0, 18, '0001', NULL),
(128, 17, '23m', '', 9, NULL, 0, 18, '0001', NULL),
(129, 17, '10m', '', 10, NULL, 0, 18, '0001', NULL),
(130, 17, 'Não sei o que fazer', '', 2, NULL, 0, 18, '0001', NULL),
(131, 17, 'Não entendi o que fazer', '', 2, NULL, 0, 18, '0001', NULL),
(132, 18, ' ', 'f45a4a4ee600344f7c2cd342ff8068ac.png', 17, NULL, 0, 19, '0001', NULL),
(133, 18, ' ', 'df88c8a970acd33141222ef42f08f375.png', 17, NULL, 0, 19, '0001', NULL),
(134, 18, ' ', '0b52c19d849e55e6b54d3421b871302d.png', 17, NULL, 1, 19, '0001', NULL),
(135, 18, ' ', '524e3b5e3dd8b3bb42beef5a778e5d4f.png', 17, NULL, 0, 19, '0001', NULL),
(136, 18, ' ', 'ad465c02ae9b37d3e6b1645ee2c87b16.png', 17, NULL, 0, 19, '0001', NULL),
(137, 18, 'Não sei as características em a e b', '', 17, NULL, 0, 19, '0001', NULL),
(138, 18, 'Não sei o significado de f"(x)', '', 18, NULL, 0, 19, '0001', NULL),
(139, 19, 'x=A', '', 13, NULL, 0, 20, '0001', NULL),
(140, 19, 'x=B', '', 13, NULL, 0, 20, '0001', NULL),
(141, 19, 'x=C', '', 12, NULL, 1, 20, '0001', NULL),
(142, 19, 'x=D', '', 12, NULL, 0, 20, '0001', NULL),
(143, 19, 'x=E', '', 12, NULL, 0, 20, '0001', NULL),
(144, 19, 'Não sei qual a resposta', '', 12, NULL, 0, 98, '0001', NULL),
(145, 20, 'x=A', '', 18, NULL, 0, 21, '0001', NULL),
(146, 20, 'x=B', '', 12, NULL, 0, 21, '0001', NULL),
(147, 20, 'x=C', '', 12, NULL, 0, 21, '0001', NULL),
(148, 20, 'x=D', '', 12, NULL, 0, 21, '0001', NULL),
(149, 20, 'x=E', '', 18, NULL, 1, 21, '0001', NULL),
(150, 20, 'Nenhum ponto tem essa característica', '', 12, NULL, 0, 21, '0001', NULL),
(151, 20, 'Não sei qual o ponto', '', 12, NULL, 0, 98, '0001', NULL),
(152, 20, 'Não sei o significado de f’’(x)', '', 18, NULL, 0, 98, '0001', NULL),
(153, 21, 'x1', '', 11, NULL, 0, 98, '0001', NULL),
(154, 21, 'x2', '', 11, NULL, 0, 98, '0001', NULL),
(155, 21, 'x3', '', 11, NULL, 1, 98, '0001', NULL),
(156, 21, 'x4', '', 11, NULL, 0, 98, '0001', NULL),
(157, 21, 'x5', '', 11, NULL, 0, 98, '0001', NULL),
(158, 21, 'Nenhum dos pontos atendem as características', '', 11, NULL, 0, 98, '0001', NULL),
(159, 21, 'Não sei o que fazer', '', 2, NULL, 0, 98, '0001', NULL),
(160, 23, 'Verdadeira', '', 26, NULL, 0, 25, '0001', NULL),
(161, 23, 'Falsa', '', 26, NULL, 1, 24, '0001', NULL),
(162, 23, 'Não tenho certeza', '', 11, NULL, 0, 25, '0001', NULL),
(163, 23, 'Não sei fazer', '', 11, NULL, 0, 25, '0001', NULL),
(164, 24, 'Verdadeira', '', 26, NULL, 1, 26, '0001', NULL),
(165, 24, 'Falsa', '', 26, NULL, 0, 25, '0001', NULL),
(166, 24, 'Não tenho certeza', '', 11, NULL, 0, 25, '0001', NULL),
(167, 24, 'Não sei', '', 11, NULL, 0, 25, '0001', NULL),
(168, 25, 'Verdadeira', '', 26, NULL, 0, 27, '0001', NULL),
(169, 25, 'Falsa', '', 26, NULL, 1, 26, '0001', NULL),
(170, 25, 'Não tenho certeza', '', 11, NULL, 0, 27, '0001', NULL),
(171, 25, 'Não sei fazer', '', 11, NULL, 0, 27, '0001', NULL),
(172, 26, 'Verdadeira', '', 26, NULL, 1, 55, '0001', NULL),
(173, 26, 'Falsa', '', 26, NULL, 0, 27, '0001', NULL),
(174, 26, 'Não tenho certeza', '', 26, NULL, 0, 27, '0001', NULL),
(175, 26, 'Não sei', '', 26, NULL, 0, 27, '0001', NULL),
(176, 27, 'Verdadeira', '', 26, NULL, 0, 0, '0001', NULL),
(177, 27, 'Falsa', '', 26, NULL, 1, 55, '0001', NULL),
(178, 27, 'Não tenho certeza', '', 26, NULL, 0, 0, '0001', NULL),
(179, 27, 'Não sei', '', 26, NULL, 0, 0, '0001', NULL),
(180, 28, 'Verdadeira', '', 20, NULL, 0, 30, '0001', NULL),
(181, 28, 'Falsa', '', 20, NULL, 1, 29, '0001', NULL),
(182, 28, 'Não tenho certeza', '', 20, NULL, 0, 29, '0001', NULL),
(183, 28, 'Não sei', '', 20, NULL, 0, 29, '0001', NULL),
(184, 29, 'Verdadeira', '', 20, NULL, 0, 33, '0001', NULL),
(185, 29, 'Falsa', '', 20, NULL, 1, 32, '0001', NULL),
(186, 29, 'Não tenho certeza', '', 20, NULL, 0, 32, '0001', NULL),
(187, 29, 'Não sei', '', 20, NULL, 0, 32, '0001', NULL),
(188, 30, 'Verdadeira', '', 20, NULL, 0, 31, '0001', NULL),
(189, 30, 'Falsa', '', 20, NULL, 1, 33, '0001', NULL),
(190, 30, 'Não tenho certeza', '', 20, NULL, 0, 29, '0001', NULL),
(191, 30, 'Não sei', '', 20, NULL, 0, 29, '0001', NULL),
(192, 31, 'Verdadeira', '', 20, NULL, 0, 33, '0001', NULL),
(193, 31, 'Falsa', '', 20, NULL, 1, 33, '0001', NULL),
(194, 31, 'Não tenho certeza', '', 20, NULL, 0, 33, '0001', NULL),
(195, 31, 'Não sei', '', 20, NULL, 0, 33, '0001', NULL),
(196, 32, 'Verdadeira', '', 20, NULL, 0, 33, '0001', NULL),
(197, 32, 'Falsa', '', 20, NULL, 1, 33, '0001', NULL),
(198, 32, 'Não tenho certeza', '', 20, NULL, 0, 33, '0001', NULL),
(199, 32, 'Não sei', '', 20, NULL, 0, 33, '0001', NULL),
(200, 33, 'Verdadeira', '', 19, NULL, 0, 34, '0001', NULL),
(201, 33, 'Falsa', '', 19, NULL, 1, 35, '0001', NULL),
(202, 33, 'Não tenho certeza', '', 19, NULL, 0, 35, '0001', NULL),
(203, 33, 'Não sei', '', 19, NULL, 0, 0, '0001', NULL),
(204, 34, 'Verdadeira', '', 19, NULL, 1, 36, '0001', NULL),
(205, 34, 'Falsa', '', 19, NULL, 0, 38, '0001', NULL),
(206, 34, 'Não tenho certeza', '', 19, NULL, 0, 35, '0001', NULL),
(207, 34, 'Não sei', '', 19, NULL, 0, 35, '0001', NULL),
(208, 35, 'Verdadeira', '', 19, NULL, 0, 38, '0001', NULL),
(209, 35, 'Falsa', '', 19, NULL, 1, 37, '0001', NULL),
(210, 35, 'Não tenho certeza', '', 19, NULL, 0, 37, '0001', NULL),
(211, 35, 'Não sei', '', 19, NULL, 0, 37, '0001', NULL),
(212, 36, 'Verdadeira', '', 19, NULL, 0, 38, '0001', NULL),
(213, 36, 'Falsa', '', 19, NULL, 1, 38, '0001', NULL),
(214, 36, 'Não tenho certeza', '', 19, NULL, 0, 38, '0001', NULL),
(215, 36, 'Não sei', '', 19, NULL, 0, 38, '0001', NULL),
(216, 37, 'Verdadeira', '', 19, NULL, 1, 38, '0001', NULL),
(217, 37, 'Falsa', '', 19, NULL, 0, 38, '0001', NULL),
(218, 37, 'Não tenho certeza', '', 19, NULL, 0, 38, '0001', NULL),
(219, 37, 'Não sei', '', 19, NULL, 0, 38, '0001', NULL),
(220, 38, 'Verdadeira', '', 16, NULL, 0, 39, '0001', NULL),
(221, 38, 'Falsa', '', 16, NULL, 1, 40, '0001', NULL),
(222, 38, 'Não tenho certeza', '', 16, NULL, 0, 40, '0001', NULL),
(223, 38, 'Não sei', '', 16, NULL, 0, 40, '0001', NULL),
(224, 39, 'Verdadeira', '', 16, NULL, 1, 41, '0001', NULL),
(225, 39, 'Falsa', '', 16, NULL, 0, 43, '0001', NULL),
(226, 39, 'Não tenho certeza', '', 16, NULL, 0, 41, '0001', NULL),
(227, 39, 'Não sei', '', 16, NULL, 0, 41, '0001', NULL),
(228, 40, 'Verdadeira', '', 16, NULL, 0, 43, '0001', NULL),
(229, 40, 'Falsa', '', 16, NULL, 1, 42, '0001', NULL),
(230, 40, 'Não tenho certeza', '', 16, NULL, 0, 42, '0001', NULL),
(231, 40, 'Não sei', '', 16, NULL, 0, 42, '0001', NULL),
(232, 41, 'Verdadeira', '', 16, NULL, 0, 43, '0001', NULL),
(233, 41, 'Falsa', '', 16, NULL, 1, 43, '0001', NULL),
(234, 41, 'Não tenho certeza', '', 16, NULL, 0, 43, '0001', NULL),
(235, 41, 'Não sei', '', 16, NULL, 0, 43, '0001', NULL),
(236, 42, 'Verdadeira', '', 16, NULL, 1, 43, '0001', NULL),
(237, 42, 'Falsa', '', 16, NULL, 0, 43, '0001', NULL),
(238, 42, 'Não tenho certeza', '', 16, NULL, 0, 43, '0001', NULL),
(239, 42, 'Não sei', '', 16, NULL, 0, 43, '0001', NULL),
(240, 43, 'Verdadeira', '', 21, NULL, 0, 44, '0001', NULL),
(241, 43, 'Falsa', '', 21, NULL, 1, 45, '0001', NULL),
(242, 43, 'Não tenho certeza', '', 21, NULL, 0, 45, '0001', NULL),
(243, 43, 'Não sei', '', 21, NULL, 0, 45, '0001', NULL),
(244, 44, 'Verdadeira', '', 21, NULL, 1, 46, '0001', NULL),
(245, 44, 'Falsa', '', 21, NULL, 0, 48, '0001', NULL),
(246, 44, 'Não tenho certeza', '', 21, NULL, 0, 45, '0001', NULL),
(247, 44, 'Não sei', '', 21, NULL, 0, 45, '0001', NULL),
(248, 45, 'Verdadeira', '', 21, NULL, 0, 47, '0001', NULL),
(249, 45, 'Falsa', '', 21, NULL, 1, 48, '0001', NULL),
(250, 45, 'Não tenho certeza', '', 21, NULL, 0, 47, '0001', NULL),
(251, 45, 'Não sei', '', 21, NULL, 0, 47, '0001', NULL),
(252, 46, 'Verdadeira', '', 21, NULL, 0, 48, '0001', NULL),
(253, 46, 'Falsa', '', 21, NULL, 1, 48, '0001', NULL),
(254, 46, 'Não tenho certeza', '', 21, NULL, 0, 48, '0001', NULL),
(255, 46, 'Não sei', '', 21, NULL, 0, 48, '0001', NULL),
(256, 47, 'Veradeira', '', 21, NULL, 1, 48, '0001', NULL),
(257, 47, 'Falsa', '', 21, NULL, 0, 48, '0001', NULL),
(258, 47, 'Não tenho certeza', '', 21, NULL, 0, 48, '0001', NULL),
(259, 47, 'Não sei', '', 21, NULL, 0, 48, '0001', NULL),
(260, 48, 'Verdadeira', '', 25, NULL, 0, 49, '0001', NULL),
(261, 48, 'Falsa', '', 25, NULL, 1, 49, '0001', NULL),
(262, 48, 'Não tenho certeza', '', 25, NULL, 0, 49, '0001', NULL),
(263, 48, 'Não sei', '', 25, NULL, 0, 49, '0001', NULL),
(264, 49, 'Verdadeira', '', 25, NULL, 1, 51, '0001', NULL),
(265, 49, 'Falsa', '', 25, NULL, 0, 50, '0001', NULL),
(266, 49, 'Não tenho certeza', '', 25, NULL, 0, 50, '0001', NULL),
(267, 49, 'Não sei', '', 25, NULL, 0, 50, '0001', NULL),
(268, 50, 'Verdadeira', '', 25, NULL, 0, 52, '0001', NULL),
(269, 50, 'Falsa', '', 25, NULL, 1, 52, '0001', NULL),
(270, 50, 'Não tenho certeza', '', 25, NULL, 0, 52, '0001', NULL),
(271, 50, 'Não sei', '', 25, NULL, 0, 52, '0001', NULL),
(272, 51, 'Verdadeira', '', 25, NULL, 1, 53, '0001', NULL),
(273, 51, 'Falsa', '', 25, NULL, 0, 50, '0001', NULL),
(274, 51, 'Não tenho certeza', '', 25, NULL, 0, 50, '0001', NULL),
(275, 51, 'Não sei', '', 25, NULL, 0, 50, '0001', NULL),
(276, 52, 'Verdadeira', '', 25, NULL, 0, 53, '0001', NULL),
(277, 52, 'Falsa', '', 25, NULL, 1, 53, '0001', NULL),
(278, 52, 'Não tenho certeza', '', 25, NULL, 0, 53, '0001', NULL),
(279, 52, 'Não sei', '', 25, NULL, 0, 53, '0001', NULL),
(280, 53, 'Verdadeira', '', 25, NULL, 1, 0, '0001', NULL),
(281, 53, 'Falsa', '', 25, NULL, 0, 0, '0001', NULL),
(282, 53, 'Não tenho certeza', '', 25, NULL, 0, 0, '0001', NULL),
(283, 53, 'Não sei', '', 25, NULL, 0, 0, '0001', NULL),
(284, 54, 'Você receberá um e-mail com as dificuldades identificadas.', '', 27, NULL, 1, 0, '0001', NULL),
(286, 55, 'Verdadeira', '', 26, NULL, 1, 0, '0001', NULL),
(287, 55, 'Falsa', '', 26, NULL, 0, 0, '0001', NULL),
(288, 55, 'Não tenho certeza', '', 26, NULL, 0, 0, '0001', NULL),
(289, 55, 'Não sei', '', 26, NULL, 0, 0, '0001', NULL),
(290, 56, 'Verdadeira', '', 20, NULL, 0, 58, '0001', NULL),
(291, 56, 'Falsa', '', 20, NULL, 1, 57, '0001', NULL),
(292, 56, 'Não tenho certeza', '', 20, NULL, 0, 58, '0001', NULL),
(293, 56, 'Não sei', '', 20, NULL, 0, 58, '0001', NULL),
(294, 57, 'Verdadeira', '', 20, NULL, 1, 59, '0001', NULL),
(295, 57, 'Falsa', '', 20, NULL, 0, 58, '0001', NULL),
(296, 57, 'Não tenho certeza', '', 20, NULL, 0, 58, '0001', NULL),
(297, 57, 'Não sei', '', 20, NULL, 0, 58, '0001', NULL),
(298, 58, 'Verdadeira', '', 20, NULL, 0, 60, '0001', NULL),
(299, 58, 'Falsa', '', 20, NULL, 1, 59, '0001', NULL),
(300, 58, 'Não tenho certeza', '', 20, NULL, 0, 60, '0001', NULL),
(301, 58, 'Não sei', '', 20, NULL, 0, 60, '0001', NULL),
(302, 59, 'Verdadeira', '', 20, NULL, 1, 61, '0001', NULL),
(303, 59, 'Falsa', '', 20, NULL, 0, 60, '0001', NULL),
(304, 59, 'Não tenho certeza', '', 20, NULL, 0, 60, '0001', NULL),
(305, 59, 'Não sei', '', 20, NULL, 0, 60, '0001', NULL),
(306, 60, 'Verdadeira', '', 20, NULL, 0, 62, '0001', NULL),
(307, 60, 'Falsa', '', 20, NULL, 1, 61, '0001', NULL),
(308, 60, 'Não tenho certeza', '', 20, NULL, 0, 62, '0001', NULL),
(309, 60, 'Não sei', '', 20, NULL, 0, 62, '0001', NULL),
(310, 61, 'Verdadeira', '', 20, NULL, 1, 62, '0001', NULL),
(311, 61, 'Falsa', '', 20, NULL, 0, 62, '0001', NULL),
(312, 61, 'Não tenho certeza', '', 20, NULL, 0, 62, '0001', NULL),
(313, 61, 'Não sei', '', 20, NULL, 0, 62, '0001', NULL),
(314, 62, 'Verdadeira', '', 19, NULL, 0, 64, '0001', NULL),
(315, 62, 'Falsa', '', 19, NULL, 1, 63, '0001', NULL),
(316, 62, 'Não tenho certeza', '', 19, NULL, 0, 64, '0001', NULL),
(317, 62, 'Não sei', '', 19, NULL, 0, 64, '0001', NULL),
(318, 63, 'Verdadeira', '', 19, NULL, 1, 65, '0001', NULL),
(319, 63, 'Falsa', '', 19, NULL, 0, 64, '0001', NULL),
(320, 63, 'Não tenho certeza', '', 19, NULL, 0, 64, '0001', NULL),
(321, 63, 'Não sei', '', 19, NULL, 0, 64, '0001', NULL),
(322, 64, 'Verdadeira', '', 19, NULL, 0, 66, '0001', NULL),
(323, 64, 'Falsa', '', 19, NULL, 1, 65, '0001', NULL),
(324, 64, 'Não tenho certeza', '', 19, NULL, 0, 66, '0001', NULL),
(325, 64, 'Não sei', '', 19, NULL, 0, 66, '0001', NULL),
(326, 65, 'Verdadeira', '', 19, NULL, 1, 67, '0001', NULL),
(327, 65, 'Falsa', '', 19, NULL, 0, 66, '0001', NULL),
(328, 65, 'Não tenho certeza', '', 19, NULL, 0, 66, '0001', NULL),
(329, 65, 'Não sei', '', 19, NULL, 0, 66, '0001', NULL),
(330, 66, 'Verdadeira', '', 19, NULL, 0, 68, '0001', NULL),
(331, 66, 'Falsa', '', 19, NULL, 1, 67, '0001', NULL),
(332, 66, 'Não tenho certeza', '', 19, NULL, 0, 68, '0001', NULL),
(333, 66, 'Não sei', '', 19, NULL, 0, 68, '0001', NULL),
(334, 67, 'Verdadeira', '', 19, NULL, 1, 68, '0001', NULL),
(335, 67, 'Falsa', '', 19, NULL, 0, 68, '0001', NULL),
(336, 67, 'Não tenho certeza', '', 19, NULL, 0, 68, '0001', NULL),
(337, 67, 'Não sei', '', 19, NULL, 0, 68, '0001', NULL),
(338, 68, 'Verdadeira', '', 16, NULL, 0, 70, '0001', NULL),
(339, 68, 'Falsa', '', 16, NULL, 1, 69, '0001', NULL),
(340, 68, 'Não tenho certeza', '', 16, NULL, 0, 70, '0001', NULL),
(341, 68, 'Não sei', '', 16, NULL, 0, 70, '0001', NULL),
(342, 69, 'Verdadeira', '', 16, NULL, 1, 71, '0001', NULL),
(343, 69, 'Falsa', '', 16, NULL, 0, 70, '0001', NULL),
(344, 69, 'Não tenho certeza', '', 16, NULL, 0, 70, '0001', NULL),
(345, 69, 'Não sei', '', 16, NULL, 0, 70, '0001', NULL),
(346, 70, 'Verdadeira', '', 16, NULL, 0, 72, '0001', NULL),
(347, 70, 'Falsa', '', 16, NULL, 1, 71, '0001', NULL),
(348, 70, 'Não tenho certeza', '', 16, NULL, 0, 72, '0001', NULL),
(349, 70, 'Não sei', '', 16, NULL, 0, 72, '0001', NULL),
(350, 71, 'Verdadeira', '', 16, NULL, 1, 73, '0001', NULL),
(351, 71, 'Falsa', '', 16, NULL, 0, 72, '0001', NULL),
(352, 71, 'Não tenho certeza', '', 16, NULL, 0, 72, '0001', NULL),
(353, 71, 'Não sei', '', 16, NULL, 0, 72, '0001', NULL),
(354, 72, 'Verdadeira', '', 16, NULL, 0, 74, '0001', NULL),
(355, 72, 'Falsa', '', 16, NULL, 1, 73, '0001', NULL),
(356, 72, 'Não tenho certeza', '', 16, NULL, 0, 74, '0001', NULL),
(357, 72, 'Não sei', '', 16, NULL, 0, 74, '0001', NULL),
(358, 73, 'Verdadeira', '', 16, NULL, 1, 74, '0001', NULL),
(359, 73, 'Falsa', '', 16, NULL, 0, 74, '0001', NULL),
(360, 73, 'Não tenho certeza', '', 16, NULL, 0, 74, '0001', NULL),
(361, 73, 'Não sei', '', 16, NULL, 0, 74, '0001', NULL),
(362, 74, 'Verdadeira', '', 21, NULL, 0, 76, '0001', NULL),
(363, 74, 'Falsa', '', 21, NULL, 1, 75, '0001', NULL),
(364, 74, 'Não tenho certeza', '', 21, NULL, 0, 76, '0001', NULL),
(365, 74, 'Não sei', '', 21, NULL, 0, 76, '0001', NULL),
(366, 75, 'Verdadeira', '', 21, NULL, 1, 77, '0001', NULL),
(367, 75, 'Falsa', '', 21, NULL, 0, 76, '0001', NULL),
(368, 75, 'Não tenho certeza', '', 21, NULL, 0, 76, '0001', NULL),
(369, 75, 'Não sei', '', 21, NULL, 0, 76, '0001', NULL),
(370, 76, 'Verdadeira', '', 21, NULL, 0, 78, '0001', NULL),
(371, 76, 'Falsa', '', 21, NULL, 1, 77, '0001', NULL),
(372, 76, 'Não tenho certeza', '', 21, NULL, 0, 78, '0001', NULL),
(373, 76, 'Não sei', '', 21, NULL, 0, 78, '0001', NULL),
(374, 77, 'Verdadeira', '', 21, NULL, 1, 79, '0001', NULL),
(375, 77, 'Falsa', '', 21, NULL, 0, 78, '0001', NULL),
(376, 77, 'Não tenho certeza', '', 21, NULL, 0, 78, '0001', NULL),
(377, 77, 'Não sei', '', 21, NULL, 0, 78, '0001', NULL),
(378, 78, 'Verdadeira', '', 21, NULL, 0, 80, '0001', NULL),
(379, 78, 'Falsa', '', 21, NULL, 1, 79, '0001', NULL),
(380, 78, 'Não tenho certeza', '', 21, NULL, 0, 80, '0001', NULL),
(381, 78, 'Não sei', '', 21, NULL, 0, 80, '0001', NULL),
(382, 79, 'Verdadeira', '', 21, NULL, 1, 80, '0001', NULL),
(383, 79, 'Falsa', '', 21, NULL, 0, 80, '0001', NULL),
(384, 79, 'Não tenho certeza', '', 21, NULL, 0, 80, '0001', NULL),
(385, 79, 'Não sei', '', 21, NULL, 0, 80, '0001', NULL),
(386, 80, 'Verdadeira', '', 25, NULL, 0, 82, '0001', NULL),
(387, 80, 'Falsa', '', 25, NULL, 1, 81, '0001', NULL),
(388, 80, 'Não tenho certeza', '', 25, NULL, 0, 82, '0001', NULL),
(389, 80, 'Não sei', '', 25, NULL, 0, 82, '0001', NULL),
(390, 81, 'Verdadeira', '', 25, NULL, 1, 83, '0001', NULL),
(391, 81, 'Falsa', '', 25, NULL, 0, 82, '0001', NULL),
(392, 81, 'Não tenho certeza', '', 25, NULL, 0, 82, '0001', NULL),
(393, 81, 'Não sei', '', 25, NULL, 0, 82, '0001', NULL),
(394, 82, 'Verdadeira', '', 25, NULL, 0, 84, '0001', NULL),
(395, 82, 'Falsa', '', 25, NULL, 1, 83, '0001', NULL),
(396, 82, 'Não tenho certeza', '', 25, NULL, 0, 84, '0001', NULL),
(397, 82, 'Não sei', '', 25, NULL, 0, 84, '0001', NULL),
(398, 83, 'Verdadeira', '', 25, NULL, 1, 85, '0001', NULL),
(399, 83, 'Falsa', '', 25, NULL, 0, 84, '0001', NULL),
(400, 83, 'Não tenho certeza', '', 25, NULL, 0, 84, '0001', NULL),
(401, 83, 'Não sei', '', 25, NULL, 0, 84, '0001', NULL),
(402, 84, 'Verdadeira', '', 25, NULL, 0, 86, '0001', NULL),
(403, 84, 'Falsa', '', 25, NULL, 1, 85, '0001', NULL),
(404, 84, 'Não tenho certeza', '', 25, NULL, 0, 86, '0001', NULL),
(405, 84, 'Não sei', '', 25, NULL, 0, 86, '0001', NULL),
(406, 85, 'Verdadeira', '', 25, NULL, 1, 86, '0001', NULL),
(407, 85, 'Falsa', '', 25, NULL, 0, 86, '0001', NULL),
(408, 85, 'Não tenho certeza', '', 25, NULL, 0, 86, '0001', NULL),
(409, 85, 'Não sei', '', 25, NULL, 0, 86, '0001', NULL),
(410, 86, 'Verdadeira', '', 22, NULL, 0, 88, '0001', NULL),
(411, 86, 'Falsa', '', 22, NULL, 1, 87, '0001', NULL),
(412, 86, 'Não tenho certeza', '', 22, NULL, 0, 88, '0001', NULL),
(413, 86, 'Não sei', '', 22, NULL, 0, 88, '0001', NULL),
(414, 87, 'Verdadeira', '', 22, NULL, 1, 89, '0001', NULL),
(415, 87, 'Falsa', '', 22, NULL, 0, 88, '0001', NULL),
(416, 87, 'Não tenho certeza', '', 22, NULL, 0, 88, '0001', NULL),
(417, 87, 'Não sei', '', 22, NULL, 0, 88, '0001', NULL),
(418, 88, 'Verdadeira', '', 22, NULL, 0, 90, '0001', NULL),
(419, 88, 'Falsa', '', 22, NULL, 1, 89, '0001', NULL),
(420, 88, 'Não tenho certeza', '', 22, NULL, 0, 90, '0001', NULL),
(421, 88, 'Não sei', '', 22, NULL, 0, 90, '0001', NULL),
(422, 89, 'Verdadeira', '', 22, NULL, 1, 91, '0001', NULL),
(423, 89, 'Falsa', '', 22, NULL, 0, 90, '0001', NULL),
(424, 89, 'Não tenho certeza', '', 22, NULL, 0, 90, '0001', NULL),
(425, 89, 'Não sei', '', 22, NULL, 0, 90, '0001', NULL),
(426, 90, 'Verdadeira', '', 22, NULL, 0, 92, '0001', NULL),
(427, 90, 'Falsa', '', 22, NULL, 1, 91, '0001', NULL),
(428, 90, 'Não tenho certeza', '', 22, NULL, 0, 92, '0001', NULL),
(429, 90, 'Não sei', '', 22, NULL, 0, 92, '0001', NULL),
(430, 91, 'Verdadeira', '', 22, NULL, 1, 92, '0001', NULL),
(431, 91, 'Falso', '', 22, NULL, 0, 92, '0001', NULL),
(432, 91, 'Não tenho certeza', '', 22, NULL, 0, 92, '0001', NULL),
(433, 91, 'Não sei', '', 22, NULL, 0, 92, '0001', NULL),
(434, 92, 'Verdadeira', '', 9, NULL, 0, 94, '0001', NULL),
(435, 92, 'Falsa', '', 9, NULL, 1, 93, '0001', NULL),
(436, 92, 'Não tenho certeza', '', 9, NULL, 0, 94, '0001', NULL),
(437, 92, 'Não sei', '', 9, NULL, 0, 94, '0001', NULL),
(438, 93, 'Verdadeira', '', 9, NULL, 1, 95, '0001', NULL),
(439, 93, 'Falsa', '', 9, NULL, 0, 94, '0001', NULL),
(440, 93, 'Não tenho certeza', '', 9, NULL, 0, 94, '0001', NULL),
(441, 93, 'Não sei', '', 9, NULL, 0, 94, '0001', NULL),
(442, 94, 'Verdadeira', '', 9, NULL, 0, 96, '0001', NULL),
(443, 94, 'Falsa', '', 9, NULL, 1, 95, '0001', NULL),
(444, 94, 'Não tenho certeza', '', 9, NULL, 0, 96, '0001', NULL),
(445, 94, 'Não sei', '', 9, NULL, 0, 96, '0001', NULL),
(446, 95, 'Verdadeira', '', 9, NULL, 1, 97, '0001', NULL),
(447, 95, 'Falsa', '', 9, NULL, 0, 96, '0001', NULL),
(448, 95, 'Não tenho certeza', '', 9, NULL, 0, 96, '0001', NULL),
(449, 95, 'Não sei', '', 9, NULL, 0, 96, '0001', NULL),
(450, 96, 'Verdadeira', '', 9, NULL, 0, 0, '0001', NULL),
(451, 96, 'Falsa', '', 9, NULL, 1, 97, '0001', NULL),
(452, 96, 'Não tenho certeza', '', 9, NULL, 0, 0, '0001', NULL),
(453, 96, 'Não sei', '', 9, NULL, 0, 0, '0001', NULL),
(454, 97, 'Verdadeira', '', 9, NULL, 1, 0, '0001', NULL),
(455, 97, 'Falsa', '', 9, NULL, 0, 0, '0001', NULL),
(456, 97, 'Não tenho certeza', '', 9, NULL, 0, 0, '0001', NULL),
(457, 97, 'Não sei', '', 8, NULL, 0, 0, '0001', NULL),
(458, 98, '  ', '643b78e4096334a885bb03613c60f46f.png', 1, NULL, 0, 99, '0001', NULL),
(459, 98, '  ', '60af599e9b5f24e03fc03c14f77f544a.png', 28, NULL, 0, 102, '0001', NULL),
(460, 98, ' ', '05e46db14f8a8a9fc8bc2b35e88ad746.png', 1, NULL, 1, 100, '0001', NULL),
(461, 98, '  ', '15e7ac80cf7bc2c7ed4e212e2187e7fa.png', 28, NULL, 0, 102, '0001', NULL),
(462, 98, '  ', 'b5e3b0a4b6b72aa643e503e0cc5082b1.png', 28, NULL, 0, 102, '0001', NULL),
(463, 98, '  ', '888fae043e264ff81c98514358afda5b.png', 1, NULL, 0, 101, '0001', NULL),
(464, 98, 'Tenho dúvidas de qual é o gráfico\n', '', 1, NULL, 0, 102, '0001', NULL),
(465, 98, 'Não sei qual o gráfico', '', 1, NULL, 0, 102, '0001', NULL),
(466, 99, 'da função linear até um ponto e depois uma função constante', '', 3, NULL, 1, 102, '0001', NULL),
(467, 99, 'da função quadrática', '', 3, NULL, 0, 102, '0001', NULL),
(468, 99, 'da função exponencial', '', 3, NULL, 0, 100, '0001', NULL),
(469, 99, 'da função raiz', '', 3, NULL, 0, 102, '0001', NULL),
(470, 99, 'da função logarítmica', '', 3, NULL, 0, 102, '0001', NULL),
(471, 99, 'Não sei', '', 3, NULL, 0, 102, '0001', NULL),
(472, 100, 'da função quadrática\n\n', '', 3, NULL, 0, 102, '0001', NULL),
(473, 100, 'da função exponencial', '', 3, NULL, 1, 102, '0001', NULL),
(474, 100, 'da função raiz', '', 3, NULL, 0, 102, '0001', NULL),
(475, 100, 'da função logarítmica', '', 3, NULL, 0, 102, '0001', NULL),
(476, 100, 'Não sei', '', 3, NULL, 0, 102, '0001', NULL),
(477, 101, 'da função quadrática', '', 3, NULL, 0, 102, '0001', NULL),
(478, 101, 'da função exponencial', '', 3, NULL, 0, 102, '0001', NULL),
(479, 101, 'da função raiz', '', 3, NULL, 0, 102, '0001', NULL),
(480, 101, 'da função logarítmica', '', 3, NULL, 1, 102, '0001', NULL),
(481, 101, 'Não sei', '', 3, NULL, 0, 102, '0001', NULL),
(482, 102, ' ', 'd6fb26216d27418b838dd5ad8c809c7c.png', 5, NULL, 0, 103, '0001', NULL),
(483, 102, ' ', '8c07884a2e15915fb6316fa9676a79ce.png', 28, NULL, 0, 103, '0001', NULL),
(484, 102, ' ', '5829e4cb9dd41cdb104506230c409a1c.png', 5, NULL, 1, 103, '0001', NULL),
(485, 102, ' ', 'b177e238775745322f90a702d8a84b5d.png', 28, NULL, 0, 103, '0001', NULL),
(486, 102, ' ', '077edb34dd3ca9fc2e22686864c2f61c.png', 5, NULL, 0, 103, '0001', NULL),
(487, 102, ' ', '1b0a7ec51fbf331d36aa19ad97e91441.png', 28, NULL, 0, 103, '0001', NULL),
(489, 102, 'Não sei qual a função', '', 5, NULL, 0, 103, '0001', NULL),
(490, 103, '8,60', '', 25, NULL, 0, 104, '0001', NULL),
(491, 103, '13,15', '', 25, NULL, 1, 104, '0001', NULL),
(492, 103, '4', '', 11, NULL, 0, 104, '0001', NULL),
(493, 103, 'Não entendi o que é pedido', '', 2, NULL, 0, 104, '0001', NULL),
(494, 103, 'Não sei calcular.', '', 25, NULL, 0, 104, '0001', NULL),
(495, 104, 'T = -5', '', 27, NULL, 0, 106, '0001', NULL),
(496, 104, 'T = 0', '', 27, NULL, 0, 106, '0001', NULL),
(497, 104, 'T = 20', '', 27, NULL, 1, 105, '0001', NULL),
(498, 104, 'T = 25', '', 27, NULL, 0, 106, '0001', NULL),
(499, 104, 'T diverge para ∞', '', 27, NULL, 0, 106, '0001', NULL),
(500, 104, 'Não entendi o que é pedido', '', 2, NULL, 0, 106, '0001', NULL),
(501, 104, 'Não sei calcular.', '', 27, NULL, 0, 106, '0001', NULL),
(502, 105, ' ', '51589a5d3bae5e1b9e202c7944b912f0.png', 11, NULL, 0, 107, '0001', NULL),
(503, 105, ' ', '72390a3245969e8a05b1e388f209d2b4.png', 27, NULL, 1, 107, '0001', NULL),
(504, 105, ' ', 'da3c7e36c935a92385c47c5f0a8420e0.png', 11, NULL, 0, 107, '0001', NULL),
(505, 105, ' ', '3c1a3d80093fcdf72fab6d51a9eddeb6.png', 11, NULL, 0, 107, '0001', NULL),
(506, 105, 'Não entendi o que é pedido', '', 2, NULL, 0, 106, '0001', NULL),
(507, 105, 'Não sei calcular.', '', 27, NULL, 0, 106, '0001', NULL),
(508, 106, 'A solução está aquecendo a 1,4°C/min\n\n', '', 11, NULL, 1, 23, '0001', NULL),
(509, 106, 'A solução está aquecendo a -5°C/min\r\n\r\n', '', 11, NULL, 0, 23, '0001', NULL),
(510, 106, 'A solução está aquecendo a -0,3°C/min\n\n', '', 20, NULL, 0, 23, '0001', NULL),
(511, 106, 'A temperatura da solução está variando A 25°C/min\n\n', '', 11, NULL, 0, 23, '0001', NULL),
(512, 106, 'Não entendi o que é pedido\n\n', '', 2, NULL, 0, 23, '0001', NULL),
(513, 106, 'Não sei calcular.', '', 11, NULL, 0, 23, '0001', NULL),
(514, 107, 'A temperatura da solução está constante em 0\n\n', '', 12, NULL, 0, 106, '0001', NULL),
(515, 107, 'A temperatura da solução está constante em 20°C\n\n', '', 12, NULL, 1, 106, '0001', NULL),
(516, 107, 'A temperatura da solução está constante em 25°C\n\n', '', 12, NULL, 0, 106, '0001', NULL),
(517, 107, 'O limite para t tendendo ao infinito não pode ser 0', '', 12, NULL, 0, 106, '0001', NULL),
(518, 107, 'A variação da temperatura da solução está aumentando de maneira constante\n\n', '', 12, NULL, 0, 23, '0001', NULL),
(519, 107, 'Não entendi o que é pedido', '', 2, NULL, 0, 23, '0001', NULL),
(520, 107, 'Não sei', '', 12, NULL, 0, 23, '0001', NULL),
(522, 112, '123', '', 4, NULL, 1, NULL, '0001', NULL),
(523, 112, '456', '', 21, NULL, 0, NULL, '0001', NULL);

-- --------------------------------------------------------

--
-- Estrutura para tabela `perguntas`
--

DROP TABLE IF EXISTS `perguntas`;
CREATE TABLE IF NOT EXISTS `perguntas` (
  `cod_item` int(11) NOT NULL,
  `cod_tst` int(11) NOT NULL,
  `img_perg` varchar(255) NOT NULL,
  `txt_perg` text NOT NULL,
  `tipo_perg` tinyint(11) NOT NULL
) ENGINE=InnoDB AUTO_INCREMENT=113 DEFAULT CHARSET=utf8;

--
-- Fazendo dump de dados para tabela `perguntas`
--

INSERT INTO `perguntas` (`cod_item`, `cod_tst`, `img_perg`, `txt_perg`, `tipo_perg`) VALUES
(1, 1, '5567a1cbe27e5fa80d30b5e928280b70.jpg', 'Uma criança chuta uma bola parada no chão de modo que ela vai para frente e para cima. Qual gráfico melhor representa a trajetória aproximada da bola do momento em que é chutada até quando ela toca o solo novamente?', 1),
(2, 1, 'd653689c6a83ea6a8d53b54dc6a7ec7d.jpg', 'Para a trajetória dada, pode-se afirmar que ela tem a forma:', 2),
(3, 1, '848e0d6929b78916cf0c8926a4782da4.jpg', 'A trajetória selecionada tem a forma:', 2),
(4, 1, 'da1dd23ff564b9d09fa52d01f4d0e3e5.jpg', 'A trajetória da bola tem a forma de uma função é uma quadrática. A função que melhor expressa a altura (h) em relação e a distância (d) com d=0 o ponto onde a bola é chutada será a:', 2),
(5, 1, 'b43335faedb3d4d0f7a95419287127c0.jpg', 'Para a trajetória da bola na forma de um segmento de arco. A função que melhor expressa a relação entre a altura (h) e distância (d) com d=0 o ponto onde a bola é chutada será a:', 2),
(6, 1, 'e155a4a6d0cb3d5b1f24d7fd77e1d416.png', 'Escolha a opção que apresenta a sequência correta dos nomes das funções notáveis transformadas.', 2),
(7, 1, '3a1da5a1f0caf2398114b5c1299fd54f.jpg', 'Com base na função dada identifique a quantos metros de altura se encontra a bola quando a projeção horizontal da bola estiver distante 17m do ponto inicial.', 2),
(8, 1, '29c20c40a8a3bd3e00cb4f720c3d8578.jpg', 'Com a função dada abaixo para a trajetória aproximada da bola. Qual o significado de h(9)?', 2),
(9, 1, 'c963ac37451958040eaf4a33ed256812.jpg', 'Considerando que em sua trajetória a bola primeiro sobe e depois desce de acordo com a função abaixo, para h a altura e d a distância na horizontal tendo como d=0 o ponto onde a bola foi chutada. Quando a bola estiver a 7,1m de distância, ela estará', 2),
(10, 1, '7843282dc7023fc3267b560d58da5f83.jpg', 'Considerando a função abaixo, para h a altura e d a distância. A derivada de h(d) é dada pela função:', 2),
(11, 1, 'c103619458906489d188f0df6cf9d120.jpg', 'A função h(d) que estabelece a relação entre a altura da bola e a distância percorrida tem como derivada a função h’(d). Pode-se interpretar o significado de h’(7,1)=0,15 como:', 2),
(12, 1, '1917b28a7402bf934d8497b33bb732cb.png', 'Um engenheiro está projetando uma montanha russa utilizando 2 funções para definir o traçado de um trecho dela. Determine pelo desenho quais as funções utilizadas.', 2),
(13, 1, '59f17cb83849fbc01266abdfee102412.png', 'As melhores representações algébricas das funções são respectivamente:', 2),
(14, 1, '', 'Em uma montanha russa o carrinho deve proporcionar sensações fortes, para isso o traçado explora situações de descidas acentuadas e velocidades altas. Para evitar trancos e sobressaltos as transições entre as curvas têm de ser suaves, ou seja, sem uma mudança brusca na trajetória. Para isso é necessário que seja atendida a condição:', 2),
(15, 1, '67e0ce024d06e2c2b0614274da136280.png', 'Para uma transição suave é necessário que a inclinação no ponto de união das curvas seja a mesma. A montanha russa deve proporcionar a máxima emoção e o carrinho não pode ficar em um trilho com inclinação maior do que 2 senão ele cai, ou seja, a inclinação máxima de descida é de no máximo 2m na vertical para cada 1m na horizontal. Para as funções f(x1) e g(x2) para determinar o valor de x1 e x2 que atendem essa condição, devemos solucionar:', 2),
(16, 1, '7c762738b3bd667e26ac24665e7ea103.png', 'Para evitar trancos e sobressaltos as transições entre as curvas têm de ser suaves, ou seja, a inclinação no ponto de união das curvas tem de ser a mesma, logo f’(x1) e g’(x2) devem ter o mesmo valor. Para as funções f(x1) e g(x2) devemos primeiro determinar a derivada das funções. Para a g(x) dada, a g’(x2) será:', 2),
(17, 1, '4bd1a92bc106510e5296e7eac2ae83ac.png', 'Parte do trajeto da montanha russa que relaciona a altura com a posição horizontal do carrinho é dado por f(x1), determine qual a altura do carrinho quando ele estiver no ponto onde a inclinação é de -2.', 2),
(18, 1, '9dae4f7ad84b095d3cc8341e94c6859e.png', 'A montanha russa projetada tem uma parte que é submersa em uma piscina artificial. Considerando o trajeto apresentado, sabe-se que o ponto mais baixo e mais alto tem as seguintes características.', 2),
(19, 1, '34452606f6ad0cb339816886dfe00d81.png', 'De acordo a função apresentada identifique qual ponto apresenta as seguintes características: f(x)<0 e f’(x)<0', 2),
(20, 1, 'ae9bf41f331cefbc93fc5d5086082425.png', 'De acordo a função apresentada identifique qual ponto apresenta as seguintes características: f’(x)> 0, f’’(x)> 0', 2),
(21, 1, '', 'Para x1= -0,5; x2=0; x3=0,5; x4=1,5; x5=3 e a função f(x) = sen(2x)-1 qual dos pontos apresenta a seguinte característica f(x)<0, f’(x)>1 e f’’(x)<0', 2),
(22, 1, '', 'Essa atividade é uma auto-avaliação e o resultado final depende diretamente das suas respostas, por isso LEMBRE-SE de não "chutar" uma resposta. Responda usando o seu conhecimento, e se não souber como ou o que fazer, selecione as opções adequadas.', 2),
(23, 1, '6d0ae47bdfe3f4574ff2504b42f55c15.png', 'Determine se a igualdade é verdadeira ou falsa.\nResponda com base em seus conhecimentos, não escolha ao acaso uma resposta. Lembre-se que você não está sendo avaliado pelo seu conhecimento, mas para que você identifique suas dificuldades.', 2),
(24, 1, '6c44db15db960105ef01887acbce4e83.png', 'Determine se a igualdade é verdadeira ou falsa.\nResponda com base em seus conhecimentos, não escolha ao acaso uma resposta. Lembre-se que você não está sendo avaliado pelo seu conhecimento, mas para que você identifique suas dificuldades.', 2),
(25, 1, 'ead3c9c3f73c3ede49d90a64d71bdc70.png', 'Determine se a igualdade é verdadeira ou falsa.\nResponda com base em seus conhecimentos, não escolha ao acaso uma resposta. Lembre-se que você não está sendo avaliado pelo seu conhecimento, mas para que você identifique suas dificuldades.', 2),
(26, 1, 'd26cfbaf3f667f3793608dbbb84bacf0.png', 'Determine se a igualdade é verdadeira ou falsa.\nResponda com base em seus conhecimentos, não escolha ao acaso uma resposta. Lembre-se que você não está sendo avaliado pelo seu conhecimento, mas para que você identifique suas dificuldades.', 2),
(27, 1, 'f8ee29447a5f14a29afb2c9aa354f4db.png', 'Determine se a igualdade é verdadeira ou falsa.\nResponda com base em seus conhecimentos, não escolha ao acaso uma resposta. Lembre-se que você não está sendo avaliado pelo seu conhecimento, mas para que você identifique suas dificuldades.', 2),
(28, 2, '50d802519adcd541d0fed444dd9b0a4f.png', 'Determine se a igualdade é verdadeira ou falsa.\nResponda com base em seus conhecimentos, não escolha ao acaso uma resposta. Lembre-se que você não está sendo avaliado pelo seu conhecimento, mas para que você identifique suas dificuldades.', 1),
(29, 2, 'd4fd36c845abb44ec33dc52d4dcb2126.png', 'Determine se a igualdade é verdadeira ou falsa.\nResponda com base em seus conhecimentos, não escolha ao acaso uma resposta. Lembre-se que você não está sendo avaliado pelo seu conhecimento, mas para que você identifique suas dificuldades.', 2),
(30, 2, '71e351373750eee0dc057272bb52fd5e.png', 'Determine se a igualdade é verdadeira ou falsa.\nResponda com base em seus conhecimentos, não escolha ao acaso uma resposta. Lembre-se que você não está sendo avaliado pelo seu conhecimento, mas para que você identifique suas dificuldades.', 2),
(31, 2, '8e74535e2add416eb3565e1a27824328.png', 'Determine se a igualdade é verdadeira ou falsa.\nResponda com base em seus conhecimentos, não escolha ao acaso uma resposta. Lembre-se que você não está sendo avaliado pelo seu conhecimento, mas para que você identifique suas dificuldades.', 2),
(32, 2, '076f17b6af259ebae61ceb552ff659e6.png', 'Determine se a igualdade é verdadeira ou falsa.\nResponda com base em seus conhecimentos, não escolha ao acaso uma resposta. Lembre-se que você não está sendo avaliado pelo seu conhecimento, mas para que você identifique suas dificuldades.', 2),
(33, 2, '589d1669eb324ae0626c401faa48c72a.png', 'Determine se a igualdade é verdadeira ou falsa.\nResponda com base em seus conhecimentos, não escolha ao acaso uma resposta. Lembre-se que você não está sendo avaliado pelo seu conhecimento, mas para que você identifique suas dificuldades.', 2),
(34, 2, '9e7d619aa9db642c60978cb40063bcde.png', 'Determine se a igualdade é verdadeira ou falsa.\nResponda com base em seus conhecimentos, não escolha ao acaso uma resposta. Lembre-se que você não está sendo avaliado pelo seu conhecimento, mas para que você identifique suas dificuldades.', 2),
(35, 2, '0137ee986fd5d7e7ac3afd3c907f2b3c.png', 'Determine se a igualdade é verdadeira ou falsa.\nResponda com base em seus conhecimentos, não escolha ao acaso uma resposta. Lembre-se que você não está sendo avaliado pelo seu conhecimento, mas para que você identifique suas dificuldades.', 2),
(36, 2, 'f311b2c79a4ffb57684a91c59bfd4adc.png', 'Determine se a igualdade é verdadeira ou falsa.\nResponda com base em seus conhecimentos, não escolha ao acaso uma resposta. Lembre-se que você não está sendo avaliado pelo seu conhecimento, mas para que você identifique suas dificuldades.', 2),
(37, 2, '810fa5b4a5bdaf1c9b7714532d4accc6.png', 'Determine se a igualdade é verdadeira ou falsa.\nResponda com base em seus conhecimentos, não escolha ao acaso uma resposta. Lembre-se que você não está sendo avaliado pelo seu conhecimento, mas para que você identifique suas dificuldades.', 2),
(38, 2, '4ccd3532a501e111c31faa1d1e90f41e.png', 'Determine se a igualdade é verdadeira ou falsa.\nResponda com base em seus conhecimentos, não escolha ao acaso uma resposta. Lembre-se que você não está sendo avaliado pelo seu conhecimento, mas para que você identifique suas dificuldades.', 2),
(39, 2, '6b4072c85dad4417bcef86ff4e65f42b.png', 'Determine se a igualdade é verdadeira ou falsa.\nResponda com base em seus conhecimentos, não escolha ao acaso uma resposta. Lembre-se que você não está sendo avaliado pelo seu conhecimento, mas para que você identifique suas dificuldades.', 2),
(40, 2, '68edac485d336cac7f60ad2f8d4ab21a.png', 'Determine se a igualdade é verdadeira ou falsa.\nResponda com base em seus conhecimentos, não escolha ao acaso uma resposta. Lembre-se que você não está sendo avaliado pelo seu conhecimento, mas para que você identifique suas dificuldades.', 2),
(41, 2, 'f93ca984794a465fb4ec7688ed093818.png', 'Determine se a igualdade é verdadeira ou falsa.\nResponda com base em seus conhecimentos, não escolha ao acaso uma resposta. Lembre-se que você não está sendo avaliado pelo seu conhecimento, mas para que você identifique suas dificuldades.', 2),
(42, 2, 'a96d9eb19861b84d40262a582b23b342.png', 'Determine se a igualdade é verdadeira ou falsa.\nResponda com base em seus conhecimentos, não escolha ao acaso uma resposta. Lembre-se que você não está sendo avaliado pelo seu conhecimento, mas para que você identifique suas dificuldades.', 2),
(43, 2, '0efc41bd6149163e0d62576c75331724.png', 'Determine se a igualdade é verdadeira ou falsa.\nResponda com base em seus conhecimentos, não escolha ao acaso uma resposta. Lembre-se que você não está sendo avaliado pelo seu conhecimento, mas para que você identifique suas dificuldades.', 2),
(44, 2, '3dfd5b90d7ea4896857f64d20ccf40bc.png', 'Determine se a igualdade é verdadeira ou falsa.\nResponda com base em seus conhecimentos, não escolha ao acaso uma resposta. Lembre-se que você não está sendo avaliado pelo seu conhecimento, mas para que você identifique suas dificuldades.', 2),
(45, 2, '1ab83dc079a0b36a15d1a081d2099fbd.png', 'Determine se a igualdade é verdadeira ou falsa.\nResponda com base em seus conhecimentos, não escolha ao acaso uma resposta. Lembre-se que você não está sendo avaliado pelo seu conhecimento, mas para que você identifique suas dificuldades.', 2),
(46, 2, 'dee2db97f77e000dc1a61ab764a497af.png', 'Determine se a igualdade é verdadeira ou falsa.\nResponda com base em seus conhecimentos, não escolha ao acaso uma resposta. Lembre-se que você não está sendo avaliado pelo seu conhecimento, mas para que você identifique suas dificuldades.', 2),
(47, 2, '7a0390bad2ef71ef9d71bc946bed0560.png', 'Determine se a igualdade é verdadeira ou falsa.\nResponda com base em seus conhecimentos, não escolha ao acaso uma resposta. Lembre-se que você não está sendo avaliado pelo seu conhecimento, mas para que você identifique suas dificuldades.', 2),
(48, 2, '28a0a8080a11f2e19268360ba254f607.png', 'Determine se a igualdade é verdadeira ou falsa.\nResponda com base em seus conhecimentos, não escolha ao acaso uma resposta. Lembre-se que você não está sendo avaliado pelo seu conhecimento, mas para que você identifique suas dificuldades.', 2),
(49, 2, 'c89ce6a660a0b36ce3bcbdc33a048fd7.png', 'Determine se a igualdade é verdadeira ou falsa.\nResponda com base em seus conhecimentos, não escolha ao acaso uma resposta. Lembre-se que você não está sendo avaliado pelo seu conhecimento, mas para que você identifique suas dificuldades.', 2),
(50, 2, '185a7095081da39b988b835ffacb484a.png', 'Determine se a igualdade é verdadeira ou falsa.\nResponda com base em seus conhecimentos, não escolha ao acaso uma resposta. Lembre-se que você não está sendo avaliado pelo seu conhecimento, mas para que você identifique suas dificuldades.', 2),
(51, 2, '9b945fe39331cec7eb6a0c647f9743c0.png', 'Determine se a igualdade é verdadeira ou falsa.\nResponda com base em seus conhecimentos, não escolha ao acaso uma resposta. Lembre-se que você não está sendo avaliado pelo seu conhecimento, mas para que você identifique suas dificuldades.', 2),
(52, 2, 'a1ad3c1a8c35660fddf938b94862cb5a.png', 'Determine se a igualdade é verdadeira ou falsa.\nResponda com base em seus conhecimentos, não escolha ao acaso uma resposta. Lembre-se que você não está sendo avaliado pelo seu conhecimento, mas para que você identifique suas dificuldades.', 2),
(53, 2, '39b2ac9541c9db4489060f620d28f317.png', 'Determine se a igualdade é verdadeira ou falsa.\nResponda com base em seus conhecimentos, não escolha ao acaso uma resposta. Lembre-se que você não está sendo avaliado pelo seu conhecimento, mas para que você identifique suas dificuldades.', 2),
(54, 2, '', 'Fim do teste', 2),
(55, 1, '96bb9c384dbe37b194b4af952b840dc3.png', 'Determine se a igualdade é verdadeira ou falsa.\nResponda com base em seus conhecimentos, não escolha ao acaso uma resposta. Lembre-se que você não está sendo avaliado pelo seu conhecimento, mas para que você identifique suas dificuldades.', 2),
(56, 3, '3a348a97675a04227ebd11fa2248a878.png', 'Determine se a afirmação é verdadeira ou falsa. Responda com base em seus conhecimentos e não escolha uma resposta ao acaso. \nLembre-se que essa avaliação é para que você identifique suas dificuldades.', 1),
(57, 3, '6af31f7d4c25a172b22351bd36a3aa20.png', 'Determine se a afirmação é verdadeira ou falsa. Responda com base em seus conhecimentos e não escolha uma resposta ao acaso. \nLembre-se que essa avaliação é para que você identifique suas dificuldades.', 2),
(58, 3, '6ade8f9a7317a68fd55222cb5ca6094b.png', 'Determine se a afirmação é verdadeira ou falsa. Responda com base em seus conhecimentos e não escolha uma resposta ao acaso. \nLembre-se que essa avaliação é para que você identifique suas dificuldades.', 2),
(59, 3, '7f9c9bd00b5c90c2daab7b94d4012df6.png', 'Determine se a afirmação é verdadeira ou falsa. Responda com base em seus conhecimentos e não escolha uma resposta ao acaso. \nLembre-se que essa avaliação é para que você identifique suas dificuldades.', 2),
(60, 3, 'c1b85807dfc79a8f07e5c97764494e8f.png', 'Determine se a afirmação é verdadeira ou falsa. Responda com base em seus conhecimentos e não escolha uma resposta ao acaso. \nLembre-se que essa avaliação é para que você identifique suas dificuldades.', 2),
(61, 3, 'd0172a4290a6fab71990b078eb812fa6.png', 'Determine se a afirmação é verdadeira ou falsa. Responda com base em seus conhecimentos e não escolha uma resposta ao acaso. \nLembre-se que essa avaliação é para que você identifique suas dificuldades.', 2),
(62, 3, '263a8371b4aeda856391064b38d0415d.png', 'Determine se a afirmação é verdadeira ou falsa. Responda com base em seus conhecimentos e não escolha uma resposta ao acaso. \nLembre-se que essa avaliação é para que você identifique suas dificuldades.', 2),
(63, 3, '85e037d7c48c2df6b46f52f9286a3135.png', 'Determine se a afirmação é verdadeira ou falsa. Responda com base em seus conhecimentos e não escolha uma resposta ao acaso. \nLembre-se que essa avaliação é para que você identifique suas dificuldades.', 2),
(64, 3, '569c4d4f5e85db691ecf48f774e6f9c3.png', 'Determine se a afirmação é verdadeira ou falsa. Responda com base em seus conhecimentos e não escolha uma resposta ao acaso. \nLembre-se que essa avaliação é para que você identifique suas dificuldades.', 2),
(65, 3, 'c1f4436b5114e46b5295796e0924cb53.png', 'Determine se a afirmação é verdadeira ou falsa. Responda com base em seus conhecimentos e não escolha uma resposta ao acaso. \nLembre-se que essa avaliação é para que você identifique suas dificuldades.', 2),
(66, 3, '138d48e0ab9bd8fd89ddad9ab9b5e95f.png', 'Determine se a afirmação é verdadeira ou falsa. Responda com base em seus conhecimentos e não escolha uma resposta ao acaso. \nLembre-se que essa avaliação é para que você identifique suas dificuldades.', 2),
(67, 3, 'd26ad16961e403a27111db581a0d1aac.png', 'Determine se a afirmação é verdadeira ou falsa. Responda com base em seus conhecimentos e não escolha uma resposta ao acaso. \nLembre-se que essa avaliação é para que você identifique suas dificuldades.', 2),
(68, 3, '0a11f191981ee0fcd3c82f93cc1d97a6.png', 'Determine se a afirmação é verdadeira ou falsa. Responda com base em seus conhecimentos e não escolha uma resposta ao acaso. \nLembre-se que essa avaliação é para que você identifique suas dificuldades.', 2),
(69, 3, '29309822b6cae457f3ec164a58d6a6fb.png', 'Determine se a afirmação é verdadeira ou falsa. Responda com base em seus conhecimentos e não escolha uma resposta ao acaso. \nLembre-se que essa avaliação é para que você identifique suas dificuldades.', 2),
(70, 3, '46a231bcf98dc2505a2946ff73cf9c6a.png', 'Determine se a afirmação é verdadeira ou falsa. Responda com base em seus conhecimentos e não escolha uma resposta ao acaso. \nLembre-se que essa avaliação é para que você identifique suas dificuldades.', 2),
(71, 3, '16b26281be8f07b84a6f6592f6124180.png', 'Determine se a afirmação é verdadeira ou falsa. Responda com base em seus conhecimentos e não escolha uma resposta ao acaso. \nLembre-se que essa avaliação é para que você identifique suas dificuldades.', 2),
(72, 3, '973538629cd1fec581e3ff36edb5b74b.png', 'Determine se a afirmação é verdadeira ou falsa. Responda com base em seus conhecimentos e não escolha uma resposta ao acaso. \nLembre-se que essa avaliação é para que você identifique suas dificuldades.', 2),
(73, 3, '42c7a2a40a024f934f1f97ac8bad7d55.png', 'Determine se a afirmação é verdadeira ou falsa. Responda com base em seus conhecimentos e não escolha uma resposta ao acaso. \nLembre-se que essa avaliação é para que você identifique suas dificuldades.', 2),
(74, 3, 'f87bd44a49428958eb6014f5285c0b1c.png', 'Determine se a afirmação é verdadeira ou falsa. Responda com base em seus conhecimentos e não escolha uma resposta ao acaso. \nLembre-se que essa avaliação é para que você identifique suas dificuldades.', 2),
(75, 3, '1833b3a0be4454bda2a99ad8d7e64e07.png', 'Determine se a afirmação é verdadeira ou falsa. Responda com base em seus conhecimentos e não escolha uma resposta ao acaso. \nLembre-se que essa avaliação é para que você identifique suas dificuldades.', 2),
(76, 3, '83114a3ccf624fa9c1a3de2f33318e91.png', 'Determine se a afirmação é verdadeira ou falsa. Responda com base em seus conhecimentos e não escolha uma resposta ao acaso. \nLembre-se que essa avaliação é para que você identifique suas dificuldades.', 2),
(77, 3, '5d047d4d93cf8310fbb10bc8c78e1891.png', 'Determine se a afirmação é verdadeira ou falsa. Responda com base em seus conhecimentos e não escolha uma resposta ao acaso. \nLembre-se que essa avaliação é para que você identifique suas dificuldades.', 2),
(78, 3, 'a8c141d872485dde53a48591baedcb7b.png', 'Determine se a afirmação é verdadeira ou falsa. Responda com base em seus conhecimentos e não escolha uma resposta ao acaso. \nLembre-se que essa avaliação é para que você identifique suas dificuldades.', 2),
(79, 3, '4d7e5aa26a6b2a9e79577ca231c9a768.png', 'Determine se a afirmação é verdadeira ou falsa. Responda com base em seus conhecimentos e não escolha uma resposta ao acaso. \nLembre-se que essa avaliação é para que você identifique suas dificuldades.', 2),
(80, 3, '5a6ee3581507ec4abf6fc6e4654f4a58.png', 'Determine se a afirmação é verdadeira ou falsa. Responda com base em seus conhecimentos e não escolha uma resposta ao acaso. \nLembre-se que essa avaliação é para que você identifique suas dificuldades.', 2),
(81, 3, '3401d29f5efedff2b8ef2657615a802b.png', 'Determine se a afirmação é verdadeira ou falsa. Responda com base em seus conhecimentos e não escolha uma resposta ao acaso. \nLembre-se que essa avaliação é para que você identifique suas dificuldades.', 2),
(82, 3, '353cc32ce7af17ba617614e04073860c.png', 'Determine se a afirmação é verdadeira ou falsa. Responda com base em seus conhecimentos e não escolha uma resposta ao acaso. \nLembre-se que essa avaliação é para que você identifique suas dificuldades.', 2),
(83, 3, '389056d37f59084af479749669e414d9.png', 'Determine se a afirmação é verdadeira ou falsa. Responda com base em seus conhecimentos e não escolha uma resposta ao acaso. \nLembre-se que essa avaliação é para que você identifique suas dificuldades.', 2),
(84, 3, '0cf80fb03f68382fb9b7731ce953c74f.png', 'Determine se a afirmação é verdadeira ou falsa. Responda com base em seus conhecimentos e não escolha uma resposta ao acaso. \nLembre-se que essa avaliação é para que você identifique suas dificuldades.', 2),
(85, 3, '1f57764d2fc158648fd329f4d499bc37.png', 'Determine se a afirmação é verdadeira ou falsa. Responda com base em seus conhecimentos e não escolha uma resposta ao acaso. \nLembre-se que essa avaliação é para que você identifique suas dificuldades.', 2),
(86, 3, '9088fe9f5b1bae406ff1b6bf4864033f.png', 'Determine se a afirmação é verdadeira ou falsa. Responda com base em seus conhecimentos e não escolha uma resposta ao acaso. \nLembre-se que essa avaliação é para que você identifique suas dificuldades.', 2),
(87, 3, 'c935a42242cd8c1ce57e8a18f6cf09fb.png', 'Determine se a afirmação é verdadeira ou falsa. Responda com base em seus conhecimentos e não escolha uma resposta ao acaso. \nLembre-se que essa avaliação é para que você identifique suas dificuldades.', 2),
(88, 3, '467a74c9f354079429e4a78a2d98a465.png', 'Determine se a afirmação é verdadeira ou falsa. Responda com base em seus conhecimentos e não escolha uma resposta ao acaso. \nLembre-se que essa avaliação é para que você identifique suas dificuldades.', 2),
(89, 3, 'e15bd3667e3214d69475cc5a9bd96895.png', 'Determine se a afirmação é verdadeira ou falsa. Responda com base em seus conhecimentos e não escolha uma resposta ao acaso. \nLembre-se que essa avaliação é para que você identifique suas dificuldades.', 2),
(90, 3, 'ecab5a88363d6da9507790090af13cd3.png', 'Determine se a afirmação é verdadeira ou falsa. Responda com base em seus conhecimentos e não escolha uma resposta ao acaso. \nLembre-se que essa avaliação é para que você identifique suas dificuldades.', 2),
(91, 3, '02a2dcef84bad58ea0a9f8f29a1017e8.png', 'Determine se a afirmação é verdadeira ou falsa. Responda com base em seus conhecimentos e não escolha uma resposta ao acaso. \nLembre-se que essa avaliação é para que você identifique suas dificuldades.', 2),
(92, 3, '7bc3984b0348ae240a49f854c3416396.png', 'Determine se a afirmação é verdadeira ou falsa. Responda com base em seus conhecimentos e não escolha uma resposta ao acaso. \nLembre-se que essa avaliação é para que você identifique suas dificuldades.', 2),
(93, 3, '23c723ab9714e043c3fd18eb48a49530.png', 'Determine se a afirmação é verdadeira ou falsa. Responda com base em seus conhecimentos e não escolha uma resposta ao acaso. \nLembre-se que essa avaliação é para que você identifique suas dificuldades.', 2),
(94, 3, '59d73af24c6c006d16f8d812f85f8683.png', 'Determine se a afirmação é verdadeira ou falsa. Responda com base em seus conhecimentos e não escolha uma resposta ao acaso. \nLembre-se que essa avaliação é para que você identifique suas dificuldades.', 2),
(95, 3, '0eeb3ec02db5a6e6a637bfcf40f83f1d.png', 'Determine se a afirmação é verdadeira ou falsa. Responda com base em seus conhecimentos e não escolha uma resposta ao acaso. \nLembre-se que essa avaliação é para que você identifique suas dificuldades.', 2),
(96, 3, 'f3737bf42b1fc634c823e615593e6274.png', 'Determine se a afirmação é verdadeira ou falsa. Responda com base em seus conhecimentos e não escolha uma resposta ao acaso. \nLembre-se que essa avaliação é para que você identifique suas dificuldades.', 2),
(97, 3, '965664ef739763cac63f6973c564d080.png', 'Determine se a afirmação é verdadeira ou falsa. Responda com base em seus conhecimentos e não escolha uma resposta ao acaso. \nLembre-se que essa avaliação é para que você identifique suas dificuldades.', 2),
(98, 1, 'badcf23f5150b56650430c402eab1ac5.png', 'Um litro de uma solução que tem seu ponto de solidificação de -10°C é colocado no congelador de um refrigerador doméstico a uma temperatura de -5°C de modo que ela permanece em estado líquido mesmo depois de ter sua temperatura estabilizada em -5°C. Se em um instante qualquer, considerado como tempo inicial t0=0, a porta do congelador é aberta e assim permanecer, qual o gráfico que melhor representa a temperatura (T) da solução em relação ao tempo (t)?', 2),
(99, 1, '79d24d4877d3d75b7b2a3937c643490d.png', 'O gráfico da variação da Temperatura em relação ao tempo é a representação:\n\n', 2),
(100, 1, '399ae103577a05b5b53b000b0fdefb61.png', 'O gráfico da variação da Temperatura em relação ao tempo é a representação:\n\n', 2),
(101, 1, '3940bf4cbfba22390a16c7f561d1f1da.png', 'O gráfico da variação da Temperatura em relação ao tempo é a representação:\n\n', 2),
(102, 1, '9db0535367166d70fac12e64f02ba13f.png', 'A função algébrica que relaciona a Temperatura (T) em relação ao tempo (t) para uma temperatura inicial T0= -5°C e uma temperatura ambiente TA = 20°C dada pelo gráfico dado, pode ser expressa por:\n\n', 2),
(103, 1, '88f01789a6a97cede4159d978aaca415.png', 'Para a função dada que representa a temperatura (T) em Celsius em relação ao tempo (t) em minutos, em quanto tempo leva para a temperatura da solução chegar a 8°C?\n\n', 2),
(104, 1, '72530a93249cb1120325118f382129a0.png', 'Para a função T que representa a temperatura (T) em Celsius em relação ao tempo (t) em minutos, determine:\n\n', 2),
(105, 1, '5d1af047fbae403d9399e79f2b8c9ab3.png', 'Para a função dada que representa a temperatura (T) em Celsius em relação ao tempo (t) em minutos, determine a taxa de variação instantânea quando t tende ao infinito.\n\n', 2),
(106, 1, '582762866a4fbe4017ef5ec07bbd28a9.png', 'Para a função dada que representa a temperatura (T) em Celsius em relação ao tempo (t) em minutos, qual o significado de T’(0)?\n\n', 2),
(107, 1, 'dd66e43aaeb9d49270954551f603fa87.png', 'Para a função dada que representa a temperatura (T) em Celsius em relação ao tempo (t) em minutos, qual o significado da derivada de T(t) quando t tende ao infinito?\n\n', 2),
(112, 4, '', 'abacate teste?', 1);

-- --------------------------------------------------------

--
-- Estrutura para tabela `resultado`
--

DROP TABLE IF EXISTS `resultado`;
CREATE TABLE IF NOT EXISTS `resultado` (
  `cod_resultado` int(11) NOT NULL,
  `cod_usuario` int(11) DEFAULT NULL,
  `cod_tst` int(11) DEFAULT NULL,
  `cod_conceito` int(11) DEFAULT NULL,
  `score` float DEFAULT NULL,
  `certeza_score` float DEFAULT NULL,
  `motivo` int(11) DEFAULT NULL,
  `cod_perg` int(11) DEFAULT NULL,
  `cod_item` int(11) DEFAULT NULL,
  `tempo` int(11) NOT NULL DEFAULT 0
) ENGINE=InnoDB AUTO_INCREMENT=7091 DEFAULT CHARSET=utf8;

--
-- Fazendo dump de dados para tabela `resultado`
--

INSERT INTO `resultado` (`cod_resultado`, `cod_usuario`, `cod_tst`, `cod_conceito`, `score`, `certeza_score`, `motivo`, `cod_perg`, `cod_item`, `tempo`) VALUES
(200, 152, 2, 20, -1, NULL, 20, 28, 181, 0),
(201, 152, 2, 20, -1, NULL, 20, 29, 184, 0),
(202, 152, 2, 19, 0, NULL, NULL, 33, 201, 0),
(203, 152, 2, 19, -1, NULL, 19, 35, 210, 0),
(204, 152, 2, 19, -1, NULL, 19, 37, 219, 0),
(205, 152, 2, 16, -1, NULL, 16, 38, 223, 0),
(206, 152, 2, 16, -1, NULL, 16, 40, 228, 0),
(207, 152, 2, 21, 0, NULL, NULL, 43, 241, 0),
(208, 152, 2, 21, -1, NULL, 21, 45, 250, 0),
(209, 152, 2, 21, -1, NULL, 21, 47, 259, 0),
(210, 152, 2, 25, -1, NULL, 25, 48, 260, 0),
(211, 152, 2, 25, -1, NULL, 25, 49, 265, 0),
(317, 162, 2, 20, 0, NULL, NULL, 28, 180, 0),
(318, 162, 2, 20, -1, NULL, 20, 30, 188, 0),
(319, 162, 2, 20, -1, NULL, 20, 31, 192, 0),
(320, 162, 2, 19, -1, NULL, 19, 33, 200, 0),
(321, 162, 2, 19, 0, NULL, NULL, 34, 204, 0),
(322, 162, 2, 19, -1, NULL, 19, 36, 212, 0),
(323, 162, 2, 16, -1, NULL, 16, 38, 220, 0),
(324, 162, 2, 16, 0, NULL, NULL, 39, 224, 0),
(325, 162, 2, 16, -1, NULL, 16, 41, 232, 0),
(326, 162, 2, 21, -1, NULL, 21, 43, 240, 0),
(327, 162, 2, 16, -1, NULL, 16, 40, 228, 0),
(328, 162, 2, 21, -1, NULL, 21, 43, 240, 0),
(329, 162, 2, 16, -1, NULL, 16, 40, 228, 0),
(330, 162, 2, 21, -1, NULL, 21, 43, 240, 0),
(331, 162, 2, 16, -1, NULL, 16, 40, 228, 0),
(332, 162, 2, 21, -1, NULL, 21, 43, 240, 0),
(333, 162, 2, 21, 0, NULL, NULL, 44, 244, 0),
(334, 162, 2, 21, -1, NULL, 21, 46, 252, 0),
(335, 162, 2, 25, -1, NULL, 25, 48, 260, 0),
(336, 162, 2, 25, 0, NULL, NULL, 49, 264, 0),
(337, 162, 2, 25, 0, NULL, NULL, 51, 272, 0),
(338, 162, 2, 25, 0, NULL, NULL, 53, 280, 0),
(339, 162, 2, 25, 0, NULL, NULL, 49, 264, 0),
(340, 162, 2, 25, 0, NULL, NULL, 51, 272, 0),
(341, 162, 2, 25, 0, NULL, NULL, 53, 280, 0),
(342, 162, 2, 25, 0, NULL, NULL, 49, 264, 0),
(343, 162, 2, 25, 0, NULL, NULL, 51, 272, 0),
(344, 162, 2, 25, 0, NULL, NULL, 53, 280, 0),
(345, 162, 2, 25, 0, NULL, NULL, 49, 264, 0),
(346, 162, 2, 25, 0, NULL, NULL, 51, 272, 0),
(347, 162, 2, 25, 0, NULL, NULL, 53, 280, 0),
(348, 164, 2, 20, 0, NULL, NULL, 28, 180, 0),
(349, 164, 2, 20, -1, NULL, 20, 30, 191, 0),
(350, 164, 2, 20, -1, NULL, 20, 29, 186, 0),
(351, 164, 2, 20, 0, NULL, NULL, 32, 197, 0),
(352, 164, 2, 19, 0, NULL, NULL, 33, 201, 0),
(353, 164, 2, 19, 0, NULL, NULL, 35, 209, 0),
(354, 164, 2, 19, 0, NULL, NULL, 37, 216, 0),
(355, 164, 2, 16, 0, NULL, NULL, 38, 221, 0),
(356, 164, 2, 16, -1, NULL, 16, 40, 230, 0),
(357, 164, 2, 16, -1, NULL, 16, 42, 238, 0),
(358, 164, 2, 21, 0, NULL, NULL, 43, 241, 0),
(359, 164, 2, 21, -1, NULL, 21, 45, 248, 0),
(360, 164, 2, 21, -1, NULL, 21, 47, 258, 0),
(361, 164, 2, 25, -1, NULL, 25, 48, 262, 0),
(362, 164, 2, 25, -1, NULL, 25, 49, 267, 0),
(363, 164, 2, 25, -1, NULL, 25, 50, 271, 0),
(364, 164, 2, 25, -1, NULL, 25, 52, 279, 0),
(365, 164, 2, 25, -1, NULL, 25, 53, 283, 0),
(366, 165, 2, 20, 0, NULL, NULL, 28, 180, 0),
(367, 165, 2, 20, 0, NULL, NULL, 30, 189, 0),
(368, 165, 2, 19, 0, NULL, NULL, 33, 201, 0),
(369, 165, 2, 19, 0, NULL, NULL, 35, 209, 0),
(370, 165, 2, 19, 0, NULL, NULL, 37, 216, 0),
(371, 165, 2, 16, 0, NULL, NULL, 38, 221, 0),
(372, 165, 2, 16, 0, NULL, NULL, 40, 229, 0),
(373, 165, 2, 16, -1, NULL, 16, 42, 237, 0),
(374, 165, 2, 21, -1, NULL, 21, 43, 240, 0),
(375, 165, 2, 21, 0, NULL, NULL, 44, 244, 0),
(376, 165, 2, 21, 0, NULL, NULL, 46, 253, 0),
(377, 165, 2, 25, -1, NULL, 25, 48, 262, 0),
(378, 165, 2, 25, -1, NULL, 25, 49, 267, 0),
(379, 165, 2, 25, 0, NULL, NULL, 50, 268, 0),
(380, 165, 2, 25, -1, NULL, 25, 52, 276, 0),
(381, 165, 2, 25, 0, NULL, NULL, 53, 280, 0),
(518, 177, 2, 20, -1, NULL, 20, 28, 181, 0),
(519, 178, 2, 20, 0, NULL, NULL, 28, 180, 0),
(520, 178, 2, 20, -1, NULL, 20, 30, 188, 0),
(521, 178, 2, 20, 0, NULL, NULL, 31, 193, 0),
(522, 177, 2, 20, -1, NULL, 20, 29, 184, 0),
(523, 178, 2, 19, -1, NULL, 19, 33, 200, 0),
(524, 177, 2, 19, 0, NULL, NULL, 33, 201, 0),
(525, 178, 2, 19, -1, NULL, 19, 34, 207, 0),
(526, 178, 2, 19, 0, NULL, NULL, 35, 209, 0),
(527, 177, 2, 19, 0, NULL, NULL, 35, 209, 0),
(528, 177, 2, 19, 0, NULL, NULL, 37, 216, 0),
(529, 178, 2, 19, 0, NULL, NULL, 37, 216, 0),
(530, 177, 2, 16, 0, NULL, NULL, 38, 221, 0),
(531, 177, 2, 16, -1, NULL, 16, 40, 228, 0),
(532, 178, 2, 16, 0, NULL, NULL, 38, 221, 0),
(533, 177, 2, 21, 0, NULL, NULL, 43, 241, 0),
(534, 178, 2, 16, 0, NULL, NULL, 40, 229, 0),
(535, 178, 2, 16, -1, NULL, 16, 42, 237, 0),
(536, 177, 2, 21, -1, NULL, 21, 45, 251, 0),
(537, 178, 2, 21, -1, NULL, 21, 43, 243, 0),
(538, 178, 2, 21, -1, NULL, 21, 45, 251, 0),
(539, 178, 2, 21, -1, NULL, 21, 47, 257, 0),
(540, 177, 2, 21, -1, NULL, 21, 47, 258, 0),
(541, 178, 2, 25, -1, NULL, 25, 48, 263, 0),
(542, 177, 2, 25, -1, NULL, 25, 48, 263, 0),
(543, 177, 2, 25, -1, NULL, 25, 49, 267, 0),
(544, 177, 2, 25, -1, NULL, 25, 50, 271, 0),
(545, 178, 2, 25, -1, NULL, 25, 49, 267, 0),
(546, 177, 2, 25, -1, NULL, 25, 52, 279, 0),
(547, 178, 2, 25, -1, NULL, 25, 50, 271, 0),
(548, 177, 2, 25, -1, NULL, 25, 53, 283, 0),
(549, 178, 2, 25, -1, NULL, 25, 52, 279, 0),
(550, 178, 2, 25, -1, NULL, 25, 53, 283, 0),
(576, 181, 2, 20, -1, NULL, 20, 28, 180, 0),
(577, 181, 2, 20, -1, NULL, 20, 30, 188, 0),
(578, 181, 2, 20, -1, NULL, 20, 31, 192, 0),
(579, 181, 2, 19, 0, NULL, NULL, 33, 201, 0),
(580, 181, 2, 19, 0, NULL, NULL, 35, 209, 0),
(581, 181, 2, 19, 0, NULL, NULL, 37, 216, 0),
(582, 181, 2, 16, -1, NULL, 16, 38, 220, 0),
(583, 181, 2, 16, -1, NULL, 16, 39, 225, 0),
(584, 181, 2, 21, -1, NULL, 21, 43, 240, 0),
(585, 181, 2, 21, -1, NULL, 21, 44, 245, 0),
(586, 181, 2, 25, 0, NULL, NULL, 48, 261, 0),
(587, 181, 2, 25, -1, NULL, 25, 49, 265, 0),
(588, 181, 2, 25, -1, NULL, 25, 50, 268, 0),
(589, 181, 2, 25, 0, NULL, NULL, 52, 277, 0),
(590, 181, 2, 25, 0, NULL, NULL, 53, 280, 0),
(591, 183, 2, 20, 0, NULL, NULL, 28, 181, 0),
(592, 183, 2, 20, 0, NULL, NULL, 29, 185, 0),
(593, 183, 2, 20, -1, NULL, 20, 32, 199, 0),
(594, 183, 2, 19, 0, NULL, NULL, 33, 201, 0),
(720, 194, 3, 20, 0, NULL, NULL, 56, 291, 145),
(721, 194, 3, 20, -1, NULL, 20, 57, 295, 153),
(722, 194, 3, 20, 0, NULL, NULL, 58, 299, 160),
(723, 194, 3, 20, -1, NULL, 20, 59, 303, 98),
(724, 194, 3, 20, -1, NULL, 20, 60, 309, 7),
(725, 194, 3, 19, 0, NULL, NULL, 62, 315, 120),
(726, 194, 3, 19, -1, NULL, 19, 63, 321, 186),
(727, 194, 3, 19, 0, NULL, NULL, 64, 323, 170),
(728, 194, 3, 19, 0, NULL, NULL, 65, 326, 260),
(729, 194, 3, 19, 0, NULL, NULL, 67, 334, 153),
(730, 194, 3, 16, -1, NULL, 16, 68, 340, 150),
(731, 194, 3, 16, -1, NULL, 16, 70, 346, 62),
(732, 194, 3, 16, -1, NULL, 16, 72, 354, 22),
(733, 194, 3, 21, 0, NULL, NULL, 74, 363, 17),
(734, 194, 3, 21, 0, NULL, NULL, 75, 366, 54),
(735, 194, 3, 21, -1, NULL, 21, 77, 377, 127),
(736, 194, 3, 21, 0, NULL, NULL, 78, 379, 56),
(737, 194, 3, 21, -1, NULL, 21, 79, 383, 171),
(738, 194, 3, 25, -1, NULL, 25, 80, 389, 333),
(739, 194, 3, 25, -1, NULL, 25, 82, 397, 9),
(740, 194, 3, 25, -1, NULL, 25, 84, 405, 5),
(741, 194, 3, 22, -1, NULL, 22, 86, 410, 22),
(742, 194, 3, 22, -1, NULL, 22, 88, 418, 135),
(743, 194, 3, 22, -1, NULL, 22, 90, 426, 50),
(744, 194, 3, 9, -1, NULL, 9, 92, 437, 15),
(745, 194, 3, 9, -1, NULL, 9, 94, 442, 7),
(746, 194, 3, 9, 0, NULL, NULL, 96, 451, 41),
(747, 194, 3, 9, 0, NULL, NULL, 97, 454, 28),
(751, 196, 1, 1, 0, NULL, NULL, 1, 4, 5),
(752, 196, 1, 3, 0, NULL, NULL, 3, 15, 2),
(753, 196, 1, 3, -1, NULL, 3, 4, 24, 35),
(754, 196, 1, 13, 0, NULL, NULL, 8, 65, 66),
(755, 196, 1, 10, -1, NULL, 10, 7, 57, 203),
(756, 196, 1, 11, -1, NULL, 16, 10, 78, 30),
(757, 196, 1, 10, -1, NULL, 13, 11, 81, 106),
(758, 196, 1, 3, -1, NULL, 3, 12, 92, 298),
(759, 196, 1, 5, -1, NULL, 5, 13, 95, 39),
(760, 196, 1, 8, -1, NULL, 8, 14, 106, 106),
(761, 196, 1, 12, -1, NULL, 12, 15, 112, 51),
(762, 196, 1, 11, 0, NULL, NULL, 16, 121, 344),
(763, 196, 1, 2, -1, NULL, 2, 17, 127, 36),
(764, 196, 1, 17, 0, NULL, NULL, 18, 134, 247),
(765, 196, 1, 12, 0, NULL, NULL, 19, 141, 156),
(766, 196, 1, 12, -1, NULL, 12, 20, 150, 40),
(767, 196, 1, 11, -1, NULL, 2, 21, 159, 172),
(768, 196, 1, 1, -1, NULL, 1, 98, 463, 192),
(769, 196, 1, 3, -1, NULL, 3, 101, 479, 24),
(770, 196, 1, 5, -1, NULL, 5, 102, 486, 40),
(771, 196, 1, 25, -1, NULL, 2, 103, 492, 85),
(772, 196, 1, 27, -1, NULL, 27, 104, 497, 29),
(773, 196, 1, 27, 0, NULL, NULL, 105, 503, 111),
(774, 197, 1, 1, 0, NULL, NULL, 1, 4, 19),
(775, 197, 1, 3, 0, NULL, NULL, 3, 15, 27),
(776, 197, 1, 3, 0, NULL, NULL, 4, 26, 61),
(777, 197, 1, 13, -1, NULL, 12, 8, 63, 87),
(778, 197, 1, 11, 0, NULL, NULL, 10, 79, 83),
(779, 197, 1, 10, -1, NULL, 10, 11, 83, 60),
(780, 197, 1, 3, 0, NULL, NULL, 12, 91, 37),
(781, 197, 1, 5, 0, NULL, NULL, 13, 99, 55),
(782, 197, 1, 8, 0, NULL, NULL, 14, 104, 56),
(783, 197, 1, 12, 0, NULL, NULL, 15, 116, 153),
(784, 197, 1, 11, -1, NULL, 9, 16, 120, 291),
(785, 197, 1, 2, -1, NULL, 2, 17, 127, 26),
(786, 197, 1, 17, 0, NULL, NULL, 18, 134, 151),
(787, 197, 1, 12, -1, NULL, 13, 19, 140, 94),
(788, 197, 1, 12, 0, NULL, NULL, 20, 149, 54),
(789, 197, 1, 11, 0, NULL, NULL, 21, 155, 453),
(790, 197, 1, 1, 0, NULL, NULL, 98, 460, 143),
(791, 197, 1, 3, -1, NULL, 3, 100, 475, 11),
(792, 197, 1, 5, 0, NULL, NULL, 102, 484, 204),
(793, 197, 1, 25, 0, NULL, NULL, 103, 491, 111),
(794, 197, 1, 27, 0, NULL, NULL, 104, 497, 29),
(795, 197, 1, 27, 0, NULL, NULL, 105, 503, 17),
(796, 197, 1, 12, 0, NULL, NULL, 107, 515, 15),
(797, 197, 1, 11, 0, NULL, NULL, 106, 508, 86),
(798, 197, 1, 26, 0, NULL, NULL, 23, 161, 59),
(799, 197, 1, 11, 0, NULL, NULL, 24, 164, 40),
(800, 197, 1, 26, 0, NULL, NULL, 26, 172, 30),
(801, 197, 1, 26, 0, NULL, NULL, 55, 286, 57),
(802, 198, 3, 20, 0, NULL, NULL, 56, 291, 15),
(803, 198, 3, 20, 0, NULL, NULL, 57, 294, 13),
(804, 198, 3, 20, 0, NULL, NULL, 59, 302, 35),
(805, 198, 3, 20, 0, NULL, NULL, 61, 310, 11),
(806, 198, 3, 19, 0, NULL, NULL, 62, 315, 33),
(807, 198, 3, 19, 0, NULL, NULL, 63, 318, 11),
(808, 198, 3, 19, -1, NULL, 19, 65, 327, 22),
(809, 198, 3, 19, 0, NULL, NULL, 66, 331, 8),
(810, 198, 3, 19, 0, NULL, NULL, 67, 334, 19),
(811, 198, 3, 16, 0, NULL, NULL, 68, 339, 13),
(812, 198, 3, 16, 0, NULL, NULL, 69, 342, 30),
(813, 198, 3, 16, -1, NULL, 16, 71, 351, 542),
(814, 198, 3, 16, 0, NULL, NULL, 72, 355, 14),
(815, 198, 3, 16, 0, NULL, NULL, 73, 358, 19),
(816, 198, 3, 21, 0, NULL, NULL, 74, 363, 8),
(817, 198, 3, 21, 0, NULL, NULL, 75, 366, 15),
(818, 198, 3, 21, 0, NULL, NULL, 77, 374, 37),
(819, 198, 3, 21, 0, NULL, NULL, 79, 382, 56),
(820, 198, 3, 25, 0, NULL, NULL, 80, 387, 15),
(821, 198, 3, 25, -1, NULL, 25, 81, 391, 21),
(822, 198, 3, 25, -1, NULL, 25, 82, 394, 127),
(823, 198, 3, 25, 0, NULL, NULL, 84, 403, 11),
(824, 198, 3, 25, 0, NULL, NULL, 85, 406, 21),
(825, 198, 3, 22, 0, NULL, NULL, 86, 411, 3),
(826, 198, 3, 22, 0, NULL, NULL, 87, 414, 7),
(827, 198, 3, 22, 0, NULL, NULL, 89, 422, 9),
(828, 198, 3, 22, 0, NULL, NULL, 91, 430, 7),
(829, 198, 3, 9, 0, NULL, NULL, 92, 435, 14),
(830, 198, 3, 9, 0, NULL, NULL, 93, 438, 12),
(831, 198, 3, 9, 0, NULL, NULL, 95, 446, 50),
(832, 198, 3, 9, 0, NULL, NULL, 97, 454, 24),
(833, 200, 1, 1, 0, NULL, NULL, 1, 4, 41),
(834, 200, 1, 3, -1, NULL, 3, 3, 19, 14),
(835, 200, 1, 3, -1, NULL, 3, 6, 53, 40),
(836, 200, 1, 13, -1, NULL, 12, 8, 66, 227),
(837, 200, 1, 11, -1, NULL, 16, 10, 78, 31),
(838, 200, 1, 10, -1, NULL, 10, 11, 83, 57),
(839, 200, 1, 3, -1, NULL, 3, 12, 89, 33),
(840, 200, 1, 5, -1, NULL, 5, 13, 95, 19),
(841, 200, 1, 8, -1, NULL, 13, 14, 105, 62),
(842, 200, 1, 12, -1, NULL, 12, 15, 124, 25),
(843, 200, 1, 11, -1, NULL, 16, 16, 118, 78),
(844, 200, 1, 2, -1, NULL, 2, 17, 127, 54),
(845, 200, 1, 17, -1, NULL, 17, 18, 132, 39),
(846, 200, 1, 12, -1, NULL, 17, 19, 142, 24),
(847, 200, 1, 12, -1, NULL, 12, 20, 150, 34),
(848, 200, 1, 11, -1, NULL, 11, 21, 154, 83),
(849, 200, 1, 1, -1, NULL, 1, 98, 461, 122),
(850, 200, 1, 5, 0, NULL, NULL, 102, 484, 52),
(851, 200, 1, 25, 0, NULL, NULL, 103, 491, 63),
(852, 200, 1, 27, -1, NULL, 27, 104, 495, 35),
(853, 200, 1, 11, -1, NULL, 11, 106, 509, 29),
(854, 200, 1, 26, -1, NULL, 11, 23, 163, 22),
(855, 200, 1, 26, 0, NULL, NULL, 25, 169, 15),
(856, 200, 1, 26, 0, NULL, NULL, 26, 172, 13),
(857, 200, 1, 26, 0, NULL, NULL, 55, 286, 8),
(883, 208, 3, 20, -1, NULL, 20, 56, 290, 40),
(884, 208, 3, 20, -1, NULL, 20, 58, 298, 19),
(885, 208, 3, 20, 0, NULL, NULL, 60, 307, 13),
(886, 208, 3, 20, 0, NULL, NULL, 61, 310, 15),
(887, 208, 3, 19, 0, NULL, NULL, 62, 315, 48),
(888, 208, 3, 19, 0, NULL, NULL, 63, 318, 28),
(889, 208, 3, 19, -1, NULL, 19, 65, 328, 28),
(890, 208, 3, 19, 0, NULL, NULL, 66, 331, 30),
(891, 208, 3, 19, 0, NULL, NULL, 67, 334, 20),
(892, 208, 3, 16, -1, NULL, 16, 68, 338, 11),
(893, 208, 3, 16, 0, NULL, NULL, 70, 347, 10),
(894, 208, 3, 16, -1, NULL, 16, 71, 351, 21),
(895, 208, 3, 16, 0, NULL, NULL, 72, 355, 22),
(896, 208, 3, 16, -1, NULL, 16, 73, 360, 30),
(897, 208, 3, 21, -1, NULL, 21, 74, 362, 9),
(898, 208, 3, 21, -1, NULL, 21, 76, 370, 14),
(899, 208, 3, 21, -1, NULL, 21, 78, 378, 15),
(900, 208, 3, 25, -1, NULL, 25, 80, 388, 20),
(901, 208, 3, 25, -1, NULL, 25, 82, 394, 27),
(902, 208, 3, 25, -1, NULL, 25, 84, 402, 16),
(903, 208, 3, 22, -1, NULL, 22, 86, 410, 15),
(904, 208, 3, 22, -1, NULL, 22, 88, 418, 16),
(905, 208, 3, 22, -1, NULL, 22, 90, 426, 16),
(906, 208, 3, 9, -1, NULL, 9, 92, 434, 6),
(907, 208, 3, 9, -1, NULL, 9, 94, 442, 6),
(908, 208, 3, 9, 0, NULL, NULL, 96, 451, 7),
(909, 208, 3, 9, -1, NULL, 9, 97, 456, 7),
(910, 210, 3, 20, 0, NULL, NULL, 56, 291, 25),
(911, 210, 3, 20, 0, NULL, NULL, 57, 294, 28),
(912, 210, 3, 20, -1, NULL, 20, 59, 303, 36),
(913, 210, 3, 20, -1, NULL, 20, 60, 306, 13),
(914, 210, 3, 19, -1, NULL, 19, 62, 314, 20),
(915, 210, 3, 19, -1, NULL, 19, 64, 324, 5),
(916, 210, 3, 19, 0, NULL, NULL, 66, 331, 36),
(917, 210, 3, 19, 0, NULL, NULL, 67, 334, 22),
(918, 210, 3, 16, 0, NULL, NULL, 68, 339, 26),
(919, 210, 3, 16, -1, NULL, 16, 69, 344, 5),
(920, 210, 3, 16, -1, NULL, 16, 70, 346, 15),
(921, 210, 3, 16, 0, NULL, NULL, 72, 355, 18),
(922, 210, 3, 16, 0, NULL, NULL, 73, 358, 14),
(923, 210, 3, 21, -1, NULL, 21, 74, 362, 11),
(924, 210, 3, 21, -1, NULL, 21, 76, 372, 4),
(925, 210, 3, 21, -1, NULL, 21, 78, 380, 2),
(926, 210, 3, 25, -1, NULL, 25, 80, 388, 14),
(927, 210, 3, 25, -1, NULL, 25, 82, 394, 10),
(928, 210, 3, 25, -1, NULL, 25, 84, 402, 9),
(929, 210, 3, 22, -1, NULL, 22, 86, 410, 7),
(930, 210, 3, 22, -1, NULL, 22, 88, 418, 34),
(931, 210, 3, 22, -1, NULL, 22, 90, 428, 10),
(932, 210, 3, 9, -1, NULL, 9, 92, 436, 7),
(933, 210, 3, 9, -1, NULL, 9, 94, 442, 84),
(934, 210, 3, 9, -1, NULL, 9, 96, 450, 21),
(935, 212, 1, 1, -1, NULL, 1, 1, 5, 31),
(936, 212, 1, 3, -1, NULL, 3, 4, 21, 50),
(937, 212, 1, 13, -1, NULL, 11, 8, 68, 17),
(938, 212, 1, 11, -1, NULL, 16, 10, 78, 60),
(939, 212, 1, 10, -1, NULL, 10, 11, 83, 49),
(940, 212, 1, 3, -1, NULL, 3, 12, 93, 20),
(941, 213, 1, 1, 0, NULL, NULL, 1, 4, 41),
(942, 213, 1, 3, -1, NULL, 3, 3, 16, 25),
(943, 212, 1, 8, 0, NULL, NULL, 14, 104, 58),
(944, 212, 1, 12, -1, NULL, 12, 15, 124, 37),
(945, 213, 1, 3, -1, NULL, 3, 6, 54, 72),
(946, 213, 1, 13, -1, NULL, 12, 8, 63, 44),
(947, 212, 1, 11, -1, NULL, 9, 16, 120, 159),
(948, 213, 1, 11, -1, NULL, 16, 10, 78, 93),
(949, 212, 1, 2, -1, NULL, 1, 17, 130, 23),
(950, 213, 1, 10, -1, NULL, 12, 11, 87, 77),
(951, 213, 1, 3, -1, NULL, 3, 12, 88, 42),
(952, 213, 1, 5, -1, NULL, 5, 13, 95, 37),
(953, 213, 1, 8, -1, NULL, 2, 14, 108, 39),
(954, 213, 1, 12, -1, NULL, 12, 15, 124, 42),
(955, 213, 1, 11, -1, NULL, 16, 16, 123, 171),
(956, 213, 1, 17, -1, NULL, 17, 18, 132, 42),
(957, 213, 1, 12, -1, NULL, 12, 19, 144, 85),
(958, 213, 1, 26, 0, NULL, NULL, 23, 161, 78),
(959, 213, 1, 11, -1, NULL, 26, 24, 165, 40),
(960, 213, 1, 26, -1, NULL, 11, 25, 170, 16),
(961, 213, 1, 26, 0, NULL, NULL, 27, 177, 14),
(962, 213, 1, 26, -1, NULL, 26, 55, 288, 33),
(963, 214, 3, 20, 0, NULL, NULL, 56, 291, 19),
(964, 214, 3, 20, 0, NULL, NULL, 57, 294, 31),
(965, 214, 3, 20, 0, NULL, NULL, 59, 302, 35),
(966, 214, 3, 20, -1, NULL, 20, 61, 311, 34),
(967, 214, 3, 19, 0, NULL, NULL, 62, 315, 18),
(968, 214, 3, 19, -1, NULL, 19, 63, 321, 41),
(969, 214, 3, 19, 0, NULL, NULL, 64, 323, 47),
(970, 214, 3, 19, 0, NULL, NULL, 65, 326, 37),
(971, 214, 3, 19, 0, NULL, NULL, 67, 334, 21),
(972, 214, 3, 16, 0, NULL, NULL, 68, 339, 19),
(973, 214, 3, 16, 0, NULL, NULL, 69, 342, 20),
(974, 214, 3, 16, -1, NULL, 16, 71, 352, 14),
(975, 214, 3, 16, -1, NULL, 16, 72, 354, 17),
(976, 214, 3, 21, -1, NULL, 21, 74, 362, 19),
(977, 214, 3, 21, -1, NULL, 21, 76, 373, 53),
(978, 214, 3, 21, -1, NULL, 21, 78, 378, 21),
(979, 214, 3, 25, -1, NULL, 25, 80, 388, 32),
(980, 214, 3, 25, -1, NULL, 25, 82, 397, 36),
(981, 214, 3, 25, -1, NULL, 25, 84, 404, 11),
(982, 214, 3, 22, -1, NULL, 22, 86, 410, 9),
(983, 214, 3, 22, -1, NULL, 22, 88, 420, 24),
(984, 214, 3, 22, -1, NULL, 22, 90, 426, 20),
(985, 214, 3, 9, -1, NULL, 9, 92, 436, 41),
(986, 214, 3, 9, -1, NULL, 9, 94, 442, 12),
(987, 214, 3, 9, 0, NULL, NULL, 96, 451, 16),
(988, 214, 3, 9, -1, NULL, 9, 97, 456, 22),
(989, 216, 1, 1, 0, NULL, NULL, 1, 4, 37),
(990, 216, 1, 3, 0, NULL, NULL, 3, 15, 40),
(991, 216, 1, 3, -1, NULL, 4, 4, 27, 33),
(992, 216, 1, 13, -1, NULL, 9, 8, 64, 23),
(993, 216, 1, 11, -1, NULL, 16, 10, 78, 49),
(994, 216, 1, 10, -1, NULL, 10, 11, 83, 60),
(995, 216, 1, 3, 0, NULL, NULL, 12, 91, 27),
(996, 216, 1, 5, -1, NULL, 3, 13, 101, 72),
(997, 216, 1, 8, -1, NULL, 2, 14, 108, 31),
(998, 216, 1, 12, -1, NULL, 2, 15, 125, 46),
(999, 216, 1, 11, -1, NULL, 11, 16, 122, 38),
(1000, 216, 1, 17, -1, NULL, 17, 18, 137, 54),
(1001, 216, 1, 12, -1, NULL, 12, 19, 144, 33),
(1002, 216, 1, 26, -1, NULL, 26, 23, 160, 29),
(1003, 216, 1, 26, 0, NULL, NULL, 25, 169, 27),
(1004, 216, 1, 26, 0, NULL, NULL, 26, 172, 15),
(1005, 217, 3, 20, 0, NULL, NULL, 56, 291, 56),
(1006, 217, 3, 20, 0, NULL, NULL, 57, 294, 37),
(1007, 217, 3, 20, 0, NULL, NULL, 59, 302, 83),
(1008, 217, 3, 20, 0, NULL, NULL, 61, 310, 51),
(1009, 217, 3, 19, -1, NULL, 19, 62, 314, 65),
(1010, 217, 3, 19, -1, NULL, 19, 64, 325, 89),
(1011, 217, 3, 19, -1, NULL, 19, 66, 330, 18),
(1012, 217, 3, 16, 0, NULL, NULL, 68, 339, 15),
(1013, 217, 3, 16, -1, NULL, 16, 69, 344, 20),
(1014, 217, 3, 16, 0, NULL, NULL, 70, 347, 26),
(1015, 217, 3, 16, -1, NULL, 16, 71, 351, 36),
(1016, 217, 3, 16, 0, NULL, NULL, 72, 355, 25),
(1017, 217, 3, 16, -1, NULL, 16, 73, 360, 32),
(1018, 217, 3, 21, -1, NULL, 21, 74, 364, 38),
(1019, 217, 3, 21, -1, NULL, 21, 76, 373, 47),
(1020, 217, 3, 21, -1, NULL, 21, 78, 378, 33),
(1021, 217, 3, 25, 0, NULL, NULL, 80, 387, 21),
(1022, 217, 3, 25, -1, NULL, 25, 81, 393, 13),
(1023, 217, 3, 25, -1, NULL, 25, 82, 397, 11),
(1024, 217, 3, 25, -1, NULL, 25, 84, 405, 16),
(1025, 217, 3, 22, -1, NULL, 22, 86, 410, 22),
(1026, 217, 3, 22, -1, NULL, 22, 88, 418, 33),
(1027, 217, 3, 22, 0, NULL, NULL, 90, 427, 12),
(1028, 217, 3, 22, -1, NULL, 22, 91, 432, 24),
(1029, 217, 3, 9, -1, NULL, 9, 92, 434, 9),
(1030, 217, 3, 9, -1, NULL, 9, 94, 442, 6),
(1031, 217, 3, 9, 0, NULL, NULL, 96, 451, 8),
(1032, 217, 3, 9, -1, NULL, 9, 97, 455, 14),
(1033, 218, 1, 1, 0, NULL, NULL, 1, 4, 85),
(1034, 218, 1, 3, 0, NULL, NULL, 3, 15, 45),
(1035, 218, 1, 3, -1, NULL, 4, 4, 27, 29),
(1036, 218, 1, 13, -1, NULL, 12, 8, 63, 152),
(1037, 218, 1, 11, -1, NULL, 11, 10, 80, 300),
(1038, 218, 1, 10, -1, NULL, 12, 11, 87, 62),
(1039, 218, 1, 3, -1, NULL, 3, 12, 90, 57),
(1040, 218, 1, 5, 0, NULL, NULL, 13, 99, 223),
(1041, 218, 1, 8, -1, NULL, 1, 14, 107, 22),
(1042, 218, 1, 12, -1, NULL, 12, 15, 124, 43),
(1043, 218, 1, 11, -1, NULL, 11, 16, 122, 168),
(1044, 218, 1, 17, -1, NULL, 17, 18, 137, 41),
(1045, 218, 1, 12, -1, NULL, 12, 19, 144, 82),
(1046, 218, 1, 26, -1, NULL, 11, 23, 163, 74),
(1047, 218, 1, 26, 0, NULL, NULL, 25, 169, 31),
(1048, 218, 1, 26, -1, NULL, 26, 26, 174, 10),
(1049, 218, 1, 26, 0, NULL, NULL, 27, 177, 32),
(1050, 218, 1, 26, 0, NULL, NULL, 55, 286, 23),
(1051, 219, 3, 20, 0, NULL, NULL, 56, 291, 72),
(1052, 219, 3, 20, 0, NULL, NULL, 57, 294, 38),
(1053, 219, 3, 20, -1, NULL, 20, 59, 303, 26),
(1054, 219, 3, 20, 0, NULL, NULL, 60, 307, 26),
(1055, 219, 3, 20, 0, NULL, NULL, 61, 310, 20),
(1056, 219, 3, 19, 0, NULL, NULL, 62, 315, 15),
(1057, 219, 3, 19, -1, NULL, 19, 63, 319, 20),
(1058, 219, 3, 19, 0, NULL, NULL, 64, 323, 32),
(1059, 219, 3, 19, 0, NULL, NULL, 65, 326, 76),
(1060, 219, 3, 19, 0, NULL, NULL, 67, 334, 49),
(1061, 219, 3, 16, 0, NULL, NULL, 68, 339, 34),
(1062, 219, 3, 16, -1, NULL, 16, 69, 343, 21),
(1063, 219, 3, 16, -1, NULL, 16, 70, 346, 24),
(1064, 219, 3, 16, 0, NULL, NULL, 72, 355, 10),
(1065, 219, 3, 16, -1, NULL, 16, 73, 359, 18),
(1066, 219, 3, 21, 0, NULL, NULL, 74, 363, 17),
(1067, 219, 3, 21, 0, NULL, NULL, 75, 366, 31),
(1068, 219, 3, 21, -1, NULL, 21, 77, 375, 249),
(1069, 219, 3, 21, -1, NULL, 21, 78, 381, 14),
(1070, 219, 3, 25, -1, NULL, 25, 80, 388, 64),
(1071, 219, 3, 25, -1, NULL, 25, 82, 394, 22),
(1072, 219, 3, 25, 0, NULL, NULL, 84, 403, 20),
(1073, 219, 3, 25, -1, NULL, 25, 85, 409, 11),
(1074, 219, 3, 22, -1, NULL, 22, 86, 410, 9),
(1075, 219, 3, 22, -1, NULL, 22, 88, 418, 23),
(1076, 219, 3, 22, -1, NULL, 22, 90, 429, 22),
(1077, 219, 3, 9, -1, NULL, 9, 92, 434, 12),
(1078, 219, 3, 9, -1, NULL, 9, 94, 442, 6),
(1079, 219, 3, 9, 0, NULL, NULL, 96, 451, 12),
(1080, 219, 3, 9, 0, NULL, NULL, 97, 454, 35),
(1081, 220, 1, 1, -1, NULL, NULL, 1, NULL, 60),
(1082, 221, 3, 20, -1, NULL, NULL, 56, NULL, 141),
(1083, 222, 3, 20, 0, NULL, NULL, 56, 291, 48),
(1084, 222, 3, 20, 0, NULL, NULL, 57, 294, 45),
(1085, 222, 3, 20, -1, NULL, 20, 59, 303, 87),
(1086, 222, 3, 20, 0, NULL, NULL, 60, 307, 21),
(1087, 222, 3, 20, 0, NULL, NULL, 61, 310, 26),
(1088, 222, 3, 19, 0, NULL, NULL, 62, 315, 76),
(1089, 222, 3, 19, 0, NULL, NULL, 63, 318, 64),
(1090, 222, 3, 19, 0, NULL, NULL, 65, 326, 89),
(1091, 222, 3, 19, 0, NULL, NULL, 67, 334, 25),
(1092, 222, 3, 16, 0, NULL, NULL, 68, 339, 27),
(1093, 222, 3, 16, 0, NULL, NULL, 69, 342, 27),
(1094, 222, 3, 16, 0, NULL, NULL, 71, 350, 84),
(1095, 222, 3, 16, 0, NULL, NULL, 73, 358, 15),
(1096, 222, 3, 21, 0, NULL, NULL, 74, 363, 64),
(1097, 222, 3, 21, 0, NULL, NULL, 75, 366, 14),
(1098, 222, 3, 21, -1, NULL, 21, 77, 375, 95),
(1099, 222, 3, 21, -1, NULL, 21, 78, 378, 31),
(1100, 222, 3, 25, -1, NULL, 25, 80, 386, 65),
(1101, 222, 3, 25, 0, NULL, NULL, 82, 395, 59),
(1102, 222, 3, 25, -1, NULL, 25, 83, 400, 27),
(1103, 222, 3, 25, -1, NULL, 25, 84, 404, 70),
(1104, 222, 3, 22, -1, NULL, 22, 86, 410, 9),
(1105, 222, 3, 22, -1, NULL, 22, 88, 418, 68),
(1106, 222, 3, 22, 0, NULL, NULL, 90, 427, 53),
(1107, 222, 3, 22, -1, NULL, 22, 91, 431, 81),
(1108, 222, 3, 9, -1, NULL, 9, 92, 434, 16),
(1109, 222, 3, 9, -1, NULL, 9, 94, 442, 9),
(1110, 222, 3, 9, 0, NULL, NULL, 96, 451, 52),
(1111, 222, 3, 9, 0, NULL, NULL, 97, 454, 76),
(1112, 223, 1, 1, 0, NULL, NULL, 1, 4, 40),
(1113, 223, 1, 3, -1, NULL, 3, 3, 19, 45),
(1114, 223, 1, 3, 0, NULL, NULL, 6, 52, 35),
(1115, 223, 1, 13, 0, NULL, NULL, 8, 65, 132),
(1116, 223, 1, 10, -1, NULL, 9, 7, 58, 108),
(1117, 223, 1, 11, -1, NULL, 16, 10, 78, 46),
(1118, 223, 1, 10, 0, NULL, NULL, 11, 84, 129),
(1119, 223, 1, 11, -1, NULL, 8, 9, 74, 75),
(1120, 223, 1, 3, -1, NULL, 3, 12, 92, 77),
(1121, 223, 1, 5, -1, NULL, 5, 13, 95, 135),
(1122, 223, 1, 8, -1, NULL, 1, 14, 107, 87),
(1123, 223, 1, 12, -1, NULL, 12, 15, 110, 147),
(1124, 223, 1, 11, -1, NULL, 16, 16, 117, 271),
(1125, 223, 1, 2, -1, NULL, 2, 17, 127, 229),
(1126, 223, 1, 17, -1, NULL, 17, 18, 135, 128),
(1127, 223, 1, 12, -1, NULL, 13, 19, 139, 109),
(1128, 223, 1, 12, -1, NULL, 12, 20, 150, 40),
(1129, 223, 1, 11, -1, NULL, 11, 21, 153, 190),
(1130, 223, 1, 1, -1, NULL, 1, 98, 462, 95),
(1131, 223, 1, 5, -1, NULL, 5, 102, 482, 125),
(1132, 223, 1, 25, -1, NULL, 2, 103, 492, 90),
(1133, 223, 1, 27, -1, NULL, 27, 104, 499, 70),
(1134, 223, 1, 11, -1, NULL, 11, 106, 509, 73),
(1135, 223, 1, 26, 0, NULL, NULL, 23, 161, 78),
(1136, 223, 1, 11, 0, NULL, NULL, 24, 164, 24),
(1137, 223, 1, 26, 0, NULL, NULL, 26, 172, 12),
(1138, 223, 1, 26, 0, NULL, NULL, 55, 286, 14),
(1139, 224, 1, 1, -1, NULL, 1, 1, 3, 36),
(1140, 224, 1, 4, -1, NULL, 3, 2, 8, 61),
(1141, 225, 1, 1, 0, NULL, NULL, 1, 4, 151),
(1142, 225, 1, 3, 0, NULL, NULL, 3, 15, 35),
(1143, 225, 1, 3, -1, NULL, 4, 4, 27, 189),
(1144, 225, 1, 13, 0, NULL, NULL, 8, 65, 62),
(1145, 225, 1, 10, -1, NULL, 10, 7, 57, 77),
(1146, 225, 1, 11, -1, NULL, 16, 10, 78, 85),
(1147, 225, 1, 10, -1, NULL, 13, 11, 81, 131),
(1148, 225, 1, 3, -1, NULL, 3, 12, 88, 233),
(1149, 225, 1, 5, -1, NULL, 5, 13, 102, 311),
(1150, 225, 1, 8, -1, NULL, 2, 14, 108, 74),
(1151, 225, 1, 12, -1, NULL, 12, 15, 124, 185),
(1152, 225, 1, 11, -1, NULL, 11, 16, 122, 402),
(1153, 225, 1, 17, -1, NULL, 17, 18, 135, 187),
(1154, 225, 1, 12, -1, NULL, 17, 19, 142, 155),
(1155, 225, 1, 12, -1, NULL, 12, 20, 151, 82),
(1156, 225, 1, 26, -1, NULL, 26, 23, 160, 61),
(1157, 225, 1, 26, -1, NULL, 26, 25, 168, 68),
(1158, 225, 1, 26, 0, NULL, NULL, 27, 177, 53),
(1159, 225, 1, 26, 0, NULL, NULL, 55, 286, 42),
(1160, 226, 3, 20, 0, NULL, NULL, 56, 291, 65),
(1161, 226, 3, 20, 0, NULL, NULL, 57, 294, 30),
(1162, 226, 3, 20, -1, NULL, 20, 59, 303, 70),
(1163, 226, 3, 20, 0, NULL, NULL, 60, 307, 76),
(1164, 226, 3, 20, 0, NULL, NULL, 61, 310, 58),
(1165, 226, 3, 19, 0, NULL, NULL, 62, 315, 77),
(1166, 226, 3, 19, -1, NULL, 19, 63, 320, 79),
(1167, 226, 3, 19, -1, NULL, 19, 64, 322, 22),
(1168, 226, 3, 19, 0, NULL, NULL, 66, 331, 26),
(1169, 226, 3, 19, 0, NULL, NULL, 67, 334, 58),
(1170, 226, 3, 16, 0, NULL, NULL, 68, 339, 12),
(1171, 226, 3, 16, 0, NULL, NULL, 69, 342, 19),
(1172, 226, 3, 16, -1, NULL, 16, 71, 351, 39),
(1173, 226, 3, 16, -1, NULL, 16, 72, 354, 81),
(1174, 226, 3, 21, 0, NULL, NULL, 74, 363, 101),
(1175, 226, 3, 21, 0, NULL, NULL, 75, 366, 56),
(1176, 226, 3, 21, -1, NULL, 21, 77, 375, 101),
(1177, 226, 3, 21, -1, NULL, 21, 78, 378, 14),
(1178, 226, 3, 25, -1, NULL, 25, 80, 388, 66),
(1179, 226, 3, 25, -1, NULL, 25, 82, 394, 131),
(1180, 226, 3, 25, -1, NULL, 25, 84, 404, 26),
(1181, 226, 3, 22, -1, NULL, 22, 86, 410, 15),
(1182, 226, 3, 22, 0, NULL, NULL, 88, 419, 53),
(1183, 226, 3, 22, 0, NULL, NULL, 89, 422, 15),
(1184, 226, 3, 22, 0, NULL, NULL, 91, 430, 22),
(1185, 226, 3, 9, -1, NULL, 9, 92, 434, 8),
(1186, 226, 3, 9, -1, NULL, 9, 94, 444, 258),
(1187, 226, 3, 9, 0, NULL, NULL, 96, 451, 14),
(1188, 226, 3, 9, -1, NULL, 9, 97, 455, 94),
(1189, 227, 1, 1, 0, NULL, NULL, 1, 4, 29),
(1190, 227, 1, 3, 0, NULL, NULL, 3, 15, 17),
(1191, 227, 1, 3, -1, NULL, 3, 4, 21, 49),
(1192, 227, 1, 13, -1, NULL, 9, 8, 64, 160),
(1193, 227, 1, 11, -1, NULL, 16, 10, 77, 177),
(1194, 227, 1, 10, -1, NULL, 10, 11, 83, 53),
(1195, 227, 1, 3, 0, NULL, NULL, 12, 91, 35),
(1196, 227, 1, 5, -1, NULL, 5, 13, 98, 17),
(1197, 227, 1, 8, -1, NULL, 1, 14, 107, 43),
(1198, 227, 1, 12, -1, NULL, 13, 15, 111, 51),
(1199, 227, 1, 11, -1, NULL, 16, 16, 123, 252),
(1200, 227, 1, 17, 0, NULL, NULL, 18, 134, 136),
(1201, 227, 1, 12, 0, NULL, NULL, 19, 141, 128),
(1202, 227, 1, 12, -1, NULL, 12, 20, 146, 78),
(1203, 229, 1, 1, 0, NULL, NULL, 1, 4, 53),
(1204, 229, 1, 3, -1, NULL, 3, 3, 19, 59),
(1205, 227, 1, 11, -1, NULL, 11, 21, 157, 539),
(1206, 227, 1, 1, -1, NULL, 1, 98, 458, 77),
(1207, 227, 1, 3, 0, NULL, NULL, 99, 466, 19),
(1208, 229, 1, 3, 0, NULL, NULL, 6, 52, 253),
(1209, 227, 1, 5, -1, NULL, 28, 102, 487, 77),
(1210, 229, 1, 13, 0, NULL, NULL, 8, 65, 121),
(1211, 229, 1, 10, -1, NULL, 11, 7, 61, 72),
(1212, 229, 1, 11, -1, NULL, 16, 10, 78, 99),
(1213, 229, 1, 10, -1, NULL, 12, 11, 87, 133),
(1214, 227, 1, 25, -1, NULL, 25, 103, 494, 387),
(1215, 227, 1, 27, -1, NULL, 27, 104, 499, 42),
(1216, 229, 1, 3, -1, NULL, 3, 12, 90, 127),
(1217, 227, 1, 11, -1, NULL, 11, 106, 509, 90),
(1218, 227, 1, 26, 0, NULL, NULL, 23, 161, 89),
(1220, 227, 1, 11, 0, NULL, NULL, 24, 164, 93),
(1221, 227, 1, 26, 0, NULL, NULL, 26, 172, 66),
(1222, 229, 1, 5, -1, NULL, 5, 13, 96, 268),
(1223, 227, 1, 26, 0, NULL, NULL, 55, 286, 14),
(1224, 229, 1, 8, -1, NULL, 1, 14, 107, 66),
(1225, 229, 1, 12, -1, NULL, 12, 15, 124, 72),
(1226, 229, 1, 11, -1, NULL, 16, 16, 118, 346),
(1227, 229, 1, 2, -1, NULL, 2, 17, 127, 203),
(1228, 229, 1, 17, -1, NULL, 17, 18, 135, 95),
(1229, 229, 1, 12, -1, NULL, 17, 19, 142, 84),
(1230, 229, 1, 12, -1, NULL, 12, 20, 148, 37),
(1231, 229, 1, 11, 0, NULL, NULL, 21, 155, 25),
(1232, 229, 1, 1, -1, NULL, 1, 98, 458, 98),
(1233, 229, 1, 3, 0, NULL, NULL, 99, 466, 29),
(1234, 229, 1, 5, -1, NULL, 5, 102, 482, 81),
(1235, 229, 1, 25, -1, NULL, 25, 103, 490, 109),
(1236, 229, 1, 27, -1, NULL, 27, 104, 495, 23),
(1237, 229, 1, 11, 0, NULL, NULL, 106, 508, 27),
(1238, 229, 1, 26, -1, NULL, 11, 23, 163, 23),
(1239, 229, 1, 26, -1, NULL, 11, 25, 171, 7),
(1240, 229, 1, 26, 0, NULL, NULL, 27, 177, 19),
(1241, 229, 1, 26, -1, NULL, 26, 55, 287, 7),
(1242, 231, 3, 20, -1, NULL, 20, 56, 293, 27),
(1243, 231, 3, 20, -1, NULL, 20, 58, 298, 31),
(1244, 231, 3, 20, -1, NULL, 20, 60, 309, 74),
(1245, 231, 3, 19, -1, NULL, 19, 62, 314, 27),
(1246, 231, 3, 19, -1, NULL, 19, 64, 324, 40),
(1247, 231, 3, 19, -1, NULL, 19, 66, 330, 39),
(1248, 231, 3, 16, -1, NULL, 16, 68, 338, 12),
(1249, 231, 3, 16, -1, NULL, 16, 70, 349, 10),
(1250, 231, 3, 16, -1, NULL, 16, 72, 357, 15),
(1251, 231, 3, 21, -1, NULL, 21, 74, 364, 11),
(1252, 231, 3, 21, -1, NULL, 21, 76, 373, 12),
(1253, 231, 3, 21, -1, NULL, 21, 78, 381, 7),
(1254, 231, 3, 25, -1, NULL, 25, 80, 389, 5),
(1255, 231, 3, 25, -1, NULL, 25, 82, 397, 4),
(1256, 231, 3, 25, -1, NULL, 25, 84, 404, 6),
(1257, 231, 3, 22, -1, NULL, 22, 86, 413, 4),
(1258, 231, 3, 22, -1, NULL, 22, 88, 421, 3),
(1259, 231, 3, 22, -1, NULL, 22, 90, 429, 6),
(1260, 231, 3, 9, -1, NULL, 9, 92, 437, 3),
(1261, 231, 3, 9, -1, NULL, 9, 94, 442, 3),
(1262, 231, 3, 9, -1, NULL, 9, 96, 450, 7),
(1263, 232, 1, 1, 0, NULL, NULL, 1, 4, 103),
(1264, 232, 1, 3, 0, NULL, NULL, 3, 15, 21),
(1265, 232, 1, 3, -1, NULL, 3, 4, 23, 82),
(1266, 232, 1, 13, 0, NULL, NULL, 8, 65, 115),
(1267, 232, 1, 10, -1, NULL, 10, 7, 57, 180),
(1268, 232, 1, 11, -1, NULL, 16, 10, 78, 131),
(1269, 232, 1, 10, -1, NULL, 12, 11, 86, 214),
(1270, 232, 1, 3, -1, NULL, 3, 12, 92, 25),
(1271, 232, 1, 5, -1, NULL, 5, 13, 95, 54),
(1272, 232, 1, 8, 0, NULL, NULL, 14, 104, 58),
(1273, 232, 1, 12, -1, NULL, 12, 15, 110, 59),
(1274, 232, 1, 11, -1, NULL, 16, 16, 123, 41),
(1275, 232, 1, 17, 0, NULL, NULL, 18, 134, 100),
(1276, 232, 1, 12, -1, NULL, 13, 19, 139, 98),
(1277, 232, 1, 12, 0, NULL, NULL, 20, 149, 78),
(1278, 234, 1, 1, 0, NULL, NULL, 1, 4, 5),
(1279, 234, 1, 3, -1, NULL, 3, 3, 17, 33),
(1280, 234, 1, 3, -1, NULL, 3, 6, 53, 37),
(1281, 234, 1, 13, -1, NULL, 9, 8, 64, 45),
(1282, 234, 1, 11, -1, NULL, 16, 10, 78, 72),
(1283, 234, 1, 10, -1, NULL, 10, 11, 83, 49),
(1284, 234, 1, 3, -1, NULL, 3, 12, 88, 41),
(1285, 234, 1, 5, -1, NULL, 3, 13, 101, 29),
(1286, 234, 1, 8, -1, NULL, 2, 14, 108, 54),
(1287, 234, 1, 12, -1, NULL, 13, 15, 109, 38),
(1288, 234, 1, 11, -1, NULL, 16, 16, 123, 35),
(1289, 235, 1, 1, 0, NULL, NULL, 1, 4, 48),
(1290, 235, 1, 3, 0, NULL, NULL, 3, 15, 24),
(1291, 234, 1, 17, -1, NULL, 17, 18, 137, 37),
(1292, 235, 1, 3, -1, NULL, 3, 4, 21, 46),
(1293, 234, 1, 12, -1, NULL, 12, 19, 144, 58),
(1294, 234, 1, 26, -1, NULL, 26, 23, 160, 35),
(1295, 234, 1, 26, 0, NULL, NULL, 25, 169, 14),
(1296, 234, 1, 26, 0, NULL, NULL, 26, 172, 9),
(1297, 234, 1, 26, -1, NULL, 26, 55, 287, 19),
(1298, 235, 1, 13, 0, NULL, NULL, 8, 65, 143),
(1299, 235, 1, 10, 0, NULL, NULL, 7, 60, 152),
(1300, 235, 1, 11, 0, NULL, NULL, 10, 79, 116),
(1301, 235, 1, 10, -1, NULL, 13, 11, 81, 135),
(1302, 235, 1, 3, -1, NULL, 3, 12, 89, 69),
(1303, 235, 1, 5, -1, NULL, 5, 13, 96, 23),
(1304, 235, 1, 8, 0, NULL, NULL, 14, 104, 57),
(1305, 235, 1, 12, -1, NULL, 12, 15, 110, 70),
(1306, 235, 1, 11, 0, NULL, NULL, 16, 121, 216),
(1307, 235, 1, 2, -1, NULL, 2, 17, 127, 65),
(1308, 235, 1, 17, -1, NULL, 17, 18, 137, 63),
(1309, 235, 1, 12, -1, NULL, 12, 19, 144, 37),
(1310, 235, 1, 26, 0, NULL, NULL, 23, 161, 158),
(1311, 235, 1, 11, 0, NULL, NULL, 24, 164, 26),
(1312, 235, 1, 26, 0, NULL, NULL, 26, 172, 31),
(1313, 235, 1, 26, 0, NULL, NULL, 55, 286, 13),
(1316, 237, 1, 1, -1, NULL, 1, 1, 3, 81),
(1317, 237, 1, 4, 0, NULL, NULL, 2, 12, 52),
(1318, 237, 1, 4, -1, NULL, 4, 5, 32, 64),
(1319, 237, 1, 3, 0, NULL, NULL, 6, 52, 83),
(1320, 237, 1, 13, 0, NULL, NULL, 8, 65, 90),
(1321, 237, 1, 10, -1, NULL, 10, 7, 57, 88),
(1322, 238, 1, 1, 0, NULL, NULL, 1, 4, 43),
(1323, 237, 1, 11, -1, NULL, 16, 10, 78, 75),
(1324, 238, 1, 3, 0, NULL, NULL, 3, 15, 35),
(1325, 238, 1, 3, -1, NULL, 4, 4, 27, 64),
(1326, 237, 1, 10, -1, NULL, 12, 11, 87, 105),
(1327, 238, 1, 13, -1, NULL, 11, 8, 67, 53),
(1328, 237, 1, 3, -1, NULL, 3, 12, 88, 43),
(1329, 238, 1, 11, -1, NULL, 16, 10, 78, 47),
(1330, 237, 1, 5, -1, NULL, 5, 13, 102, 65),
(1331, 237, 1, 5, -1, NULL, 5, 13, 102, 65),
(1332, 237, 1, 8, 0, NULL, NULL, 14, 104, 41),
(1333, 238, 1, 10, -1, NULL, 10, 11, 83, 98),
(1334, 237, 1, 12, -1, NULL, 2, 15, 125, 88),
(1335, 238, 1, 3, 0, NULL, NULL, 12, 91, 103),
(1336, 238, 1, 5, -1, NULL, 5, 13, 95, 94),
(1337, 237, 1, 11, -1, NULL, 9, 16, 120, 122),
(1338, 238, 1, 8, -1, NULL, 1, 14, 107, 27),
(1339, 237, 1, 2, -1, NULL, 16, 17, 128, 46),
(1340, 238, 1, 12, -1, NULL, 2, 15, 125, 52),
(1341, 237, 1, 17, -1, NULL, 17, 18, 137, 45),
(1342, 237, 1, 12, -1, NULL, 17, 19, 142, 86),
(1343, 237, 1, 12, -1, NULL, 12, 20, 145, 43),
(1344, 238, 1, 11, -1, NULL, 11, 16, 122, 179),
(1345, 237, 1, 11, -1, NULL, 2, 21, 159, 35),
(1346, 238, 1, 17, -1, NULL, 17, 18, 137, 70),
(1347, 238, 1, 12, -1, NULL, 13, 19, 139, 95),
(1348, 237, 1, 1, -1, NULL, 1, 98, 458, 158),
(1349, 237, 1, 3, 0, NULL, NULL, 99, 466, 19),
(1350, 238, 1, 12, -1, NULL, 12, 20, 151, 39),
(1351, 237, 1, 5, -1, NULL, 5, 102, 482, 65),
(1352, 238, 1, 26, -1, NULL, 26, 23, 160, 51),
(1353, 238, 1, 26, -1, NULL, 26, 25, 168, 105),
(1354, 238, 1, 26, -1, NULL, 26, 27, 178, 16),
(1355, 237, 1, 25, -1, NULL, 2, 103, 492, 125),
(1356, 237, 1, 27, -1, NULL, 27, 104, 499, 59),
(1357, 239, 3, 20, -1, NULL, 20, 56, 290, 54),
(1358, 237, 1, 11, -1, NULL, 2, 106, 512, 55),
(1359, 239, 3, 20, -1, NULL, 20, 58, 298, 27),
(1360, 239, 3, 20, -1, NULL, 20, 60, 308, 12),
(1361, 239, 3, 19, -1, NULL, 19, 62, 314, 33),
(1362, 239, 3, 19, 0, NULL, NULL, 64, 323, 17),
(1363, 237, 1, 26, -1, NULL, 11, 23, 163, 80),
(1364, 239, 3, 19, -1, NULL, 19, 65, 329, 38),
(1365, 237, 1, 26, 0, NULL, NULL, 25, 169, 26),
(1366, 239, 3, 19, -1, NULL, 19, 66, 330, 14),
(1367, 239, 3, 16, -1, NULL, 16, 68, 338, 37),
(1368, 237, 1, 26, 0, NULL, NULL, 26, 172, 21),
(1369, 239, 3, 16, -1, NULL, 16, 70, 346, 10),
(1370, 239, 3, 16, -1, NULL, 16, 72, 354, 15),
(1371, 239, 3, 21, 0, NULL, NULL, 74, 363, 15),
(1372, 237, 1, 26, 0, NULL, NULL, 55, 286, 47),
(1373, 239, 3, 21, -1, NULL, 21, 75, 367, 42),
(1374, 239, 3, 21, -1, NULL, 21, 76, 370, 19),
(1375, 239, 3, 21, 0, NULL, NULL, 78, 379, 27),
(1376, 239, 3, 21, -1, NULL, 21, 79, 385, 31),
(1377, 239, 3, 25, 0, NULL, NULL, 80, 387, 38),
(1378, 239, 3, 25, -1, NULL, 25, 81, 393, 8),
(1379, 239, 3, 25, -1, NULL, 25, 82, 397, 15),
(1380, 239, 3, 25, -1, NULL, 25, 84, 402, 12),
(1381, 239, 3, 22, 0, NULL, NULL, 86, 411, 22),
(1382, 239, 3, 22, -1, NULL, 22, 87, 415, 14),
(1383, 239, 3, 22, -1, NULL, 22, 88, 418, 37),
(1384, 239, 3, 22, -1, NULL, 22, 90, 426, 17),
(1385, 239, 3, 9, -1, NULL, 9, 92, 434, 8),
(1386, 239, 3, 9, 0, NULL, NULL, 94, 443, 23),
(1387, 239, 3, 9, 0, NULL, NULL, 95, 446, 10),
(1388, 239, 3, 9, -1, NULL, 9, 97, 455, 13),
(1389, 240, 3, 20, 0, NULL, NULL, 56, 291, 36),
(1390, 240, 3, 20, 0, NULL, NULL, 57, 294, 22),
(1391, 240, 3, 20, 0, NULL, NULL, 59, 302, 36),
(1392, 240, 3, 20, 0, NULL, NULL, 61, 310, 10),
(1393, 240, 3, 19, -1, NULL, 19, 62, 314, 16),
(1394, 240, 3, 19, 0, NULL, NULL, 64, 323, 52),
(1395, 241, 1, 1, 0, NULL, NULL, 1, 4, 82),
(1396, 240, 3, 19, -1, NULL, 19, 65, 327, 34),
(1397, 240, 3, 19, -1, NULL, 19, 66, 330, 11),
(1398, 240, 3, 16, 0, NULL, NULL, 68, 339, 23),
(1399, 240, 3, 16, -1, NULL, 16, 69, 343, 31),
(1400, 241, 1, 3, 0, NULL, NULL, 3, 15, 106),
(1401, 240, 3, 16, 0, NULL, NULL, 70, 347, 28),
(1402, 240, 3, 16, -1, NULL, 16, 71, 351, 25),
(1403, 240, 3, 16, -1, NULL, 16, 72, 354, 47),
(1404, 240, 3, 21, 0, NULL, NULL, 74, 363, 28),
(1405, 241, 1, 3, -1, NULL, 3, 4, 22, 119),
(1406, 240, 3, 21, 0, NULL, NULL, 75, 366, 19),
(1407, 240, 3, 21, -1, NULL, 21, 77, 375, 35),
(1408, 240, 3, 21, -1, NULL, 21, 78, 378, 16),
(1409, 240, 3, 25, -1, NULL, 25, 80, 386, 35),
(1410, 241, 1, 13, -1, NULL, 9, 8, 64, 122),
(1411, 240, 3, 25, 0, NULL, NULL, 82, 395, 36),
(1412, 240, 3, 25, -1, NULL, 25, 83, 399, 42),
(1413, 240, 3, 25, -1, NULL, 25, 84, 402, 23),
(1414, 240, 3, 22, -1, NULL, 22, 86, 410, 19),
(1415, 240, 3, 22, -1, NULL, 22, 88, 418, 41),
(1416, 240, 3, 22, -1, NULL, 22, 90, 426, 17),
(1417, 240, 3, 9, -1, NULL, 9, 92, 434, 4),
(1418, 240, 3, 9, -1, NULL, 9, 94, 442, 9),
(1419, 240, 3, 9, -1, NULL, 9, 96, 450, 31),
(1420, 241, 1, 11, -1, NULL, 16, 10, 78, 329),
(1421, 241, 1, 10, 0, NULL, NULL, 11, 84, 208),
(1422, 241, 1, 11, -1, NULL, 8, 9, 74, 427),
(1423, 241, 1, 3, -1, NULL, 3, 12, 92, 375),
(1424, 241, 1, 5, -1, NULL, 5, 13, 95, 66),
(1425, 241, 1, 8, 0, NULL, NULL, 14, 104, 166),
(1426, 241, 1, 12, -1, NULL, 12, 15, 124, 147),
(1427, 241, 1, 11, -1, NULL, 16, 16, 123, 861),
(1428, 241, 1, 17, -1, NULL, 17, 18, 135, 140),
(1429, 241, 1, 12, -1, NULL, 12, 19, 144, 505),
(1430, 241, 1, 26, 0, NULL, NULL, 23, 161, 95),
(1431, 241, 1, 11, -1, NULL, 26, 24, 165, 146),
(1432, 241, 1, 26, -1, NULL, 26, 25, 168, 30),
(1433, 241, 1, 26, -1, NULL, 26, 27, 176, 16),
(1434, 242, 3, 20, 0, NULL, NULL, 56, 291, 55),
(1435, 242, 3, 20, -1, NULL, 20, 57, 295, 56),
(1436, 242, 3, 20, 0, NULL, NULL, 58, 299, 47),
(1437, 242, 3, 20, 0, NULL, NULL, 59, 302, 24),
(1438, 242, 3, 20, 0, NULL, NULL, 61, 310, 37),
(1439, 242, 3, 19, -1, NULL, 19, 62, 314, 32),
(1440, 242, 3, 19, 0, NULL, NULL, 64, 323, 119),
(1441, 242, 3, 19, -1, NULL, 19, 65, 328, 133),
(1442, 242, 3, 19, 0, NULL, NULL, 66, 331, 147),
(1443, 242, 3, 19, 0, NULL, NULL, 67, 334, 76),
(1444, 243, 1, 1, -1, NULL, 1, 1, 2, 41),
(1445, 242, 3, 16, 0, NULL, NULL, 68, 339, 49),
(1446, 243, 1, 4, 0, NULL, NULL, 2, 12, 58),
(1447, 242, 3, 16, 0, NULL, NULL, 69, 342, 39),
(1448, 243, 1, 4, -1, NULL, 4, 5, 32, 19),
(1449, 243, 1, 3, -1, NULL, 3, 6, 50, 130),
(1450, 242, 3, 16, -1, NULL, 16, 71, 352, 204),
(1451, 243, 1, 13, -1, NULL, 12, 8, 66, 87),
(1452, 242, 3, 16, -1, NULL, 16, 72, 356, 111),
(1453, 243, 1, 11, -1, NULL, 16, 10, 78, 82),
(1454, 242, 3, 21, -1, NULL, 21, 74, 362, 25),
(1455, 243, 1, 10, -1, NULL, 12, 11, 87, 149),
(1456, 243, 1, 3, -1, NULL, 3, 12, 88, 38),
(1457, 244, 1, 1, 0, NULL, NULL, 1, 4, 71),
(1458, 242, 3, 21, -1, NULL, 21, 76, 370, 169),
(1459, 242, 3, 21, -1, NULL, 21, 78, 378, 31),
(1460, 244, 1, 3, -1, NULL, 3, 3, 20, 51),
(1461, 243, 1, 5, -1, NULL, 5, 13, 97, 53),
(1462, 243, 1, 8, -1, NULL, 1, 14, 107, 86),
(1463, 244, 1, 3, -1, NULL, 3, 4, 21, 90),
(1464, 242, 3, 25, 0, NULL, NULL, 80, 387, 120),
(1465, 244, 1, 13, -1, NULL, 12, 8, 63, 85),
(1466, 243, 1, 12, -1, NULL, 12, 15, 124, 101),
(1467, 244, 1, 11, -1, NULL, 16, 10, 78, 68),
(1468, 242, 3, 25, -1, NULL, 25, 81, 391, 159),
(1469, 244, 1, 10, -1, NULL, 12, 11, 87, 118),
(1470, 242, 3, 25, -1, NULL, 25, 82, 396, 155),
(1471, 244, 1, 3, -1, NULL, 3, 12, 93, 115),
(1472, 242, 3, 25, 0, NULL, NULL, 84, 403, 73),
(1473, 243, 1, 11, -1, NULL, 16, 16, 123, 328),
(1474, 243, 1, 17, -1, NULL, 17, 18, 138, 56),
(1475, 244, 1, 8, -1, NULL, 1, 14, 107, 107),
(1476, 242, 3, 25, -1, NULL, 25, 85, 408, 107),
(1477, 242, 3, 22, 0, NULL, NULL, 86, 411, 10),
(1478, 242, 3, 22, -1, NULL, 22, 87, 415, 19),
(1479, 244, 1, 12, -1, NULL, 12, 15, 112, 84),
(1480, 243, 1, 12, -1, NULL, 12, 19, 144, 100),
(1481, 242, 3, 22, -1, NULL, 22, 88, 418, 43),
(1482, 242, 3, 22, -1, NULL, 22, 90, 426, 27),
(1483, 243, 1, 26, -1, NULL, 26, 23, 160, 50),
(1484, 242, 3, 9, -1, NULL, 9, 92, 434, 25),
(1485, 242, 3, 9, 0, NULL, NULL, 94, 443, 28),
(1486, 243, 1, 26, 0, NULL, NULL, 25, 169, 43),
(1487, 242, 3, 9, 0, NULL, NULL, 95, 446, 13),
(1488, 244, 1, 11, -1, NULL, 16, 16, 123, 111),
(1489, 243, 1, 26, 0, NULL, NULL, 26, 172, 26),
(1490, 242, 3, 9, 0, NULL, NULL, 97, 454, 34),
(1491, 243, 1, 26, 0, NULL, NULL, 55, 286, 19),
(1492, 244, 1, 17, -1, NULL, 17, 18, 132, 101),
(1493, 244, 1, 12, -1, NULL, 12, 19, 144, 66),
(1494, 244, 1, 26, -1, NULL, 26, 23, 160, 48),
(1495, 244, 1, 26, 0, NULL, NULL, 25, 169, 36),
(1496, 244, 1, 26, -1, NULL, 26, 26, 174, 27),
(1497, 244, 1, 26, -1, NULL, 26, 27, 176, 34),
(1498, 245, 1, 1, 0, NULL, NULL, 1, 4, 51),
(1499, 245, 1, 3, 0, NULL, NULL, 3, 15, 46),
(1500, 245, 1, 3, -1, NULL, 3, 4, 24, 97),
(1501, 245, 1, 13, 0, NULL, NULL, 8, 65, 94),
(1502, 245, 1, 10, 0, NULL, NULL, 7, 60, 77),
(1503, 245, 1, 11, 0, NULL, NULL, 10, 79, 175),
(1504, 245, 1, 10, -1, NULL, 12, 11, 85, 118),
(1505, 245, 1, 3, 0, NULL, NULL, 12, 91, 43),
(1506, 245, 1, 5, 0, NULL, NULL, 13, 99, 112),
(1507, 245, 1, 8, -1, NULL, 1, 14, 107, 192),
(1508, 245, 1, 12, -1, NULL, 12, 15, 112, 246),
(1509, 245, 1, 11, -1, NULL, 16, 16, 123, 458),
(1510, 245, 1, 17, 0, NULL, NULL, 18, 134, 224),
(1511, 245, 1, 12, -1, NULL, 13, 19, 139, 24),
(1512, 245, 1, 12, 0, NULL, NULL, 20, 149, 238),
(1513, 245, 1, 11, -1, NULL, 2, 21, 159, 68),
(1514, 245, 1, 1, 0, NULL, NULL, 98, 460, 200),
(1515, 245, 1, 3, -1, NULL, 3, 100, 475, 47),
(1516, 245, 1, 5, -1, NULL, 1, 102, 489, 24),
(1517, 246, 3, 20, 0, NULL, NULL, 56, 291, 43),
(1518, 246, 3, 20, 0, NULL, NULL, 57, 294, 26),
(1519, 246, 3, 20, -1, NULL, 20, 59, 303, 66),
(1520, 246, 3, 20, 0, NULL, NULL, 60, 307, 29),
(1521, 246, 3, 20, 0, NULL, NULL, 61, 310, 17),
(1522, 246, 3, 19, 0, NULL, NULL, 62, 315, 75),
(1523, 246, 3, 19, 0, NULL, NULL, 63, 318, 56),
(1524, 246, 3, 19, 0, NULL, NULL, 65, 326, 50),
(1525, 246, 3, 19, 0, NULL, NULL, 67, 334, 95),
(1526, 246, 3, 16, 0, NULL, NULL, 68, 339, 19),
(1527, 246, 3, 16, 0, NULL, NULL, 69, 342, 31),
(1528, 246, 3, 16, -1, NULL, 16, 71, 351, 55),
(1529, 246, 3, 16, -1, NULL, 16, 72, 356, 51),
(1530, 246, 3, 21, -1, NULL, 21, 74, 364, 41),
(1531, 246, 3, 21, -1, NULL, 21, 76, 370, 90),
(1532, 246, 3, 21, -1, NULL, 21, 78, 378, 19),
(1533, 246, 3, 25, -1, NULL, 25, 80, 389, 22),
(1534, 246, 3, 25, -1, NULL, 25, 82, 397, 18),
(1535, 246, 3, 25, -1, NULL, 25, 84, 405, 15),
(1536, 246, 3, 22, -1, NULL, 22, 86, 410, 7),
(1537, 246, 3, 22, -1, NULL, 22, 88, 418, 32),
(1538, 246, 3, 22, 0, NULL, NULL, 90, 427, 44),
(1539, 246, 3, 22, -1, NULL, 22, 91, 431, 47),
(1540, 246, 3, 9, -1, NULL, 9, 92, 434, 9),
(1541, 246, 3, 9, -1, NULL, 9, 94, 442, 5),
(1542, 246, 3, 9, -1, NULL, 9, 96, 450, 87),
(1543, 247, 3, 20, 0, NULL, NULL, 56, 291, 20),
(1544, 247, 3, 20, 0, NULL, NULL, 57, 294, 28),
(1545, 247, 3, 20, -1, NULL, 20, 59, 304, 18),
(1546, 247, 3, 20, 0, NULL, NULL, 60, 307, 11),
(1547, 247, 3, 20, 0, NULL, NULL, 61, 310, 8),
(1548, 247, 3, 19, -1, NULL, 19, 62, 314, 18),
(1549, 247, 3, 19, -1, NULL, 19, 64, 324, 3),
(1550, 247, 3, 19, -1, NULL, 19, 66, 332, 10),
(1551, 247, 3, 16, 0, NULL, NULL, 68, 339, 14),
(1552, 247, 3, 16, 0, NULL, NULL, 69, 342, 24),
(1553, 247, 3, 16, -1, NULL, 16, 71, 352, 18),
(1554, 247, 3, 16, -1, NULL, 16, 72, 356, 133),
(1555, 247, 3, 21, -1, NULL, 21, 74, 364, 5),
(1556, 247, 3, 21, -1, NULL, 21, 76, 370, 20),
(1557, 247, 3, 21, -1, NULL, 21, 78, 380, 3),
(1558, 247, 3, 25, -1, NULL, 25, 80, 386, 9),
(1559, 247, 3, 25, -1, NULL, 25, 82, 396, 3),
(1560, 247, 3, 25, -1, NULL, 25, 84, 405, 7),
(1561, 247, 3, 22, -1, NULL, 22, 86, 412, 8),
(1562, 247, 3, 22, -1, NULL, 22, 88, 421, 14),
(1563, 247, 3, 22, -1, NULL, 22, 90, 429, 10),
(1564, 247, 3, 9, -1, NULL, 9, 92, 434, 5),
(1565, 247, 3, 9, 0, NULL, NULL, 94, 443, 5),
(1566, 247, 3, 9, -1, NULL, 9, 95, 447, 6),
(1567, 247, 3, 9, -1, NULL, 9, 96, 450, 4),
(1568, 248, 1, 1, 0, NULL, NULL, 1, 4, 38),
(1569, 248, 1, 3, 0, NULL, NULL, 3, 15, 40),
(1570, 248, 1, 3, -1, NULL, 3, 4, 21, 44),
(1571, 248, 1, 13, 0, NULL, NULL, 8, 65, 85),
(1572, 248, 1, 10, -1, NULL, 11, 7, 62, 36),
(1573, 248, 1, 11, 0, NULL, NULL, 10, 79, 78),
(1574, 248, 1, 10, 0, NULL, NULL, 11, 84, 78),
(1575, 248, 1, 11, -1, NULL, 8, 9, 74, 46),
(1576, 248, 1, 3, -1, NULL, 3, 12, 88, 28),
(1577, 248, 1, 5, -1, NULL, 5, 13, 97, 18),
(1578, 248, 1, 8, -1, NULL, 1, 14, 107, 35),
(1579, 248, 1, 12, -1, NULL, 13, 15, 111, 48),
(1580, 248, 1, 11, -1, NULL, 16, 16, 123, 84),
(1581, 248, 1, 17, -1, NULL, 17, 18, 132, 52),
(1582, 248, 1, 12, -1, NULL, 12, 19, 144, 44),
(1583, 248, 1, 26, -1, NULL, 26, 23, 160, 32),
(1584, 248, 1, 26, 0, NULL, NULL, 25, 169, 18),
(1585, 248, 1, 26, -1, NULL, 26, 26, 175, 21),
(1586, 248, 1, 26, -1, NULL, 26, 27, 176, 18),
(1587, 249, 3, 20, -1, NULL, 20, 56, 290, 22),
(1588, 249, 3, 20, 0, NULL, NULL, 58, 299, 15),
(1589, 249, 3, 20, 0, NULL, NULL, 59, 302, 19),
(1590, 249, 3, 20, -1, NULL, 20, 61, 311, 24),
(1591, 249, 3, 19, 0, NULL, NULL, 62, 315, 33),
(1592, 249, 3, 19, -1, NULL, 19, 63, 321, 15),
(1593, 249, 3, 19, -1, NULL, 19, 64, 324, 17),
(1594, 249, 3, 19, 0, NULL, NULL, 66, 331, 49),
(1595, 249, 3, 19, 0, NULL, NULL, 67, 334, 28),
(1596, 249, 3, 16, -1, NULL, 16, 68, 338, 14),
(1597, 249, 3, 16, -1, NULL, 16, 70, 346, 12),
(1598, 249, 3, 16, -1, NULL, 16, 72, 354, 10),
(1599, 249, 3, 21, -1, NULL, 21, 74, 362, 6),
(1600, 249, 3, 21, -1, NULL, 21, 76, 372, 9),
(1601, 249, 3, 21, -1, NULL, 21, 78, 380, 3),
(1602, 249, 3, 25, -1, NULL, 25, 80, 388, 8),
(1603, 249, 3, 25, -1, NULL, 25, 82, 394, 18),
(1604, 249, 3, 25, -1, NULL, 25, 84, 402, 6),
(1605, 249, 3, 22, -1, NULL, 22, 86, 410, 8),
(1606, 249, 3, 22, -1, NULL, 22, 88, 418, 25),
(1607, 249, 3, 22, 0, NULL, NULL, 90, 427, 21),
(1608, 249, 3, 22, -1, NULL, 22, 91, 432, 2),
(1609, 249, 3, 9, -1, NULL, 9, 92, 434, 10),
(1610, 249, 3, 9, 0, NULL, NULL, 94, 443, 10),
(1611, 249, 3, 9, 0, NULL, NULL, 95, 446, 15),
(1612, 249, 3, 9, -1, NULL, 9, 97, 455, 13),
(1613, 250, 1, 1, 0, NULL, NULL, 1, 4, 56),
(1614, 250, 1, 3, -1, NULL, 3, 3, 18, 24),
(1615, 250, 1, 3, -1, NULL, 3, 6, 53, 86),
(1616, 250, 1, 13, 0, NULL, NULL, 8, 65, 41),
(1617, 250, 1, 10, -1, NULL, 9, 7, 56, 102),
(1618, 250, 1, 11, -1, NULL, 16, 10, 78, 32),
(1619, 250, 1, 10, -1, NULL, 12, 11, 87, 60),
(1620, 250, 1, 3, -1, NULL, 3, 12, 90, 21),
(1621, 250, 1, 5, -1, NULL, 5, 13, 98, 22),
(1622, 250, 1, 8, -1, NULL, 1, 14, 107, 20),
(1623, 250, 1, 12, -1, NULL, 13, 15, 109, 44),
(1624, 250, 1, 11, -1, NULL, 16, 16, 123, 15),
(1625, 250, 1, 17, -1, NULL, 17, 18, 132, 27),
(1626, 250, 1, 12, 0, NULL, NULL, 19, 141, 21),
(1627, 250, 1, 12, -1, NULL, 12, 20, 145, 18),
(1628, 250, 1, 11, -1, NULL, 11, 21, 153, 21),
(1629, 250, 1, 1, -1, NULL, 1, 98, 459, 36),
(1630, 250, 1, 5, -1, NULL, 1, 102, 489, 8),
(1631, 250, 1, 25, 0, NULL, NULL, 103, 491, 45),
(1632, 250, 1, 27, -1, NULL, 27, 104, 499, 9),
(1633, 250, 1, 11, -1, NULL, 11, 106, 513, 7),
(1634, 250, 1, 26, -1, NULL, 11, 23, 162, 17),
(1635, 250, 1, 26, -1, NULL, 26, 25, 168, 11),
(1636, 250, 1, 26, 0, NULL, NULL, 27, 177, 7),
(1637, 250, 1, 26, -1, NULL, 26, 55, 287, 7),
(1638, 251, 1, 1, 0, NULL, NULL, 1, 4, 38),
(1639, 251, 1, 3, -1, NULL, 3, 3, 19, 41),
(1640, 251, 1, 3, 0, NULL, NULL, 6, 52, 54),
(1641, 251, 1, 13, -1, NULL, 11, 8, 68, 45),
(1642, 251, 1, 11, -1, NULL, 16, 10, 78, 51),
(1643, 251, 1, 10, -1, NULL, 10, 11, 83, 41),
(1644, 251, 1, 3, -1, NULL, 3, 12, 90, 51),
(1645, 251, 1, 5, 0, NULL, NULL, 13, 99, 20),
(1646, 251, 1, 8, -1, NULL, 1, 14, 107, 65),
(1647, 251, 1, 12, 0, NULL, NULL, 15, 116, 37),
(1648, 251, 1, 11, -1, NULL, 16, 16, 123, 115),
(1649, 251, 1, 17, -1, NULL, 17, 18, 132, 73),
(1650, 251, 1, 12, 0, NULL, NULL, 19, 141, 25),
(1651, 251, 1, 12, -1, NULL, 12, 20, 150, 49),
(1652, 251, 1, 11, -1, NULL, 12, 21, 156, 162),
(1653, 251, 1, 1, 0, NULL, NULL, 98, 460, 88),
(1654, 251, 1, 3, -1, NULL, 3, 100, 475, 49),
(1655, 251, 1, 5, 0, NULL, NULL, 102, 484, 52),
(1656, 251, 1, 25, -1, NULL, 25, 103, 494, 134),
(1657, 251, 1, 27, 0, NULL, NULL, 104, 497, 38),
(1658, 251, 1, 27, 0, NULL, NULL, 105, 503, 30),
(1659, 251, 1, 12, 0, NULL, NULL, 107, 515, 50),
(1660, 251, 1, 11, 0, NULL, NULL, 106, 508, 205),
(1661, 251, 1, 26, 0, NULL, NULL, 23, 161, 38),
(1662, 251, 1, 11, 0, NULL, NULL, 24, 164, 23),
(1663, 251, 1, 26, 0, NULL, NULL, 26, 172, 29),
(1664, 251, 1, 26, 0, NULL, NULL, 55, 286, 9),
(1665, 252, 1, 1, 0, NULL, NULL, 1, 4, 22),
(1666, 252, 1, 3, 0, NULL, NULL, 3, 15, 18),
(1667, 252, 1, 3, 0, NULL, NULL, 4, 26, 65),
(1668, 252, 1, 13, 0, NULL, NULL, 8, 65, 146),
(1669, 252, 1, 10, -1, NULL, 10, 7, 57, 80),
(1670, 252, 1, 11, 0, NULL, NULL, 10, 79, 62),
(1671, 252, 1, 10, -1, NULL, 10, 11, 83, 36),
(1672, 252, 1, 3, -1, NULL, 3, 12, 88, 40),
(1673, 252, 1, 5, -1, NULL, 5, 13, 102, 22),
(1674, 252, 1, 8, -1, NULL, 13, 14, 105, 74),
(1675, 252, 1, 12, 0, NULL, NULL, 15, 116, 81),
(1676, 253, 3, 20, 0, NULL, NULL, 56, 291, 62),
(1677, 253, 3, 20, 0, NULL, NULL, 57, 294, 20),
(1678, 253, 3, 20, -1, NULL, 20, 59, 303, 62),
(1679, 253, 3, 20, 0, NULL, NULL, 60, 307, 16),
(1680, 253, 3, 20, 0, NULL, NULL, 61, 310, 18),
(1681, 253, 3, 19, 0, NULL, NULL, 62, 315, 37),
(1682, 253, 3, 19, 0, NULL, NULL, 63, 318, 26),
(1683, 253, 3, 19, 0, NULL, NULL, 65, 326, 64),
(1684, 253, 3, 19, 0, NULL, NULL, 67, 334, 27),
(1685, 253, 3, 16, 0, NULL, NULL, 68, 339, 28),
(1686, 253, 3, 16, -1, NULL, 16, 69, 343, 54),
(1687, 253, 3, 16, 0, NULL, NULL, 70, 347, 25),
(1688, 253, 3, 16, -1, NULL, 16, 71, 351, 34),
(1689, 253, 3, 16, 0, NULL, NULL, 72, 355, 10),
(1690, 253, 3, 16, 0, NULL, NULL, 73, 358, 41),
(1691, 253, 3, 21, 0, NULL, NULL, 74, 363, 36),
(1692, 253, 3, 21, 0, NULL, NULL, 75, 366, 12),
(1693, 253, 3, 21, 0, NULL, NULL, 77, 374, 53),
(1694, 253, 3, 21, -1, NULL, 21, 79, 383, 67),
(1695, 253, 3, 25, 0, NULL, NULL, 80, 387, 34),
(1696, 253, 3, 25, 0, NULL, NULL, 81, 390, 47),
(1697, 253, 3, 25, -1, NULL, 25, 83, 399, 35),
(1698, 253, 3, 25, 0, NULL, NULL, 84, 403, 26),
(1699, 253, 3, 25, -1, NULL, 25, 85, 407, 15),
(1700, 253, 3, 22, -1, NULL, 22, 86, 410, 9),
(1701, 253, 3, 22, 0, NULL, NULL, 88, 419, 30),
(1702, 253, 3, 22, 0, NULL, NULL, 89, 422, 15),
(1703, 253, 3, 22, 0, NULL, NULL, 91, 430, 34),
(1704, 253, 3, 9, -1, NULL, 9, 92, 434, 17),
(1705, 253, 3, 9, 0, NULL, NULL, 94, 443, 25),
(1706, 253, 3, 9, 0, NULL, NULL, 95, 446, 30),
(1707, 253, 3, 9, 0, NULL, NULL, 97, 454, 31),
(1708, 254, 1, 1, 0, NULL, NULL, 1, 4, 30),
(1709, 254, 1, 3, 0, NULL, NULL, 3, 15, 31),
(1710, 254, 1, 3, 0, NULL, NULL, 4, 26, 133),
(1711, 254, 1, 13, 0, NULL, NULL, 8, 65, 69),
(1712, 254, 1, 10, -1, NULL, 10, 7, 57, 101),
(1713, 254, 1, 11, 0, NULL, NULL, 10, 79, 57),
(1714, 254, 1, 10, -1, NULL, 13, 11, 81, 74),
(1715, 254, 1, 3, -1, NULL, 3, 12, 89, 20),
(1716, 254, 1, 5, -1, NULL, 5, 13, 96, 44),
(1717, 254, 1, 8, 0, NULL, NULL, 14, 104, 86),
(1718, 254, 1, 12, 0, NULL, NULL, 15, 116, 73),
(1719, 254, 1, 11, -1, NULL, 9, 16, 120, 280),
(1720, 254, 1, 2, -1, NULL, 2, 17, 129, 67),
(1721, 254, 1, 17, -1, NULL, 17, 18, 136, 81),
(1722, 254, 1, 12, 0, NULL, NULL, 19, 141, 39),
(1723, 254, 1, 12, -1, NULL, 12, 20, 145, 56),
(1724, 254, 1, 11, 0, NULL, NULL, 21, 155, 115),
(1725, 254, 1, 1, -1, NULL, 1, 98, 458, 90),
(1726, 254, 1, 3, 0, NULL, NULL, 99, 466, 15),
(1727, 254, 1, 5, -1, NULL, 1, 102, 489, 43),
(1728, 254, 1, 25, -1, NULL, 25, 103, 490, 38),
(1729, 254, 1, 27, -1, NULL, 27, 104, 499, 43),
(1730, 254, 1, 11, -1, NULL, 11, 106, 511, 51),
(1731, 254, 1, 26, -1, NULL, 26, 23, 160, 49),
(1732, 254, 1, 26, 0, NULL, NULL, 25, 169, 16),
(1733, 254, 1, 26, 0, NULL, NULL, 26, 172, 9),
(1734, 254, 1, 26, 0, NULL, NULL, 55, 286, 25),
(1735, 255, 1, 1, 0, NULL, NULL, 1, 4, 148),
(1736, 255, 1, 3, 0, NULL, NULL, 3, 15, 30),
(1737, 255, 1, 3, -1, NULL, 3, 4, 21, 75),
(1738, 255, 1, 13, 0, NULL, NULL, 8, 65, 88),
(1739, 255, 1, 10, 0, NULL, NULL, 7, 60, 171),
(1740, 255, 1, 11, 0, NULL, NULL, 10, 79, 107),
(1741, 255, 1, 10, -1, NULL, 12, 11, 87, 391),
(1742, 255, 1, 3, -1, NULL, 3, 12, 93, 160),
(1743, 255, 1, 8, -1, NULL, 2, 14, 108, 85),
(1744, 255, 1, 12, -1, NULL, 13, 15, 115, 105),
(1745, 255, 1, 11, -1, NULL, 16, 16, 123, 361);
INSERT INTO `resultado` (`cod_resultado`, `cod_usuario`, `cod_tst`, `cod_conceito`, `score`, `certeza_score`, `motivo`, `cod_perg`, `cod_item`, `tempo`) VALUES
(1746, 255, 1, 17, -1, NULL, 17, 18, 132, 76),
(1747, 255, 1, 12, -1, NULL, 17, 19, 142, 87),
(1748, 255, 1, 12, -1, NULL, 12, 20, 146, 90),
(1749, 255, 1, 11, -1, NULL, 11, 21, 158, 199),
(1750, 255, 1, 1, 0, NULL, NULL, 98, 460, 142),
(1751, 255, 1, 3, -1, NULL, 3, 100, 474, 91),
(1752, 255, 1, 5, -1, NULL, 1, 102, 489, 66),
(1753, 255, 1, 25, -1, NULL, 25, 103, 494, 264),
(1754, 255, 1, 27, -1, NULL, 27, 104, 499, 208),
(1755, 255, 1, 11, -1, NULL, 2, 106, 512, 84),
(1756, 255, 1, 26, 0, NULL, NULL, 23, 161, 81),
(1757, 255, 1, 11, -1, NULL, 26, 24, 165, 54),
(1758, 255, 1, 26, 0, NULL, NULL, 25, 169, 28),
(1759, 255, 1, 26, 0, NULL, NULL, 26, 172, 39),
(1760, 255, 1, 26, 0, NULL, NULL, 55, 286, 9),
(1761, 256, 3, 20, 0, NULL, NULL, 56, 291, 29),
(1762, 256, 3, 20, -1, NULL, 20, 57, 295, 47),
(1763, 256, 3, 20, 0, NULL, NULL, 58, 299, 145),
(1764, 256, 3, 20, 0, NULL, NULL, 59, 302, 83),
(1765, 256, 3, 20, -1, NULL, 20, 61, 311, 49),
(1766, 256, 3, 19, -1, NULL, 19, 62, 314, 69),
(1767, 256, 3, 19, 0, NULL, NULL, 64, 323, 64),
(1768, 256, 3, 19, -1, NULL, 19, 65, 327, 11),
(1769, 256, 3, 19, 0, NULL, NULL, 66, 331, 41),
(1770, 256, 3, 19, -1, NULL, 19, 67, 335, 51),
(1771, 256, 3, 16, 0, NULL, NULL, 68, 339, 10),
(1772, 256, 3, 16, 0, NULL, NULL, 69, 342, 38),
(1773, 256, 3, 16, -1, NULL, 16, 71, 351, 74),
(1774, 256, 3, 16, 0, NULL, NULL, 72, 355, 42),
(1775, 257, 1, 1, 0, NULL, NULL, 1, 4, 39),
(1776, 257, 1, 3, 0, NULL, NULL, 3, 15, 17),
(1777, 257, 1, 3, -1, NULL, 4, 4, 27, 20),
(1778, 257, 1, 13, -1, NULL, 11, 8, 67, 29),
(1779, 257, 1, 11, -1, NULL, 11, 10, 80, 109),
(1780, 257, 1, 10, -1, NULL, 10, 11, 83, 73),
(1781, 257, 1, 3, -1, NULL, 3, 12, 92, 17),
(1782, 258, 1, 1, 0, NULL, NULL, 1, 4, 64),
(1783, 257, 1, 5, -1, NULL, 5, 13, 97, 17),
(1784, 257, 1, 8, -1, NULL, 1, 14, 107, 15),
(1785, 257, 1, 12, -1, NULL, 12, 15, 124, 42),
(1786, 258, 1, 3, 0, NULL, NULL, 3, 15, 99),
(1787, 257, 1, 11, -1, NULL, 16, 16, 123, 71),
(1788, 257, 1, 17, -1, NULL, 17, 18, 137, 24),
(1789, 257, 1, 12, -1, NULL, 17, 19, 142, 34),
(1790, 258, 1, 3, -1, NULL, 3, 4, 22, 116),
(1791, 257, 1, 12, -1, NULL, 12, 20, 151, 15),
(1792, 257, 1, 26, 0, NULL, NULL, 23, 161, 41),
(1793, 258, 1, 13, -1, NULL, 9, 8, 64, 48),
(1794, 257, 1, 11, 0, NULL, NULL, 24, 164, 20),
(1795, 257, 1, 26, -1, NULL, 26, 26, 174, 18),
(1796, 257, 1, 26, 0, NULL, NULL, 27, 177, 12),
(1797, 257, 1, 26, 0, NULL, NULL, 55, 286, 6),
(1798, 258, 1, 11, 0, NULL, NULL, 10, 79, 93),
(1799, 258, 1, 10, -1, NULL, 10, 11, 83, 167),
(1800, 260, 3, 20, 0, NULL, NULL, 56, 291, 19),
(1801, 260, 3, 20, 0, NULL, NULL, 57, 294, 15),
(1802, 258, 1, 3, -1, NULL, 3, 12, 89, 44),
(1803, 260, 3, 20, -1, NULL, 20, 59, 304, 23),
(1804, 258, 1, 5, -1, NULL, 5, 13, 96, 24),
(1805, 260, 3, 20, 0, NULL, NULL, 60, 307, 9),
(1806, 260, 3, 20, 0, NULL, NULL, 61, 310, 10),
(1807, 260, 3, 19, 0, NULL, NULL, 62, 315, 14),
(1808, 258, 1, 8, -1, NULL, 1, 14, 107, 46),
(1809, 260, 3, 19, 0, NULL, NULL, 63, 318, 18),
(1810, 260, 3, 19, -1, NULL, 19, 65, 327, 28),
(1811, 260, 3, 19, 0, NULL, NULL, 66, 331, 10),
(1812, 260, 3, 19, 0, NULL, NULL, 67, 334, 10),
(1813, 260, 3, 16, 0, NULL, NULL, 68, 339, 8),
(1814, 260, 3, 16, 0, NULL, NULL, 69, 342, 12),
(1815, 260, 3, 16, -1, NULL, 16, 71, 351, 13),
(1816, 258, 1, 12, -1, NULL, 12, 15, 112, 93),
(1817, 260, 3, 16, -1, NULL, 16, 72, 354, 24),
(1818, 260, 3, 21, 0, NULL, NULL, 74, 363, 17),
(1819, 260, 3, 21, 0, NULL, NULL, 75, 366, 7),
(1820, 260, 3, 21, -1, NULL, 21, 77, 376, 26),
(1821, 260, 3, 21, -1, NULL, 21, 78, 378, 11),
(1822, 260, 3, 25, -1, NULL, 25, 80, 389, 15),
(1823, 260, 3, 25, -1, NULL, 25, 82, 397, 7),
(1824, 260, 3, 25, 0, NULL, NULL, 84, 403, 8),
(1825, 258, 1, 11, -1, NULL, 16, 16, 123, 131),
(1826, 260, 3, 25, -1, NULL, 25, 85, 407, 21),
(1827, 260, 3, 22, -1, NULL, 22, 86, 410, 7),
(1828, 260, 3, 22, 0, NULL, NULL, 88, 419, 9),
(1829, 260, 3, 22, -1, NULL, 22, 89, 424, 9),
(1830, 260, 3, 22, -1, NULL, 22, 90, 426, 11),
(1831, 260, 3, 9, -1, NULL, 9, 92, 434, 7),
(1832, 260, 3, 9, 0, NULL, NULL, 94, 443, 21),
(1833, 260, 3, 9, 0, NULL, NULL, 95, 446, 5),
(1834, 260, 3, 9, -1, NULL, 9, 97, 456, 6),
(1835, 258, 1, 17, -1, NULL, 17, 18, 137, 144),
(1836, 258, 1, 12, -1, NULL, 13, 19, 140, 202),
(1837, 258, 1, 12, -1, NULL, 12, 20, 151, 207),
(1838, 258, 1, 26, 0, NULL, NULL, 23, 161, 75),
(1839, 258, 1, 11, -1, NULL, 26, 24, 166, 234),
(1840, 258, 1, 26, -1, NULL, 26, 25, 168, 12),
(1841, 258, 1, 26, -1, NULL, 26, 27, 176, 13),
(1842, 261, 3, 20, 0, NULL, NULL, 56, 291, 52),
(1843, 261, 3, 20, 0, NULL, NULL, 57, 294, 21),
(1844, 261, 3, 20, -1, NULL, 20, 59, 303, 24),
(1845, 261, 3, 20, -1, NULL, 20, 60, 308, 8),
(1846, 261, 3, 19, 0, NULL, NULL, 62, 315, 24),
(1847, 261, 3, 19, -1, NULL, 19, 63, 319, 24),
(1848, 261, 3, 19, 0, NULL, NULL, 64, 323, 14),
(1849, 261, 3, 19, 0, NULL, NULL, 65, 326, 38),
(1850, 261, 3, 19, 0, NULL, NULL, 67, 334, 16),
(1851, 261, 3, 16, -1, NULL, 16, 68, 338, 17),
(1852, 261, 3, 16, -1, NULL, 16, 70, 348, 9),
(1853, 261, 3, 16, -1, NULL, 16, 72, 356, 8),
(1854, 261, 3, 21, 0, NULL, NULL, 74, 363, 8),
(1855, 261, 3, 21, -1, NULL, 21, 75, 367, 5),
(1856, 261, 3, 21, 0, NULL, NULL, 76, 371, 35),
(1857, 261, 3, 21, 0, NULL, NULL, 77, 374, 59),
(1858, 261, 3, 21, -1, NULL, 21, 79, 385, 4),
(1859, 261, 3, 25, -1, NULL, 25, 80, 389, 11),
(1860, 261, 3, 25, -1, NULL, 25, 82, 397, 3),
(1861, 261, 3, 25, -1, NULL, 25, 84, 405, 6),
(1862, 261, 3, 22, -1, NULL, 22, 86, 412, 6),
(1863, 261, 3, 22, 0, NULL, NULL, 88, 419, 11),
(1864, 261, 3, 22, -1, NULL, 22, 89, 423, 8),
(1865, 261, 3, 22, -1, NULL, 22, 90, 426, 17),
(1866, 261, 3, 9, -1, NULL, 9, 92, 436, 7),
(1867, 261, 3, 9, -1, NULL, 9, 94, 442, 9),
(1868, 261, 3, 9, 0, NULL, NULL, 96, 451, 6),
(1869, 261, 3, 9, -1, NULL, 9, 97, 455, 5),
(1870, 262, 1, 1, -1, NULL, 1, 1, 3, 36),
(1871, 262, 1, 4, -1, NULL, 3, 2, 7, 21),
(1872, 262, 1, 3, -1, NULL, 3, 6, 53, 40),
(1873, 262, 1, 13, 0, NULL, NULL, 8, 65, 69),
(1874, 262, 1, 10, -1, NULL, 10, 7, 59, 71),
(1875, 262, 1, 11, -1, NULL, 16, 10, 78, 25),
(1876, 262, 1, 10, -1, NULL, 10, 11, 83, 18),
(1877, 262, 1, 3, -1, NULL, 3, 12, 90, 34),
(1878, 262, 1, 5, 0, NULL, NULL, 13, 99, 37),
(1879, 262, 1, 8, -1, NULL, 1, 14, 103, 31),
(1880, 262, 1, 12, -1, NULL, 2, 15, 125, 45),
(1881, 262, 1, 11, 0, NULL, NULL, 16, 121, 46),
(1882, 262, 1, 2, -1, NULL, 16, 17, 128, 25),
(1883, 262, 1, 17, -1, NULL, 17, 18, 132, 45),
(1884, 262, 1, 12, -1, NULL, 17, 19, 142, 26),
(1885, 262, 1, 12, -1, NULL, 12, 20, 146, 14),
(1886, 262, 1, 11, -1, NULL, 11, 21, 158, 16),
(1887, 262, 1, 1, -1, NULL, 1, 98, 459, 100),
(1888, 262, 1, 5, -1, NULL, 1, 102, 489, 30),
(1889, 262, 1, 25, 0, NULL, NULL, 103, 491, 35),
(1890, 262, 1, 27, 0, NULL, NULL, 104, 497, 7),
(1891, 262, 1, 27, -1, NULL, 2, 105, 506, 7),
(1892, 262, 1, 11, -1, NULL, 2, 106, 512, 4),
(1893, 262, 1, 26, 0, NULL, NULL, 23, 161, 8),
(1894, 262, 1, 11, -1, NULL, 26, 24, 165, 5),
(1895, 262, 1, 26, -1, NULL, 26, 25, 168, 3),
(1896, 262, 1, 26, 0, NULL, NULL, 27, 177, 12),
(1897, 262, 1, 26, -1, NULL, 26, 55, 287, 10),
(1898, 263, 3, 20, -1, NULL, 20, 56, 290, 20),
(1899, 263, 3, 20, -1, NULL, 20, 58, 298, 8),
(1900, 263, 3, 20, -1, NULL, 20, 60, 306, 6),
(1901, 263, 3, 19, 0, NULL, NULL, 62, 315, 9),
(1902, 263, 3, 19, -1, NULL, 19, 63, 320, 5),
(1903, 263, 3, 19, -1, NULL, 19, 64, 322, 4),
(1904, 263, 3, 19, -1, NULL, 19, 66, 330, 3),
(1905, 263, 3, 16, -1, NULL, 16, 68, 340, 9),
(1906, 263, 3, 16, -1, NULL, 16, 70, 349, 2),
(1907, 263, 3, 16, -1, NULL, 16, 72, 354, 3),
(1908, 263, 3, 21, -1, NULL, 21, 74, 362, 6),
(1909, 263, 3, 21, -1, NULL, 21, 76, 372, 2),
(1910, 263, 3, 21, -1, NULL, 21, 78, 381, 1),
(1911, 263, 3, 25, -1, NULL, 25, 80, 386, 7),
(1912, 263, 3, 25, -1, NULL, 25, 82, 396, 4),
(1913, 263, 3, 25, -1, NULL, 25, 84, 405, 2),
(1914, 263, 3, 22, -1, NULL, 22, 86, 410, 4),
(1915, 263, 3, 22, 0, NULL, NULL, 88, 419, 19),
(1916, 263, 3, 22, 0, NULL, NULL, 89, 422, 10),
(1917, 263, 3, 22, 0, NULL, NULL, 91, 430, 4),
(1918, 263, 3, 9, -1, NULL, 9, 92, 434, 1),
(1919, 263, 3, 9, -1, NULL, 9, 94, 442, 3),
(1920, 263, 3, 9, -1, NULL, 9, 96, 450, 2),
(1921, 264, 1, 1, 0, NULL, NULL, 1, 4, 57),
(1922, 264, 1, 3, 0, NULL, NULL, 3, 15, 64),
(1923, 264, 1, 3, -1, NULL, 4, 4, 27, 40),
(1924, 264, 1, 13, 0, NULL, NULL, 8, 65, 128),
(1925, 264, 1, 10, -1, NULL, 10, 7, 57, 87),
(1926, 264, 1, 11, -1, NULL, 16, 10, 77, 98),
(1927, 264, 1, 10, -1, NULL, 12, 11, 87, 75),
(1928, 264, 1, 3, -1, NULL, 3, 12, 89, 203),
(1929, 264, 1, 5, -1, NULL, 5, 13, 97, 187),
(1930, 264, 1, 8, -1, NULL, 1, 14, 107, 49),
(1931, 264, 1, 12, -1, NULL, 12, 15, 124, 157),
(1932, 264, 1, 11, -1, NULL, 9, 16, 120, 299),
(1933, 264, 1, 2, -1, NULL, 2, 17, 127, 63),
(1934, 264, 1, 17, -1, NULL, 17, 18, 137, 81),
(1935, 264, 1, 12, -1, NULL, 13, 19, 139, 111),
(1936, 264, 1, 12, -1, NULL, 12, 20, 147, 68),
(1937, 264, 1, 11, -1, NULL, 11, 21, 153, 157),
(1938, 264, 1, 1, -1, NULL, 1, 98, 458, 193),
(1939, 264, 1, 3, 0, NULL, NULL, 99, 466, 21),
(1940, 264, 1, 5, -1, NULL, 1, 102, 489, 42),
(1941, 264, 1, 25, 0, NULL, NULL, 103, 491, 259),
(1942, 264, 1, 27, 0, NULL, NULL, 104, 497, 57),
(1943, 264, 1, 27, -1, NULL, 11, 105, 504, 64),
(1944, 264, 1, 12, 0, NULL, NULL, 107, 515, 39),
(1945, 264, 1, 11, -1, NULL, 11, 106, 511, 133),
(1946, 264, 1, 26, -1, NULL, 26, 23, 160, 121),
(1947, 264, 1, 26, 0, NULL, NULL, 25, 169, 60),
(1948, 264, 1, 26, 0, NULL, NULL, 26, 172, 32),
(1949, 264, 1, 26, 0, NULL, NULL, 55, 286, 31),
(1950, 265, 3, 20, 0, NULL, NULL, 56, 291, 37),
(1951, 265, 3, 20, 0, NULL, NULL, 57, 294, 72),
(1952, 265, 3, 20, 0, NULL, NULL, 59, 302, 27),
(1953, 265, 3, 20, 0, NULL, NULL, 61, 310, 16),
(1954, 265, 3, 19, 0, NULL, NULL, 62, 315, 19),
(1955, 265, 3, 19, -1, NULL, 19, 63, 319, 63),
(1956, 265, 3, 19, 0, NULL, NULL, 64, 323, 62),
(1957, 265, 3, 19, 0, NULL, NULL, 65, 326, 44),
(1958, 265, 3, 19, 0, NULL, NULL, 67, 334, 41),
(1959, 265, 3, 16, -1, NULL, 16, 68, 338, 16),
(1960, 265, 3, 16, 0, NULL, NULL, 70, 347, 59),
(1961, 265, 3, 16, 0, NULL, NULL, 71, 350, 52),
(1962, 265, 3, 16, -1, NULL, 16, 73, 359, 34),
(1963, 265, 3, 21, 0, NULL, NULL, 74, 363, 36),
(1964, 265, 3, 21, 0, NULL, NULL, 75, 366, 29),
(1965, 265, 3, 21, 0, NULL, NULL, 77, 374, 51),
(1966, 265, 3, 21, 0, NULL, NULL, 79, 382, 35),
(1967, 265, 3, 25, 0, NULL, NULL, 80, 387, 106),
(1968, 265, 3, 25, -1, NULL, 25, 81, 391, 89),
(1969, 265, 3, 25, 0, NULL, NULL, 82, 395, 62),
(1970, 265, 3, 25, -1, NULL, 25, 83, 399, 62),
(1971, 265, 3, 25, -1, NULL, 25, 84, 402, 105),
(1972, 265, 3, 22, 0, NULL, NULL, 86, 411, 32),
(1973, 265, 3, 22, -1, NULL, 22, 87, 415, 6),
(1974, 265, 3, 22, -1, NULL, 22, 88, 418, 8),
(1975, 265, 3, 22, 0, NULL, NULL, 90, 427, 49),
(1976, 265, 3, 22, -1, NULL, 22, 91, 431, 47),
(1977, 265, 3, 9, -1, NULL, 9, 92, 434, 7),
(1978, 265, 3, 9, 0, NULL, NULL, 94, 443, 8),
(1979, 265, 3, 9, 0, NULL, NULL, 95, 446, 13),
(1980, 265, 3, 9, 0, NULL, NULL, 97, 454, 12),
(1981, 266, 3, 20, 0, NULL, NULL, 56, 291, 493),
(1982, 266, 3, 20, 0, NULL, NULL, 57, 294, 89),
(1983, 266, 3, 20, -1, NULL, 20, 59, 303, 91),
(1984, 266, 3, 20, 0, NULL, NULL, 60, 307, 40),
(1985, 266, 3, 20, 0, NULL, NULL, 61, 310, 40),
(1986, 266, 3, 19, 0, NULL, NULL, 62, 315, 48),
(1987, 266, 3, 19, 0, NULL, NULL, 63, 318, 136),
(1988, 266, 3, 19, 0, NULL, NULL, 65, 326, 153),
(1989, 266, 3, 19, 0, NULL, NULL, 67, 334, 72),
(1990, 266, 3, 16, 0, NULL, NULL, 68, 339, 45),
(1991, 266, 3, 16, 0, NULL, NULL, 69, 342, 25),
(1992, 266, 3, 16, -1, NULL, 16, 71, 351, 119),
(1993, 266, 3, 16, -1, NULL, 16, 72, 356, 48),
(1994, 266, 3, 21, 0, NULL, NULL, 74, 363, 25),
(1995, 266, 3, 21, 0, NULL, NULL, 75, 366, 62),
(1996, 266, 3, 21, 0, NULL, NULL, 77, 374, 106),
(1997, 266, 3, 21, 0, NULL, NULL, 79, 382, 181),
(1998, 266, 3, 25, -1, NULL, 25, 80, 389, 77),
(1999, 266, 3, 25, -1, NULL, 25, 82, 397, 8),
(2000, 266, 3, 25, -1, NULL, 25, 84, 405, 43),
(2001, 266, 3, 22, -1, NULL, 22, 86, 410, 5),
(2002, 266, 3, 22, -1, NULL, 22, 88, 418, 17),
(2003, 266, 3, 22, -1, NULL, 22, 90, 426, 29),
(2004, 266, 3, 9, -1, NULL, 9, 92, 434, 9),
(2005, 266, 3, 9, 0, NULL, NULL, 94, 443, 10),
(2006, 266, 3, 9, 0, NULL, NULL, 95, 446, 12),
(2007, 266, 3, 9, -1, NULL, 9, 97, 455, 21),
(2008, 267, 1, 1, 0, NULL, NULL, 1, 4, 39),
(2009, 267, 1, 3, 0, NULL, NULL, 3, 15, 13),
(2010, 267, 1, 3, -1, NULL, 3, 4, 22, 80),
(2011, 267, 1, 13, -1, NULL, 9, 8, 64, 101),
(2012, 267, 1, 11, -1, NULL, 16, 10, 77, 174),
(2013, 267, 1, 10, -1, NULL, 13, 11, 81, 11),
(2014, 267, 1, 3, -1, NULL, 3, 12, 92, 32),
(2015, 267, 1, 5, -1, NULL, 5, 13, 95, 33),
(2016, 267, 1, 8, -1, NULL, 1, 14, 107, 56),
(2017, 267, 1, 12, -1, NULL, 13, 15, 115, 23),
(2018, 267, 1, 11, -1, NULL, 16, 16, 117, 97),
(2019, 267, 1, 2, -1, NULL, 2, 17, 127, 78),
(2020, 267, 1, 17, 0, NULL, NULL, 18, 134, 122),
(2021, 267, 1, 12, -1, NULL, 13, 19, 139, 48),
(2022, 267, 1, 12, 0, NULL, NULL, 20, 149, 43),
(2023, 267, 1, 11, -1, NULL, 11, 21, 153, 210),
(2024, 267, 1, 1, -1, NULL, 1, 98, 461, 108),
(2025, 267, 1, 5, -1, NULL, 5, 102, 482, 26),
(2026, 267, 1, 25, 0, NULL, NULL, 103, 491, 276),
(2027, 267, 1, 27, -1, NULL, 27, 104, 499, 71),
(2028, 267, 1, 11, -1, NULL, 11, 106, 509, 204),
(2029, 267, 1, 26, 0, NULL, NULL, 23, 161, 185),
(2030, 267, 1, 11, 0, NULL, NULL, 24, 164, 79),
(2031, 267, 1, 26, 0, NULL, NULL, 26, 172, 19),
(2032, 267, 1, 26, 0, NULL, NULL, 55, 286, 17),
(2033, 268, 1, 1, 0, NULL, NULL, 1, 4, 29),
(2034, 268, 1, 3, 0, NULL, NULL, 3, 15, 13),
(2035, 268, 1, 3, -1, NULL, 3, 4, 23, 27),
(2036, 268, 1, 13, -1, NULL, 9, 8, 64, 15),
(2037, 268, 1, 11, -1, NULL, 16, 10, 78, 50),
(2038, 268, 1, 10, -1, NULL, 10, 11, 83, 11),
(2039, 268, 1, 3, -1, NULL, 3, 12, 89, 43),
(2040, 268, 1, 5, -1, NULL, 5, 13, 96, 17),
(2041, 268, 1, 8, -1, NULL, 2, 14, 106, 10),
(2042, 268, 1, 12, -1, NULL, 13, 15, 111, 6),
(2043, 268, 1, 11, -1, NULL, 9, 16, 120, 4),
(2044, 268, 1, 2, -1, NULL, 9, 17, 128, 22),
(2045, 268, 1, 17, -1, NULL, 17, 18, 133, 3),
(2046, 268, 1, 12, -1, NULL, 13, 19, 140, 23),
(2047, 268, 1, 18, 0, NULL, NULL, 20, 149, 80),
(2048, 268, 1, 11, 0, NULL, NULL, 21, 155, 14),
(2049, 268, 1, 1, -1, NULL, 28, 98, 461, 16),
(2050, 268, 1, 5, -1, NULL, 28, 102, 485, 2),
(2051, 268, 1, 25, 0, NULL, NULL, 103, 491, 29),
(2052, 268, 1, 27, 0, NULL, NULL, 104, 497, 2),
(2053, 268, 1, 27, -1, NULL, 27, 105, 502, 3),
(2054, 268, 1, 12, -1, NULL, 12, 107, 516, 4),
(2055, 268, 1, 11, -1, NULL, 20, 106, 510, 1),
(2056, 268, 1, 26, -1, NULL, 26, 23, 160, 2),
(2057, 268, 1, 26, 0, NULL, NULL, 25, 169, 2),
(2058, 268, 1, 26, 0, NULL, NULL, 26, 172, 1),
(2059, 268, 1, 26, 0, NULL, NULL, 55, 286, 1),
(2060, 269, 3, 20, -1, NULL, 20, 56, 290, 25),
(2061, 269, 3, 20, -1, NULL, 20, 58, 298, 6),
(2062, 269, 3, 20, -1, NULL, 20, 60, 306, 5),
(2063, 269, 3, 19, -1, NULL, 19, 62, 314, 12),
(2064, 270, 3, 20, 0, NULL, NULL, 56, 291, 40),
(2065, 270, 3, 20, -1, NULL, 20, 57, 295, 62),
(2066, 270, 3, 20, 0, NULL, NULL, 58, 299, 23),
(2067, 270, 3, 20, -1, NULL, 20, 59, 303, 92),
(2068, 270, 3, 20, 0, NULL, NULL, 60, 307, 20),
(2069, 270, 3, 20, -1, NULL, 20, 61, 311, 23),
(2070, 270, 3, 19, 0, NULL, NULL, 62, 315, 17),
(2071, 270, 3, 19, -1, NULL, 19, 63, 319, 42),
(2072, 270, 3, 19, 0, NULL, NULL, 64, 323, 44),
(2073, 270, 3, 19, 0, NULL, NULL, 65, 326, 47),
(2074, 270, 3, 19, 0, NULL, NULL, 67, 334, 136),
(2075, 270, 3, 16, 0, NULL, NULL, 68, 339, 48),
(2076, 270, 3, 16, 0, NULL, NULL, 69, 342, 46),
(2077, 270, 3, 16, -1, NULL, 16, 71, 351, 223),
(2078, 270, 3, 16, 0, NULL, NULL, 72, 355, 142),
(2079, 270, 3, 16, -1, NULL, 16, 73, 359, 61),
(2080, 270, 3, 21, 0, NULL, NULL, 74, 363, 14),
(2081, 270, 3, 21, 0, NULL, NULL, 75, 366, 82),
(2082, 270, 3, 21, 0, NULL, NULL, 77, 374, 28),
(2083, 270, 3, 21, -1, NULL, 21, 79, 383, 18),
(2084, 270, 3, 25, 0, NULL, NULL, 80, 387, 39),
(2085, 270, 3, 25, 0, NULL, NULL, 81, 390, 11),
(2086, 270, 3, 25, -1, NULL, 25, 83, 401, 9),
(2087, 270, 3, 25, 0, NULL, NULL, 84, 403, 17),
(2088, 270, 3, 25, -1, NULL, 25, 85, 408, 10),
(2089, 270, 3, 22, -1, NULL, 22, 86, 410, 5),
(2090, 270, 3, 22, -1, NULL, 22, 88, 418, 14),
(2091, 270, 3, 22, -1, NULL, 22, 90, 426, 71),
(2092, 270, 3, 9, -1, NULL, 9, 92, 434, 6),
(2093, 270, 3, 9, -1, NULL, 9, 94, 442, 4),
(2094, 270, 3, 9, 0, NULL, NULL, 96, 451, 7),
(2095, 270, 3, 9, -1, NULL, 9, 97, 456, 15),
(2096, 271, 3, 20, 0, NULL, NULL, 56, 291, 21),
(2097, 271, 3, 20, 0, NULL, NULL, 57, 294, 14),
(2098, 271, 3, 20, 0, NULL, NULL, 59, 302, 28),
(2099, 271, 3, 20, 0, NULL, NULL, 61, 310, 8),
(2100, 271, 3, 19, 0, NULL, NULL, 62, 315, 31),
(2101, 271, 3, 19, 0, NULL, NULL, 63, 318, 13),
(2102, 271, 3, 19, 0, NULL, NULL, 65, 326, 19),
(2103, 271, 3, 19, 0, NULL, NULL, 67, 334, 12),
(2104, 271, 3, 16, 0, NULL, NULL, 68, 339, 9),
(2105, 271, 3, 16, -1, NULL, 16, 69, 343, 19),
(2106, 271, 3, 16, 0, NULL, NULL, 70, 347, 8),
(2107, 271, 3, 16, 0, NULL, NULL, 71, 350, 81),
(2108, 271, 3, 16, 0, NULL, NULL, 73, 358, 10),
(2109, 271, 3, 21, 0, NULL, NULL, 74, 363, 20),
(2110, 271, 3, 21, 0, NULL, NULL, 75, 366, 8),
(2111, 271, 3, 21, 0, NULL, NULL, 77, 374, 26),
(2112, 271, 3, 21, 0, NULL, NULL, 79, 382, 35),
(2113, 271, 3, 25, 0, NULL, NULL, 80, 387, 26),
(2114, 271, 3, 25, -1, NULL, 25, 81, 393, 12),
(2115, 271, 3, 25, -1, NULL, 25, 82, 396, 28),
(2116, 271, 3, 25, 0, NULL, NULL, 84, 403, 14),
(2117, 271, 3, 25, 0, NULL, NULL, 85, 406, 24),
(2118, 271, 3, 22, 0, NULL, NULL, 86, 411, 12),
(2119, 271, 3, 22, 0, NULL, NULL, 87, 414, 9),
(2120, 271, 3, 22, 0, NULL, NULL, 89, 422, 7),
(2121, 271, 3, 22, 0, NULL, NULL, 91, 430, 7),
(2122, 271, 3, 9, 0, NULL, NULL, 92, 435, 15),
(2123, 271, 3, 9, 0, NULL, NULL, 93, 438, 8),
(2124, 271, 3, 9, 0, NULL, NULL, 95, 446, 6),
(2125, 271, 3, 9, -1, NULL, 9, 97, 455, 69),
(2126, 272, 3, 20, 0, NULL, NULL, 56, 291, 55),
(2127, 272, 3, 20, 0, NULL, NULL, 57, 294, 26),
(2128, 272, 3, 20, -1, NULL, 20, 59, 303, 112),
(2129, 272, 3, 20, 0, NULL, NULL, 60, 307, 17),
(2130, 272, 3, 20, 0, NULL, NULL, 61, 310, 34),
(2131, 272, 3, 19, 0, NULL, NULL, 62, 315, 33),
(2132, 272, 3, 19, -1, NULL, 19, 63, 320, 59),
(2133, 272, 3, 19, 0, NULL, NULL, 64, 323, 67),
(2134, 272, 3, 19, 0, NULL, NULL, 65, 326, 52),
(2135, 272, 3, 19, 0, NULL, NULL, 67, 334, 41),
(2136, 272, 3, 16, 0, NULL, NULL, 68, 339, 13),
(2137, 272, 3, 16, 0, NULL, NULL, 69, 342, 22),
(2138, 272, 3, 16, -1, NULL, 16, 71, 351, 96),
(2139, 272, 3, 16, 0, NULL, NULL, 72, 355, 25),
(2140, 272, 3, 16, 0, NULL, NULL, 73, 358, 22),
(2141, 272, 3, 21, -1, NULL, 21, 74, 362, 81),
(2142, 272, 3, 21, -1, NULL, 21, 76, 370, 68),
(2143, 272, 3, 21, -1, NULL, 21, 78, 378, 35),
(2144, 272, 3, 25, 0, NULL, NULL, 80, 387, 54),
(2145, 272, 3, 25, -1, NULL, 25, 81, 393, 11),
(2146, 272, 3, 25, -1, NULL, 25, 82, 394, 42),
(2147, 272, 3, 25, 0, NULL, NULL, 84, 403, 41),
(2148, 272, 3, 25, -1, NULL, 25, 85, 408, 72),
(2149, 272, 3, 22, -1, NULL, 22, 86, 410, 123),
(2150, 272, 3, 22, 0, NULL, NULL, 88, 419, 26),
(2151, 272, 3, 22, 0, NULL, NULL, 89, 422, 53),
(2152, 272, 3, 22, -1, NULL, 22, 91, 432, 34),
(2153, 272, 3, 9, -1, NULL, 9, 92, 434, 9),
(2154, 272, 3, 9, -1, NULL, 9, 94, 442, 7),
(2155, 272, 3, 9, 0, NULL, NULL, 96, 451, 40),
(2156, 272, 3, 9, 0, NULL, NULL, 97, 454, 50),
(2157, 273, 1, 1, 0, NULL, NULL, 1, 4, 17),
(2158, 273, 1, 3, 0, NULL, NULL, 3, 15, 25),
(2159, 273, 1, 3, -1, NULL, 4, 4, 27, 108),
(2160, 273, 1, 13, 0, NULL, NULL, 8, 65, 93),
(2161, 273, 1, 10, -1, NULL, 10, 7, 59, 39),
(2162, 273, 1, 11, -1, NULL, 16, 10, 78, 55),
(2163, 273, 1, 10, -1, NULL, 10, 11, 83, 51),
(2164, 273, 1, 3, -1, NULL, 3, 12, 89, 12),
(2165, 273, 1, 5, -1, NULL, 5, 13, 97, 21),
(2166, 273, 1, 8, -1, NULL, 1, 14, 107, 21),
(2167, 273, 1, 12, -1, NULL, 12, 15, 112, 62),
(2168, 273, 1, 11, -1, NULL, 9, 16, 120, 90),
(2169, 273, 1, 2, -1, NULL, 9, 17, 128, 35),
(2170, 273, 1, 17, -1, NULL, 17, 18, 137, 44),
(2171, 273, 1, 12, -1, NULL, 13, 19, 139, 128),
(2172, 273, 1, 18, -1, NULL, 12, 20, 151, 34),
(2173, 273, 1, 1, 0, NULL, NULL, 98, 460, 78),
(2174, 273, 1, 3, 0, NULL, NULL, 100, 473, 14),
(2175, 273, 1, 5, 0, NULL, NULL, 102, 484, 60),
(2176, 273, 1, 25, 0, NULL, NULL, 103, 491, 210),
(2177, 273, 1, 27, -1, NULL, 27, 104, 499, 109),
(2178, 273, 1, 11, 0, NULL, NULL, 106, 508, 46),
(2179, 273, 1, 26, 0, NULL, NULL, 23, 161, 23),
(2180, 273, 1, 26, 0, NULL, NULL, 24, 164, 25),
(2181, 273, 1, 26, 0, NULL, NULL, 26, 172, 12),
(2182, 273, 1, 26, 0, NULL, NULL, 55, 286, 19),
(2183, 274, 1, 1, 0, NULL, NULL, 1, 4, 41),
(2184, 274, 1, 3, -1, NULL, 3, 3, 14, 20),
(2185, 274, 1, 3, 0, NULL, NULL, 6, 52, 133),
(2186, 274, 1, 13, 0, NULL, NULL, 8, 65, 108),
(2187, 274, 1, 10, -1, NULL, 10, 7, 57, 55),
(2188, 274, 1, 11, 0, NULL, NULL, 10, 79, 37),
(2189, 274, 1, 10, -1, NULL, 12, 11, 87, 11),
(2190, 274, 1, 3, -1, NULL, 3, 12, 93, 22),
(2191, 274, 1, 8, -1, NULL, 1, 14, 107, 64),
(2192, 274, 1, 12, -1, NULL, 12, 15, 124, 36),
(2193, 274, 1, 11, -1, NULL, 11, 16, 123, 20),
(2194, 274, 1, 17, -1, NULL, 17, 18, 135, 25),
(2195, 274, 1, 12, -1, NULL, 12, 19, 144, 53),
(2196, 274, 1, 1, -1, NULL, 28, 98, 461, 68),
(2197, 274, 1, 5, -1, NULL, 5, 102, 482, 42),
(2198, 274, 1, 25, 0, NULL, NULL, 103, 491, 22),
(2199, 274, 1, 27, -1, NULL, 27, 104, 501, 16),
(2200, 274, 1, 11, -1, NULL, 2, 106, 512, 34),
(2201, 274, 1, 26, -1, NULL, 11, 23, 162, 29),
(2202, 274, 1, 26, -1, NULL, 11, 25, 170, 6),
(2203, 274, 1, 26, 0, NULL, NULL, 27, 177, 11),
(2204, 274, 1, 26, -1, NULL, 26, 55, 287, 12),
(2205, 275, 3, 20, 0, NULL, NULL, 56, 291, 55),
(2206, 275, 3, 20, 0, NULL, NULL, 57, 294, 50),
(2207, 275, 3, 20, -1, NULL, 20, 59, 303, 55),
(2208, 275, 3, 20, 0, NULL, NULL, 60, 307, 39),
(2209, 276, 3, 20, 0, NULL, NULL, 56, 291, 4),
(2210, 277, 3, 20, 0, NULL, NULL, 56, 291, 33),
(2211, 277, 3, 20, 0, NULL, NULL, 57, 294, 20),
(2212, 277, 3, 20, 0, NULL, NULL, 59, 302, 25),
(2213, 277, 3, 20, 0, NULL, NULL, 61, 310, 13),
(2214, 277, 3, 19, 0, NULL, NULL, 62, 315, 41),
(2215, 277, 3, 19, 0, NULL, NULL, 63, 318, 35),
(2216, 277, 3, 19, 0, NULL, NULL, 65, 326, 22),
(2217, 277, 3, 19, 0, NULL, NULL, 67, 334, 22),
(2218, 277, 3, 16, 0, NULL, NULL, 68, 339, 20),
(2219, 277, 3, 16, 0, NULL, NULL, 69, 342, 25),
(2220, 277, 3, 16, -1, NULL, 16, 71, 351, 18),
(2221, 277, 3, 16, -1, NULL, 16, 72, 356, 25),
(2222, 277, 3, 21, 0, NULL, NULL, 74, 363, 15),
(2223, 277, 3, 21, 0, NULL, NULL, 75, 366, 17),
(2224, 277, 3, 21, 0, NULL, NULL, 77, 374, 35),
(2225, 277, 3, 21, 0, NULL, NULL, 79, 382, 55),
(2226, 277, 3, 25, -1, NULL, 25, 80, 388, 26),
(2227, 277, 3, 25, 0, NULL, NULL, 82, 395, 15),
(2228, 277, 3, 25, -1, NULL, 25, 83, 400, 12),
(2229, 277, 3, 25, -1, NULL, 25, 84, 405, 14),
(2230, 277, 3, 22, -1, NULL, 22, 86, 410, 12),
(2231, 277, 3, 22, 0, NULL, NULL, 88, 419, 18),
(2232, 277, 3, 22, 0, NULL, NULL, 89, 422, 16),
(2233, 277, 3, 22, 0, NULL, NULL, 91, 430, 11),
(2234, 277, 3, 9, -1, NULL, 9, 92, 434, 4),
(2235, 277, 3, 9, 0, NULL, NULL, 94, 443, 5),
(2236, 277, 3, 9, -1, NULL, 9, 95, 447, 17),
(2237, 277, 3, 9, -1, NULL, 9, 96, 450, 21),
(2238, 278, 1, 1, 0, NULL, NULL, 1, 4, 87),
(2239, 278, 1, 3, 0, NULL, NULL, 3, 15, 35),
(2240, 278, 1, 3, -1, NULL, 3, 4, 21, 71),
(2241, 278, 1, 13, -1, NULL, 12, 8, 63, 66),
(2242, 278, 1, 11, -1, NULL, 16, 10, 78, 38),
(2243, 278, 1, 10, -1, NULL, 12, 11, 85, 39),
(2244, 278, 1, 3, -1, NULL, 3, 12, 92, 114),
(2245, 278, 1, 5, -1, NULL, 5, 13, 95, 28),
(2246, 278, 1, 8, -1, NULL, 2, 14, 106, 66),
(2247, 278, 1, 12, -1, NULL, 12, 15, 124, 156),
(2248, 278, 1, 11, -1, NULL, 16, 16, 117, 64),
(2249, 278, 1, 2, -1, NULL, 13, 17, 127, 24),
(2250, 278, 1, 17, -1, NULL, 17, 18, 133, 50),
(2251, 278, 1, 12, -1, NULL, 13, 19, 139, 31),
(2252, 278, 1, 18, -1, NULL, 12, 20, 150, 25),
(2253, 278, 1, 11, -1, NULL, 2, 21, 159, 46),
(2254, 278, 1, 1, -1, NULL, 1, 98, 463, 43),
(2255, 278, 1, 3, 0, NULL, NULL, 101, 480, 12),
(2256, 278, 1, 5, 0, NULL, NULL, 102, 484, 22),
(2257, 278, 1, 25, -1, NULL, 25, 103, 494, 26),
(2258, 278, 1, 27, -1, NULL, 27, 104, 499, 14),
(2259, 278, 1, 11, -1, NULL, 11, 106, 513, 12),
(2260, 278, 1, 26, -1, NULL, 26, 23, 160, 28),
(2261, 278, 1, 26, -1, NULL, 26, 25, 168, 9),
(2262, 278, 1, 26, 0, NULL, NULL, 27, 177, 6),
(2263, 278, 1, 26, 0, NULL, NULL, 55, 286, 12),
(2264, 279, 1, 1, 0, NULL, NULL, 1, 4, 28),
(2265, 279, 1, 3, 0, NULL, NULL, 3, 15, 70),
(2266, 279, 1, 3, -1, NULL, 4, 4, 27, 44),
(2267, 279, 1, 13, 0, NULL, NULL, 8, 65, 57),
(2268, 279, 1, 10, 0, NULL, NULL, 7, 60, 62),
(2269, 279, 1, 11, -1, NULL, 16, 10, 78, 75),
(2270, 279, 1, 10, -1, NULL, 12, 11, 87, 104),
(2271, 279, 1, 3, -1, NULL, 3, 12, 92, 71),
(2272, 279, 1, 5, -1, NULL, 5, 13, 95, 29),
(2273, 279, 1, 8, -1, NULL, 2, 14, 106, 38),
(2274, 279, 1, 12, -1, NULL, 12, 15, 112, 82),
(2275, 279, 1, 11, -1, NULL, 9, 16, 119, 82),
(2276, 279, 1, 2, -1, NULL, 9, 17, 128, 63),
(2277, 279, 1, 17, -1, NULL, 17, 18, 132, 44),
(2278, 279, 1, 12, -1, NULL, 13, 19, 139, 46),
(2279, 279, 1, 18, -1, NULL, 12, 20, 148, 33),
(2280, 279, 1, 11, -1, NULL, 11, 21, 153, 69),
(2281, 279, 1, 1, -1, NULL, 28, 98, 459, 84),
(2282, 279, 1, 5, -1, NULL, 1, 102, 489, 49),
(2283, 279, 1, 25, -1, NULL, 25, 103, 490, 145),
(2284, 279, 1, 27, -1, NULL, 27, 104, 499, 18),
(2285, 279, 1, 11, -1, NULL, 11, 106, 511, 54),
(2286, 279, 1, 26, 0, NULL, NULL, 23, 161, 12),
(2287, 279, 1, 26, -1, NULL, 26, 24, 165, 24),
(2288, 279, 1, 26, 0, NULL, NULL, 25, 169, 17),
(2289, 279, 1, 26, 0, NULL, NULL, 26, 172, 9),
(2290, 279, 1, 26, 0, NULL, NULL, 55, 286, 11),
(2291, 280, 1, 1, 0, NULL, NULL, 1, 4, 62),
(2292, 280, 1, 3, -1, NULL, 3, 3, 16, 35),
(2293, 280, 1, 3, 0, NULL, NULL, 6, 52, 72),
(2294, 280, 1, 13, 0, NULL, NULL, 8, 65, 57),
(2295, 280, 1, 10, -1, NULL, 10, 7, 57, 49),
(2296, 280, 1, 11, -1, NULL, 16, 10, 78, 93),
(2297, 280, 1, 10, -1, NULL, 10, 11, 83, 76),
(2298, 280, 1, 3, 0, NULL, NULL, 12, 91, 73),
(2299, 280, 1, 5, 0, NULL, NULL, 13, 99, 57),
(2300, 280, 1, 8, -1, NULL, 1, 14, 107, 52),
(2322, 282, 1, 1, 0, NULL, NULL, 1, 4, 57),
(2323, 282, 1, 3, -1, NULL, 3, 3, 20, 30),
(2324, 282, 1, 3, -1, NULL, 3, 4, 22, 38),
(2325, 282, 1, 13, -1, NULL, 11, 8, 67, 150),
(2326, 282, 1, 11, -1, NULL, 16, 10, 78, 59),
(2327, 282, 1, 10, -1, NULL, 12, 11, 87, 109),
(2328, 282, 1, 3, -1, NULL, 3, 12, 89, 58),
(2329, 282, 1, 5, -1, NULL, 5, 13, 96, 23),
(2330, 282, 1, 8, -1, NULL, 13, 14, 103, 25),
(2331, 282, 1, 12, -1, NULL, 12, 15, 114, 40),
(2332, 282, 1, 11, -1, NULL, 11, 16, 123, 16),
(2333, 282, 1, 17, -1, NULL, 17, 18, 132, 69),
(2334, 282, 1, 12, -1, NULL, 12, 19, 142, 45),
(2335, 282, 1, 18, -1, NULL, 12, 20, 151, 26),
(2336, 282, 1, 1, 0, NULL, NULL, 98, 460, 151),
(2337, 282, 1, 3, -1, NULL, 3, 100, 472, 40),
(2338, 282, 1, 5, -1, NULL, 1, 102, 489, 22),
(2339, 282, 1, 25, -1, NULL, 25, 103, 494, 210),
(2340, 282, 1, 27, -1, NULL, 2, 104, 500, 18),
(2341, 282, 1, 11, -1, NULL, 11, 106, 513, 16),
(2342, 282, 1, 26, -1, NULL, 26, 23, 160, 71),
(2343, 282, 1, 26, -1, NULL, 26, 25, 168, 68),
(2344, 282, 1, 26, 0, NULL, NULL, 27, 177, 31),
(2345, 282, 1, 26, 0, NULL, NULL, 55, 286, 13),
(2346, 283, 3, 20, 0, NULL, NULL, 56, 291, 43),
(2347, 283, 3, 20, 0, NULL, NULL, 57, 294, 35),
(2348, 283, 3, 20, -1, NULL, 20, 59, 303, 67),
(2349, 283, 3, 20, -1, NULL, 20, 60, 306, 20),
(2350, 283, 3, 19, 0, NULL, NULL, 62, 315, 16),
(2351, 283, 3, 19, -1, NULL, 19, 63, 321, 11),
(2352, 283, 3, 19, -1, NULL, 19, 64, 325, 20),
(2353, 283, 3, 19, 0, NULL, NULL, 66, 331, 67),
(2354, 283, 3, 19, 0, NULL, NULL, 67, 334, 18),
(2355, 283, 3, 16, -1, NULL, 16, 68, 338, 17),
(2356, 283, 3, 16, -1, NULL, 16, 70, 346, 31),
(2357, 283, 3, 16, -1, NULL, 16, 72, 354, 10),
(2358, 283, 3, 21, -1, NULL, 21, 74, 364, 20),
(2359, 283, 3, 21, -1, NULL, 21, 76, 373, 23),
(2360, 283, 3, 21, -1, NULL, 21, 78, 378, 16),
(2361, 283, 3, 25, 0, NULL, NULL, 80, 387, 18),
(2362, 283, 3, 25, -1, NULL, 25, 81, 393, 11),
(2363, 283, 3, 25, -1, NULL, 25, 82, 397, 21),
(2364, 283, 3, 25, -1, NULL, 25, 84, 405, 38),
(2365, 283, 3, 22, -1, NULL, 22, 86, 410, 8),
(2366, 283, 3, 22, -1, NULL, 22, 88, 418, 15),
(2367, 283, 3, 22, -1, NULL, 22, 90, 426, 32),
(2368, 283, 3, 9, -1, NULL, 9, 92, 437, 14),
(2369, 283, 3, 9, -1, NULL, 9, 94, 442, 6),
(2370, 283, 3, 9, -1, NULL, 9, 96, 450, 8),
(2377, 285, 1, 1, 0, NULL, NULL, 1, 4, 17),
(2378, 285, 1, 3, 0, NULL, NULL, 3, 15, 9),
(2379, 285, 1, 3, -1, NULL, 3, 4, 23, 53),
(2380, 285, 1, 13, -1, NULL, 12, 8, 66, 24),
(2381, 285, 1, 11, -1, NULL, 16, 10, 77, 19),
(2382, 285, 1, 10, 0, NULL, NULL, 11, 84, 29),
(2383, 285, 1, 11, 0, NULL, NULL, 9, 72, 78),
(2384, 285, 1, 3, -1, NULL, 3, 12, 92, 44),
(2385, 285, 1, 5, -1, NULL, 5, 13, 95, 42),
(2386, 285, 1, 8, -1, NULL, 2, 14, 108, 34),
(2387, 285, 1, 12, -1, NULL, 12, 15, 124, 73),
(2388, 285, 1, 11, -1, NULL, 9, 16, 119, 232),
(2389, 285, 1, 2, -1, NULL, 9, 17, 128, 127),
(2390, 285, 1, 17, -1, NULL, 17, 18, 135, 126),
(2391, 285, 1, 12, -1, NULL, 12, 19, 142, 80),
(2392, 285, 1, 18, -1, NULL, 12, 20, 151, 66),
(2393, 285, 1, 1, -1, NULL, 1, 98, 464, 95),
(2394, 285, 1, 5, -1, NULL, 1, 102, 489, 98),
(2395, 285, 1, 25, -1, NULL, 2, 103, 492, 216),
(2396, 285, 1, 27, -1, NULL, 27, 104, 499, 60),
(2397, 285, 1, 11, -1, NULL, 11, 106, 509, 44),
(2398, 285, 1, 26, 0, NULL, NULL, 23, 161, 85),
(2399, 285, 1, 26, 0, NULL, NULL, 24, 164, 30),
(2400, 285, 1, 26, 0, NULL, NULL, 26, 172, 38),
(2401, 285, 1, 26, 0, NULL, NULL, 55, 286, 39),
(2402, 286, 3, 20, 0, NULL, NULL, 56, 291, 34),
(2403, 286, 3, 20, 0, NULL, NULL, 57, 294, 50),
(2404, 286, 3, 20, -1, NULL, 20, 59, 303, 115),
(2405, 286, 3, 20, 0, NULL, NULL, 60, 307, 21),
(2406, 286, 3, 20, -1, NULL, 20, 61, 311, 69),
(2407, 286, 3, 19, -1, NULL, 19, 62, 314, 36),
(2408, 286, 3, 19, 0, NULL, NULL, 64, 323, 29),
(2409, 286, 3, 19, 0, NULL, NULL, 65, 326, 54),
(2410, 286, 3, 19, 0, NULL, NULL, 67, 334, 30),
(2411, 286, 3, 16, -1, NULL, 16, 68, 338, 51),
(2412, 286, 3, 16, 0, NULL, NULL, 70, 347, 32),
(2413, 286, 3, 16, -1, NULL, 16, 71, 351, 38),
(2414, 286, 3, 16, -1, NULL, 16, 72, 354, 28),
(2415, 286, 3, 21, 0, NULL, NULL, 74, 363, 54),
(2416, 286, 3, 21, 0, NULL, NULL, 75, 366, 30),
(2417, 286, 3, 21, 0, NULL, NULL, 77, 374, 78),
(2418, 286, 3, 21, -1, NULL, 21, 79, 383, 141),
(2419, 286, 3, 25, -1, NULL, 25, 80, 386, 46),
(2420, 286, 3, 25, -1, NULL, 25, 82, 396, 17),
(2421, 286, 3, 25, 0, NULL, NULL, 84, 403, 43),
(2422, 286, 3, 25, -1, NULL, 25, 85, 407, 94),
(2423, 286, 3, 22, 0, NULL, NULL, 86, 411, 30),
(2424, 286, 3, 22, -1, NULL, 22, 87, 415, 17),
(2425, 286, 3, 22, -1, NULL, 22, 88, 418, 70),
(2426, 286, 3, 22, -1, NULL, 22, 90, 428, 157),
(2427, 286, 3, 9, 0, NULL, NULL, 92, 435, 34),
(2428, 286, 3, 9, 0, NULL, NULL, 93, 438, 21),
(2429, 286, 3, 9, 0, NULL, NULL, 95, 446, 24),
(2430, 286, 3, 9, -1, NULL, 9, 97, 455, 16),
(2431, 287, 1, 1, -1, NULL, 1, 1, 1, 556),
(2485, 292, 3, 20, 0, NULL, NULL, 56, 291, 34),
(2486, 292, 3, 20, 0, NULL, NULL, 57, 294, 23),
(2487, 292, 3, 20, 0, NULL, NULL, 59, 302, 8),
(2488, 292, 3, 20, 0, NULL, NULL, 61, 310, 12),
(2489, 292, 3, 19, 0, NULL, NULL, 62, 315, 60),
(2490, 292, 3, 19, 0, NULL, NULL, 63, 318, 18),
(2491, 292, 3, 19, 0, NULL, NULL, 65, 326, 26),
(2492, 292, 3, 19, 0, NULL, NULL, 67, 334, 20),
(2493, 292, 3, 16, 0, NULL, NULL, 68, 339, 13),
(2494, 292, 3, 16, 0, NULL, NULL, 69, 342, 14),
(2495, 292, 3, 16, -1, NULL, 16, 71, 351, 59),
(2496, 292, 3, 16, 0, NULL, NULL, 72, 355, 16),
(2497, 292, 3, 16, 0, NULL, NULL, 73, 358, 9),
(2498, 292, 3, 21, 0, NULL, NULL, 74, 363, 5),
(2499, 292, 3, 21, 0, NULL, NULL, 75, 366, 7),
(2500, 292, 3, 21, 0, NULL, NULL, 77, 374, 35),
(2501, 292, 3, 21, -1, NULL, 21, 79, 383, 0),
(2502, 292, 3, 25, 0, NULL, NULL, 80, 387, 14),
(2503, 292, 3, 25, 0, NULL, NULL, 81, 390, 23),
(2504, 292, 3, 25, 0, NULL, NULL, 83, 398, 122),
(2505, 292, 3, 25, 0, NULL, NULL, 85, 406, 31),
(2506, 292, 3, 22, 0, NULL, NULL, 86, 411, 3),
(2507, 292, 3, 22, 0, NULL, NULL, 87, 414, 8),
(2508, 292, 3, 22, 0, NULL, NULL, 89, 422, 5),
(2509, 292, 3, 22, 0, NULL, NULL, 91, 430, 10),
(2510, 292, 3, 9, 0, NULL, NULL, 92, 435, 7),
(2511, 292, 3, 9, 0, NULL, NULL, 93, 438, 10),
(2512, 292, 3, 9, 0, NULL, NULL, 95, 446, 9),
(2513, 292, 3, 9, 0, NULL, NULL, 97, 454, 119),
(2514, 293, 1, 1, 0, NULL, NULL, 1, 4, 94),
(2515, 293, 1, 3, 0, NULL, NULL, 3, 15, 96),
(2516, 293, 1, 3, -1, NULL, 4, 4, 27, 132),
(2517, 293, 1, 13, 0, NULL, NULL, 8, 65, 417),
(2518, 293, 1, 10, -1, NULL, 9, 7, 56, 351),
(2519, 293, 1, 11, -1, NULL, 16, 10, 78, 371),
(2520, 293, 1, 12, -1, NULL, 12, 11, 82, 101),
(2521, 293, 1, 3, -1, NULL, 3, 12, 89, 220),
(2522, 293, 1, 5, -1, NULL, 5, 13, 96, 168),
(2523, 293, 1, 8, -1, NULL, 2, 14, 108, 38),
(2524, 293, 1, 12, -1, NULL, 12, 15, 124, 131),
(2525, 293, 1, 11, -1, NULL, 9, 16, 120, 156),
(2526, 293, 1, 2, -1, NULL, 13, 17, 127, 122),
(2527, 293, 1, 17, -1, NULL, 17, 18, 132, 68),
(2528, 293, 1, 12, -1, NULL, 12, 19, 142, 63),
(2529, 293, 1, 18, -1, NULL, 12, 20, 150, 32),
(2530, 293, 1, 11, -1, NULL, 11, 21, 157, 169),
(2531, 293, 1, 1, -1, NULL, 1, 98, 458, 158),
(2532, 293, 1, 3, 0, NULL, NULL, 99, 466, 18),
(2533, 293, 1, 5, 0, NULL, NULL, 102, 484, 38),
(2534, 293, 1, 25, -1, NULL, 2, 103, 493, 381),
(2535, 293, 1, 27, -1, NULL, 27, 104, 501, 28),
(2536, 293, 1, 11, -1, NULL, 11, 106, 513, 54),
(2537, 293, 1, 26, 0, NULL, NULL, 23, 161, 315),
(2538, 293, 1, 26, -1, NULL, 26, 24, 165, 341),
(2539, 293, 1, 26, -1, NULL, 26, 25, 168, 47),
(2540, 293, 1, 26, 0, NULL, NULL, 27, 177, 28),
(2541, 293, 1, 26, 0, NULL, NULL, 55, 286, 9),
(2542, 294, 3, 20, 0, NULL, NULL, 56, 291, 31),
(2543, 294, 3, 20, -1, NULL, 20, 57, 295, 45),
(2544, 294, 3, 20, -1, NULL, 20, 58, 298, 13),
(2545, 294, 3, 20, -1, NULL, 20, 60, 306, 13),
(2546, 294, 3, 19, -1, NULL, 19, 62, 314, 10),
(2547, 294, 3, 19, -1, NULL, 19, 64, 322, 28),
(2548, 294, 3, 19, -1, NULL, 19, 66, 330, 22),
(2549, 294, 3, 16, -1, NULL, 16, 68, 338, 11),
(2550, 294, 3, 16, -1, NULL, 16, 70, 346, 8),
(2551, 294, 3, 16, -1, NULL, 16, 72, 354, 9),
(2552, 294, 3, 21, -1, NULL, 21, 74, 362, 9),
(2553, 294, 3, 21, 0, NULL, NULL, 76, 371, 19),
(2554, 294, 3, 21, 0, NULL, NULL, 77, 374, 36),
(2555, 294, 3, 21, -1, NULL, 21, 79, 383, 48),
(2556, 294, 3, 25, 0, NULL, NULL, 80, 387, 18),
(2557, 294, 3, 25, 0, NULL, NULL, 81, 390, 11),
(2558, 294, 3, 25, -1, NULL, 25, 83, 401, 27),
(2559, 294, 3, 25, -1, NULL, 25, 84, 402, 17),
(2560, 294, 3, 22, 0, NULL, NULL, 86, 411, 7),
(2561, 294, 3, 22, -1, NULL, 22, 87, 415, 31),
(2562, 294, 3, 22, -1, NULL, 22, 88, 418, 25),
(2563, 294, 3, 22, 0, NULL, NULL, 90, 427, 23),
(2564, 294, 3, 22, 0, NULL, NULL, 91, 430, 12),
(2565, 294, 3, 9, -1, NULL, 9, 92, 434, 11),
(2566, 294, 3, 9, -1, NULL, 9, 94, 442, 7),
(2567, 294, 3, 9, -1, NULL, 9, 96, 450, 6),
(2568, 295, 3, 20, 0, NULL, NULL, 56, 291, 68),
(2569, 295, 3, 20, 0, NULL, NULL, 57, 294, 55),
(2570, 295, 3, 20, 0, NULL, NULL, 59, 302, 136),
(2571, 295, 3, 20, -1, NULL, 20, 61, 311, 50),
(2572, 295, 3, 19, -1, NULL, 19, 62, 314, 20),
(2573, 295, 3, 19, 0, NULL, NULL, 64, 323, 69),
(2574, 295, 3, 19, 0, NULL, NULL, 65, 326, 49),
(2575, 295, 3, 19, 0, NULL, NULL, 67, 334, 28),
(2576, 295, 3, 16, -1, NULL, 16, 68, 338, 11),
(2577, 295, 3, 16, 0, NULL, NULL, 70, 347, 32),
(2578, 295, 3, 16, -1, NULL, 16, 71, 351, 131),
(2579, 295, 3, 16, 0, NULL, NULL, 72, 355, 83),
(2580, 295, 3, 16, 0, NULL, NULL, 73, 358, 80),
(2581, 295, 3, 21, 0, NULL, NULL, 74, 363, 38),
(2582, 295, 3, 21, 0, NULL, NULL, 75, 366, 41),
(2583, 295, 3, 21, 0, NULL, NULL, 77, 374, 176),
(2584, 295, 3, 21, 0, NULL, NULL, 79, 382, 194),
(2585, 295, 3, 25, 0, NULL, NULL, 80, 387, 50),
(2586, 295, 3, 25, 0, NULL, NULL, 81, 390, 20),
(2587, 295, 3, 25, -1, NULL, 25, 83, 399, 56),
(2588, 295, 3, 25, 0, NULL, NULL, 84, 403, 53),
(2589, 295, 3, 25, 0, NULL, NULL, 85, 406, 47),
(2590, 295, 3, 22, -1, NULL, 22, 86, 410, 103),
(2591, 295, 3, 22, 0, NULL, NULL, 88, 419, 37),
(2592, 295, 3, 22, 0, NULL, NULL, 89, 422, 32),
(2593, 295, 3, 22, 0, NULL, NULL, 91, 430, 17),
(2594, 295, 3, 9, -1, NULL, 9, 92, 434, 14),
(2595, 295, 3, 9, -1, NULL, 9, 94, 442, 18),
(2596, 295, 3, 9, 0, NULL, NULL, 96, 451, 120),
(2597, 295, 3, 9, -1, NULL, 9, 97, 455, 18),
(2598, 296, 1, 1, 0, NULL, NULL, 1, 4, 98),
(2599, 296, 1, 3, -1, NULL, 3, 3, 19, 39),
(2600, 296, 1, 3, 0, NULL, NULL, 6, 52, 73),
(2601, 296, 1, 13, -1, NULL, 12, 8, 66, 138),
(2602, 296, 1, 11, 0, NULL, NULL, 10, 79, 153),
(2603, 296, 1, 12, -1, NULL, 10, 11, 83, 112),
(2604, 296, 1, 3, -1, NULL, 3, 12, 92, 46),
(2605, 296, 1, 5, -1, NULL, 5, 13, 95, 60),
(2606, 296, 1, 8, -1, NULL, 2, 14, 106, 61),
(2607, 296, 1, 12, 0, NULL, NULL, 15, 116, 226),
(2608, 296, 1, 11, -1, NULL, 9, 16, 120, 304),
(2609, 296, 1, 2, -1, NULL, 10, 17, 129, 338),
(2610, 296, 1, 17, 0, NULL, NULL, 18, 134, 101),
(2611, 296, 1, 12, 0, NULL, NULL, 19, 141, 70),
(2612, 296, 1, 18, 0, NULL, NULL, 20, 149, 42),
(2613, 296, 1, 11, 0, NULL, NULL, 21, 155, 748),
(2614, 296, 1, 1, -1, NULL, 1, 98, 458, 119),
(2615, 296, 1, 3, 0, NULL, NULL, 99, 466, 17),
(2616, 296, 1, 5, -1, NULL, 5, 102, 486, 176),
(2617, 296, 1, 25, -1, NULL, 25, 103, 494, 64),
(2618, 296, 1, 27, -1, NULL, 27, 104, 499, 235),
(2619, 296, 1, 11, -1, NULL, 11, 106, 509, 35),
(2620, 296, 1, 26, 0, NULL, NULL, 23, 161, 68),
(2621, 296, 1, 26, 0, NULL, NULL, 24, 164, 24),
(2622, 296, 1, 26, 0, NULL, NULL, 26, 172, 38),
(2623, 296, 1, 26, 0, NULL, NULL, 55, 286, 16),
(2624, 297, 3, 20, 0, NULL, NULL, 56, 291, 30),
(2625, 297, 3, 20, 0, NULL, NULL, 57, 294, 15),
(2626, 297, 3, 20, -1, NULL, 20, 59, 303, 29),
(2627, 297, 3, 20, 0, NULL, NULL, 60, 307, 5),
(2628, 297, 3, 20, 0, NULL, NULL, 61, 310, 25),
(2629, 297, 3, 19, 0, NULL, NULL, 62, 315, 58),
(2630, 297, 3, 19, 0, NULL, NULL, 63, 318, 35),
(2631, 297, 3, 19, 0, NULL, NULL, 65, 326, 53),
(2632, 297, 3, 19, 0, NULL, NULL, 67, 334, 35),
(2633, 297, 3, 16, 0, NULL, NULL, 68, 339, 21),
(2634, 297, 3, 16, 0, NULL, NULL, 69, 342, 15),
(2635, 297, 3, 16, -1, NULL, 16, 71, 351, 19),
(2636, 297, 3, 16, 0, NULL, NULL, 72, 355, 33),
(2637, 297, 3, 16, 0, NULL, NULL, 73, 358, 15),
(2638, 297, 3, 21, 0, NULL, NULL, 74, 363, 11),
(2639, 297, 3, 21, 0, NULL, NULL, 75, 366, 11),
(2640, 297, 3, 21, 0, NULL, NULL, 77, 374, 40),
(2641, 297, 3, 21, 0, NULL, NULL, 79, 382, 112),
(2642, 297, 3, 25, 0, NULL, NULL, 80, 387, 180),
(2643, 297, 3, 25, 0, NULL, NULL, 81, 390, 83),
(2644, 297, 3, 25, 0, NULL, NULL, 83, 398, 36),
(2645, 297, 3, 25, -1, NULL, 25, 85, 408, 1421),
(2646, 297, 3, 22, 0, NULL, NULL, 86, 411, 163),
(2647, 297, 3, 22, 0, NULL, NULL, 87, 414, 128),
(2648, 297, 3, 22, 0, NULL, NULL, 89, 422, 57),
(2649, 297, 3, 22, 0, NULL, NULL, 91, 430, 54),
(2650, 297, 3, 9, 0, NULL, NULL, 92, 435, 92),
(2651, 297, 3, 9, 0, NULL, NULL, 93, 438, 50),
(2652, 297, 3, 9, 0, NULL, NULL, 95, 446, 113),
(2653, 297, 3, 9, 0, NULL, NULL, 97, 454, 199),
(2654, 298, 3, 20, 0, NULL, NULL, 56, 291, 54),
(2655, 298, 3, 20, 0, NULL, NULL, 57, 294, 60),
(2656, 298, 3, 20, 0, NULL, NULL, 59, 302, 89),
(2657, 298, 3, 20, 0, NULL, NULL, 61, 310, 29),
(2658, 298, 3, 19, -1, NULL, 19, 62, 314, 39),
(2659, 298, 3, 19, -1, NULL, 19, 64, 324, 93),
(2660, 298, 3, 19, 0, NULL, NULL, 66, 331, 39),
(2661, 298, 3, 19, 0, NULL, NULL, 67, 334, 53),
(2662, 298, 3, 16, 0, NULL, NULL, 68, 339, 21),
(2663, 298, 3, 16, 0, NULL, NULL, 69, 342, 44),
(2664, 298, 3, 16, -1, NULL, 16, 71, 352, 55),
(2665, 298, 3, 16, 0, NULL, NULL, 72, 355, 84),
(2666, 298, 3, 16, -1, NULL, 16, 73, 359, 22),
(2667, 298, 3, 21, 0, NULL, NULL, 74, 363, 35),
(2668, 298, 3, 21, 0, NULL, NULL, 75, 366, 22),
(2669, 298, 3, 21, 0, NULL, NULL, 77, 374, 161),
(2670, 298, 3, 21, -1, NULL, 21, 79, 383, 169),
(2671, 298, 3, 25, -1, NULL, 25, 80, 388, 40),
(2672, 298, 3, 25, -1, NULL, 25, 82, 397, 15),
(2673, 298, 3, 25, 0, NULL, NULL, 84, 403, 26),
(2674, 298, 3, 25, -1, NULL, 25, 85, 408, 17),
(2675, 298, 3, 22, 0, NULL, NULL, 86, 411, 51),
(2676, 298, 3, 22, -1, NULL, 22, 87, 417, 11),
(2677, 298, 3, 22, -1, NULL, 22, 88, 418, 48),
(2678, 298, 3, 22, -1, NULL, 22, 90, 428, 37),
(2679, 298, 3, 9, -1, NULL, 9, 92, 434, 6),
(2680, 298, 3, 9, -1, NULL, 9, 94, 442, 11),
(2681, 298, 3, 9, 0, NULL, NULL, 96, 451, 8),
(2682, 298, 3, 9, -1, NULL, 9, 97, 455, 11),
(2683, 299, 1, 1, 0, NULL, NULL, 1, 4, 40),
(2684, 299, 1, 3, 0, NULL, NULL, 3, 15, 23),
(2685, 299, 1, 3, -1, NULL, 3, 4, 21, 95),
(2686, 299, 1, 13, 0, NULL, NULL, 8, 65, 80),
(2687, 299, 1, 10, -1, NULL, 9, 7, 58, 153),
(2688, 299, 1, 11, -1, NULL, 11, 10, 80, 367),
(2689, 299, 1, 12, -1, NULL, 12, 11, 87, 45),
(2690, 299, 1, 3, -1, NULL, 3, 12, 88, 16),
(2691, 299, 1, 5, -1, NULL, 5, 13, 102, 52),
(2692, 299, 1, 8, -1, NULL, 13, 14, 105, 79),
(2693, 299, 1, 12, -1, NULL, 12, 15, 124, 48),
(2694, 300, 3, 20, 0, NULL, NULL, 56, 291, 39),
(2695, 300, 3, 20, 0, NULL, NULL, 57, 294, 32),
(2696, 300, 3, 20, -1, NULL, 20, 59, 304, 19),
(2697, 300, 3, 20, 0, NULL, NULL, 60, 307, 13),
(2698, 300, 3, 20, -1, NULL, 20, 61, 311, 14),
(2699, 300, 3, 19, 0, NULL, NULL, 62, 315, 2),
(2700, 300, 3, 19, -1, NULL, 19, 63, 319, 36),
(2701, 300, 3, 19, 0, NULL, NULL, 64, 323, 37),
(2702, 300, 3, 19, 0, NULL, NULL, 65, 326, 7),
(2703, 300, 3, 19, 0, NULL, NULL, 67, 334, 23),
(2704, 300, 3, 16, 0, NULL, NULL, 68, 339, 9),
(2705, 300, 3, 16, -1, NULL, 16, 69, 343, 13),
(2706, 300, 3, 16, 0, NULL, NULL, 70, 347, 6),
(2707, 300, 3, 16, -1, NULL, 16, 71, 352, 54),
(2708, 300, 3, 16, 0, NULL, NULL, 72, 355, 11),
(2709, 300, 3, 16, -1, NULL, 16, 73, 359, 16),
(2710, 300, 3, 21, -1, NULL, 21, 74, 364, 34),
(2711, 300, 3, 21, -1, NULL, 21, 76, 370, 40),
(2712, 300, 3, 21, -1, NULL, 21, 78, 381, 16),
(2713, 300, 3, 25, -1, NULL, 25, 80, 386, 17),
(2714, 300, 3, 25, -1, NULL, 25, 82, 394, 9),
(2715, 300, 3, 25, -1, NULL, 25, 84, 404, 44),
(2716, 300, 3, 22, 0, NULL, NULL, 86, 411, 11),
(2717, 300, 3, 22, -1, NULL, 22, 87, 415, 5),
(2718, 300, 3, 22, -1, NULL, 22, 88, 418, 11),
(2719, 300, 3, 22, -1, NULL, 22, 90, 426, 28),
(2720, 300, 3, 9, 0, NULL, NULL, 92, 435, 13),
(2721, 300, 3, 9, 0, NULL, NULL, 93, 438, 12),
(2722, 300, 3, 9, 0, NULL, NULL, 95, 446, 13),
(2723, 300, 3, 9, 0, NULL, NULL, 97, 454, 12),
(2724, 302, 1, 1, -1, NULL, 1, 1, 1, 60),
(2725, 302, 1, 4, -1, NULL, 3, 2, 7, 22),
(2726, 302, 1, 3, -1, NULL, 3, 6, 53, 77),
(2727, 302, 1, 13, 0, NULL, NULL, 8, 65, 72),
(2728, 302, 1, 10, -1, NULL, 10, 7, 57, 48),
(2729, 302, 1, 11, -1, NULL, 11, 10, 80, 137),
(2730, 302, 1, 12, -1, NULL, 13, 11, 81, 56),
(2731, 302, 1, 3, 0, NULL, NULL, 12, 91, 28),
(2732, 302, 1, 5, -1, NULL, 5, 13, 98, 30),
(2733, 302, 1, 8, -1, NULL, 2, 14, 106, 39),
(2734, 302, 1, 12, -1, NULL, 12, 15, 112, 58),
(2735, 302, 1, 11, -1, NULL, 16, 16, 117, 52),
(2736, 302, 1, 2, -1, NULL, 9, 17, 128, 177),
(2737, 302, 1, 17, -1, NULL, 17, 18, 132, 89),
(2738, 302, 1, 12, -1, NULL, 12, 19, 142, 54),
(2739, 302, 1, 18, -1, NULL, 12, 20, 151, 28),
(2740, 302, 1, 1, -1, NULL, 1, 98, 464, 48),
(2741, 302, 1, 5, -1, NULL, 1, 102, 489, 41),
(2742, 302, 1, 25, -1, NULL, 2, 103, 492, 67),
(2743, 302, 1, 27, -1, NULL, 27, 104, 499, 28),
(2744, 302, 1, 11, 0, NULL, NULL, 106, 508, 120),
(2745, 302, 1, 26, 0, NULL, NULL, 23, 161, 50),
(2746, 302, 1, 26, 0, NULL, NULL, 24, 164, 40),
(2747, 302, 1, 26, 0, NULL, NULL, 26, 172, 22),
(2748, 302, 1, 26, 0, NULL, NULL, 55, 286, 16),
(2749, 303, 3, 20, 0, NULL, NULL, 56, 291, 26),
(2750, 303, 3, 20, 0, NULL, NULL, 57, 294, 46),
(2751, 303, 3, 20, 0, NULL, NULL, 59, 302, 47),
(2752, 303, 3, 20, 0, NULL, NULL, 61, 310, 34),
(2753, 303, 3, 19, -1, NULL, 19, 62, 314, 34),
(2754, 303, 3, 19, 0, NULL, NULL, 64, 323, 45),
(2755, 303, 3, 19, 0, NULL, NULL, 65, 326, 42),
(2756, 303, 3, 19, 0, NULL, NULL, 67, 334, 36),
(2757, 303, 3, 16, 0, NULL, NULL, 68, 339, 29),
(2758, 303, 3, 16, -1, NULL, 16, 69, 343, 31),
(2759, 303, 3, 16, 0, NULL, NULL, 70, 347, 21),
(2760, 303, 3, 16, -1, NULL, 16, 71, 351, 24),
(2761, 303, 3, 16, 0, NULL, NULL, 72, 355, 19),
(2762, 303, 3, 16, -1, NULL, 16, 73, 359, 16),
(2763, 303, 3, 21, -1, NULL, 21, 74, 362, 14),
(2764, 303, 3, 21, -1, NULL, 21, 76, 373, 15),
(2765, 303, 3, 21, -1, NULL, 21, 78, 378, 27),
(2766, 303, 3, 25, 0, NULL, NULL, 80, 387, 13),
(2767, 303, 3, 25, -1, NULL, 25, 81, 393, 10),
(2768, 303, 3, 25, 0, NULL, NULL, 82, 395, 10),
(2769, 303, 3, 25, -1, NULL, 25, 83, 399, 10),
(2770, 303, 3, 25, -1, NULL, 25, 84, 405, 7),
(2771, 303, 3, 22, -1, NULL, 22, 86, 410, 8),
(2772, 303, 3, 22, -1, NULL, 22, 88, 421, 15),
(2773, 303, 3, 22, 0, NULL, NULL, 90, 427, 12),
(2774, 303, 3, 22, -1, NULL, 22, 91, 431, 44),
(2775, 303, 3, 9, -1, NULL, 9, 92, 434, 19),
(2776, 303, 3, 9, -1, NULL, 9, 94, 442, 8),
(2777, 303, 3, 9, -1, NULL, 9, 96, 452, 19),
(2778, 304, 1, 1, -1, NULL, 1, 1, 2, 40),
(2779, 304, 1, 4, 0, NULL, NULL, 2, 12, 24),
(2780, 304, 1, 4, -1, NULL, 4, 5, 28, 29),
(2781, 304, 1, 3, -1, NULL, 3, 6, 53, 65),
(2782, 304, 1, 13, 0, NULL, NULL, 8, 65, 87),
(2783, 304, 1, 10, -1, NULL, 9, 7, 56, 68),
(2784, 304, 1, 11, -1, NULL, 16, 10, 78, 43),
(2785, 304, 1, 12, -1, NULL, 12, 11, 87, 70),
(2786, 304, 1, 3, -1, NULL, 3, 12, 89, 40),
(2787, 304, 1, 5, -1, NULL, 5, 13, 96, 47),
(2788, 304, 1, 8, 0, NULL, NULL, 14, 104, 29),
(2789, 304, 1, 12, -1, NULL, 12, 15, 124, 87),
(2790, 304, 1, 11, -1, NULL, 9, 16, 120, 188),
(2791, 304, 1, 2, -1, NULL, 13, 17, 127, 57),
(2792, 304, 1, 17, -1, NULL, 17, 18, 135, 56),
(2793, 304, 1, 12, -1, NULL, 13, 19, 140, 29),
(2794, 304, 1, 18, -1, NULL, 12, 20, 146, 10),
(2795, 304, 1, 11, 0, NULL, NULL, 21, 155, 423),
(2796, 304, 1, 1, -1, NULL, 1, 98, 458, 50),
(2797, 304, 1, 3, 0, NULL, NULL, 99, 466, 28),
(2798, 304, 1, 5, -1, NULL, 5, 102, 486, 30),
(2799, 304, 1, 25, -1, NULL, 25, 103, 494, 49),
(2800, 304, 1, 27, -1, NULL, 27, 104, 499, 49),
(2801, 304, 1, 11, -1, NULL, 2, 106, 512, 27),
(2802, 304, 1, 26, 0, NULL, NULL, 23, 161, 31),
(2803, 304, 1, 26, 0, NULL, NULL, 24, 164, 37),
(2804, 304, 1, 26, 0, NULL, NULL, 26, 172, 27),
(2805, 304, 1, 26, 0, NULL, NULL, 55, 286, 8),
(2806, 305, 1, 1, 0, NULL, NULL, 1, 4, 42),
(2807, 305, 1, 3, 0, NULL, NULL, 3, 15, 14),
(2808, 305, 1, 3, -1, NULL, 4, 4, 27, 186),
(2809, 305, 1, 13, -1, NULL, 12, 8, 66, 307),
(2810, 305, 1, 11, -1, NULL, 16, 10, 78, 126),
(2811, 305, 1, 12, -1, NULL, 13, 11, 81, 157),
(2812, 305, 1, 3, -1, NULL, 3, 12, 92, 53),
(2813, 305, 1, 5, -1, NULL, 5, 13, 95, 39),
(2814, 305, 1, 8, -1, NULL, 1, 14, 107, 89),
(2815, 305, 1, 12, -1, NULL, 12, 15, 124, 112),
(2816, 305, 1, 11, -1, NULL, 16, 16, 118, 319),
(2817, 305, 1, 2, -1, NULL, 13, 17, 127, 90),
(2818, 305, 1, 17, -1, NULL, 17, 18, 132, 90),
(2819, 305, 1, 12, -1, NULL, 12, 19, 144, 63),
(2820, 305, 1, 1, -1, NULL, 1, 98, 463, 159),
(2821, 305, 1, 3, -1, NULL, 3, 101, 479, 15),
(2822, 305, 1, 5, -1, NULL, 1, 102, 489, 59),
(2823, 305, 1, 25, -1, NULL, 25, 103, 494, 295),
(2824, 305, 1, 27, -1, NULL, 27, 104, 499, 89),
(2825, 305, 1, 11, -1, NULL, 11, 106, 509, 91),
(2826, 305, 1, 26, -1, NULL, 11, 23, 162, 132),
(2827, 305, 1, 26, 0, NULL, NULL, 25, 169, 60),
(2828, 305, 1, 26, -1, NULL, 26, 26, 174, 9),
(2829, 305, 1, 26, 0, NULL, NULL, 27, 177, 29),
(2830, 305, 1, 26, 0, NULL, NULL, 55, 286, 7),
(2831, 306, 1, 1, -1, NULL, 1, 1, 2, 64),
(2832, 306, 1, 4, -1, NULL, 4, 2, 10, 66),
(2833, 306, 1, 3, 0, NULL, NULL, 6, 52, 61),
(2834, 306, 1, 13, 0, NULL, NULL, 8, 65, 65),
(2835, 306, 1, 10, -1, NULL, 10, 7, 57, 3),
(2836, 306, 1, 11, -1, NULL, 16, 10, 78, 63),
(2837, 306, 1, 12, 0, NULL, NULL, 11, 84, 119),
(2838, 306, 1, 11, -1, NULL, 8, 9, 73, 106),
(2839, 306, 1, 3, -1, NULL, 3, 12, 92, 44),
(2840, 306, 1, 5, -1, NULL, 5, 13, 96, 57),
(2841, 306, 1, 8, -1, NULL, 2, 14, 108, 60),
(2842, 306, 1, 12, -1, NULL, 2, 15, 125, 41),
(2843, 306, 1, 11, -1, NULL, 9, 16, 120, 109),
(2844, 306, 1, 2, -1, NULL, 9, 17, 128, 87),
(2845, 306, 1, 17, -1, NULL, 17, 18, 132, 72),
(2846, 306, 1, 12, -1, NULL, 12, 19, 142, 40),
(2847, 306, 1, 18, -1, NULL, 18, 20, 145, 32),
(2848, 306, 1, 11, -1, NULL, 2, 21, 159, 58),
(2849, 307, 1, 1, 0, NULL, NULL, 1, 4, 5),
(2850, 307, 1, 3, 0, NULL, NULL, 3, 15, 20),
(2851, 307, 1, 5, 0, NULL, NULL, 4, 26, 31),
(2852, 308, 3, 20, 0, NULL, NULL, 56, 291, 14),
(2853, 308, 3, 20, -1, NULL, 20, 57, 295, 2),
(2854, 308, 3, 20, -1, NULL, 20, 58, 298, 3),
(2855, 308, 3, 20, -1, NULL, 20, 60, 308, 2),
(2856, 308, 3, 19, -1, NULL, 19, 62, 314, 2),
(2857, 308, 3, 19, 0, NULL, NULL, 64, 323, 4),
(2858, 308, 3, 19, -1, NULL, 19, 65, 327, 4),
(2859, 308, 3, 19, 0, NULL, NULL, 66, 331, 3),
(2860, 308, 3, 19, 0, NULL, NULL, 67, 334, 2),
(2861, 308, 3, 16, -1, NULL, 16, 68, 338, 1),
(2862, 308, 3, 16, -1, NULL, 16, 70, 346, 3),
(2863, 308, 3, 16, 0, NULL, NULL, 72, 355, 3),
(2864, 308, 3, 16, 0, NULL, NULL, 73, 358, 2),
(2865, 308, 3, 21, -1, NULL, 21, 74, 362, 3),
(2866, 308, 3, 21, 0, NULL, NULL, 76, 371, 5),
(2867, 308, 3, 21, -1, NULL, 21, 77, 375, 2),
(2868, 308, 3, 21, -1, NULL, 21, 78, 378, 2),
(2869, 308, 3, 25, -1, NULL, 25, 80, 386, 1),
(2870, 308, 3, 25, -1, NULL, 25, 82, 394, 4),
(2871, 308, 3, 25, -1, NULL, 25, 84, 404, 3),
(2872, 308, 3, 22, -1, NULL, 22, 86, 410, 1),
(2873, 308, 3, 22, -1, NULL, 22, 88, 418, 2),
(2874, 308, 3, 22, -1, NULL, 22, 90, 426, 2),
(2875, 308, 3, 9, -1, NULL, 9, 92, 434, 2),
(2876, 308, 3, 9, -1, NULL, 9, 94, 442, 1),
(2877, 308, 3, 9, -1, NULL, 9, 96, 450, 1),
(2878, 309, 1, 1, -1, NULL, 2, 1, 6, 9),
(2879, 309, 1, 5, -1, NULL, 5, 4, 27, 10),
(2880, 309, 1, 13, -1, NULL, 12, 8, 63, 9),
(2881, 309, 1, 11, -1, NULL, 16, 10, 76, 7),
(2882, 313, 1, 1, 0, NULL, NULL, 1, 4, 25),
(2883, 313, 1, 3, 0, NULL, NULL, 3, 15, 6),
(2884, 317, 1, 1, 0, NULL, NULL, 1, 4, 23),
(2885, 318, 1, 1, 0, NULL, NULL, 1, 4, 27),
(2886, 317, 1, 3, 0, NULL, NULL, 3, 15, 7),
(2887, 318, 1, 3, 0, NULL, NULL, 3, 15, 20),
(2888, 319, 1, 1, 0, NULL, NULL, 1, 4, 50),
(2889, 315, 1, 1, 0, NULL, NULL, 1, 4, 62),
(2890, 317, 1, 5, -1, NULL, 5, 4, 22, 30),
(2891, 319, 1, 3, 0, NULL, NULL, 3, 15, 13),
(2892, 315, 1, 3, 0, NULL, NULL, 3, 15, 7),
(2893, 316, 1, 1, -1, NULL, 1, 1, 2, 74),
(2894, 321, 1, 1, -1, NULL, 1, 1, 2, 34),
(2895, 316, 1, 4, 0, NULL, NULL, 2, 12, 27),
(2896, 318, 1, 5, 0, NULL, NULL, 4, 26, 57),
(2897, 313, 1, 5, 0, NULL, NULL, 4, 26, 85),
(2898, 314, 1, 1, -1, NULL, 1, 1, 2, 116),
(2899, 314, 1, 4, 0, NULL, NULL, 2, 12, 19),
(2900, 321, 1, 4, 0, NULL, NULL, 2, 12, 45),
(2901, 318, 1, 13, 0, NULL, NULL, 8, 65, 45),
(2902, 313, 1, 13, 0, NULL, NULL, 8, 65, 47),
(2903, 319, 1, 5, -1, NULL, 5, 4, 24, 90),
(2904, 315, 1, 5, -1, NULL, 5, 4, 24, 97),
(2905, 324, 1, 1, 0, NULL, NULL, 1, 4, 45),
(2906, 324, 1, 3, 0, NULL, NULL, 3, 15, 12),
(2907, 316, 1, 6, 0, NULL, NULL, 5, 31, 97),
(2908, 314, 1, 6, -1, NULL, 6, 5, 29, 71),
(2909, 323, 1, 1, -1, NULL, 1, 1, 2, 102),
(2910, 320, 1, 1, -1, NULL, 1, 1, 2, 149),
(2911, 313, 1, 10, 0, NULL, NULL, 7, 60, 53),
(2912, 318, 1, 10, 0, NULL, NULL, 7, 60, 56),
(2913, 317, 1, 13, -1, NULL, 12, 8, 66, 159),
(2914, 320, 1, 4, 0, NULL, NULL, 2, 12, 23),
(2915, 323, 1, 4, 0, NULL, NULL, 2, 12, 25),
(2916, 313, 1, 11, -1, NULL, 16, 10, 78, 27),
(2917, 318, 1, 11, -1, NULL, 16, 10, 78, 27),
(2918, 317, 1, 11, -1, NULL, 16, 10, 78, 21),
(2919, 326, 1, 1, 0, NULL, NULL, 1, 4, 84),
(2920, 325, 1, 1, 0, NULL, NULL, 1, 4, 95),
(2921, 322, 1, 1, -1, NULL, NULL, 1, NULL, 193),
(2922, 327, 1, 1, 0, NULL, NULL, 1, 4, 59),
(2923, 316, 1, 13, 0, NULL, NULL, 8, 65, 86),
(2924, 325, 1, 3, 0, NULL, NULL, 3, 15, 17),
(2925, 326, 1, 3, 0, NULL, NULL, 3, 15, 35),
(2926, 321, 1, 6, 0, NULL, NULL, 5, 31, 160),
(2927, 320, 1, 6, 0, NULL, NULL, 5, 31, 65),
(2928, 323, 1, 6, 0, NULL, NULL, 5, 31, 68),
(2929, 327, 1, 3, 0, NULL, NULL, 3, 15, 19),
(2930, 317, 1, 12, -1, NULL, 12, 11, 82, 65),
(2931, 324, 1, 5, 0, NULL, NULL, 4, 26, 123),
(2932, 329, 1, 1, -1, NULL, NULL, 1, NULL, 13),
(2933, 321, 1, 13, 0, NULL, NULL, 8, 65, 69),
(2934, 328, 1, 1, 0, NULL, NULL, 1, 4, 63),
(2935, 319, 1, 13, 0, NULL, NULL, 8, 65, 182),
(2936, 315, 1, 13, 0, NULL, NULL, 8, 65, 205),
(2937, 324, 1, 13, 0, NULL, NULL, 8, 65, 56),
(2938, 330, 1, 1, -1, NULL, NULL, 1, NULL, 18),
(2939, 313, 1, 12, 0, NULL, NULL, 11, 84, 153),
(2940, 318, 1, 12, 0, NULL, NULL, 11, 84, 155);
INSERT INTO `resultado` (`cod_resultado`, `cod_usuario`, `cod_tst`, `cod_conceito`, `score`, `certeza_score`, `motivo`, `cod_perg`, `cod_item`, `tempo`) VALUES
(2941, 320, 1, 13, 0, NULL, NULL, 8, 65, 100),
(2942, 323, 1, 13, 0, NULL, NULL, 8, 65, 98),
(2943, 317, 1, 3, -1, NULL, 3, 12, 89, 100),
(2944, 316, 1, 10, -1, NULL, 10, 7, 59, 141),
(2945, 317, 1, 5, -1, NULL, 5, 13, 96, 14),
(2946, 314, 1, 3, -1, NULL, 3, 6, 53, 239),
(2947, 316, 1, 11, -1, NULL, 16, 10, 78, 45),
(2948, 318, 1, 11, 0, NULL, NULL, 9, 72, 102),
(2949, 331, 1, 1, 0, NULL, NULL, 1, 4, 5),
(2950, 313, 1, 11, 0, NULL, NULL, 9, 72, 111),
(2951, 331, 1, 3, 0, NULL, NULL, 3, 15, 5),
(2952, 328, 1, 3, 0, NULL, NULL, 3, 15, 148),
(2953, 321, 1, 10, 0, NULL, NULL, 7, 60, 195),
(2954, 323, 1, 10, 0, NULL, NULL, 7, 60, 162),
(2955, 318, 1, 3, 0, NULL, NULL, 12, 91, 69),
(2956, 320, 1, 10, 0, NULL, NULL, 7, 60, 167),
(2957, 313, 1, 3, 0, NULL, NULL, 12, 91, 65),
(2958, 316, 1, 12, 0, NULL, NULL, 11, 84, 111),
(2959, 314, 1, 13, -1, NULL, 12, 8, 66, 141),
(2960, 324, 1, 10, -1, NULL, 10, 7, 57, 213),
(2961, 318, 1, 5, 0, NULL, NULL, 13, 99, 43),
(2962, 313, 1, 5, 0, NULL, NULL, 13, 99, 43),
(2963, 325, 1, 5, -1, NULL, 5, 4, 22, 325),
(2964, 326, 1, 5, -1, NULL, 5, 4, 22, 192),
(2965, 320, 1, 11, -1, NULL, 16, 10, 78, 66),
(2966, 323, 1, 11, -1, NULL, 16, 10, 78, 70),
(2967, 321, 1, 11, -1, NULL, 16, 10, 78, 72),
(2968, 318, 1, 8, 0, NULL, NULL, 14, 104, 46),
(2969, 319, 1, 10, -1, NULL, 10, 7, 57, 165),
(2970, 313, 1, 8, -1, NULL, 1, 14, 107, 47),
(2971, 315, 1, 10, -1, NULL, 10, 7, 57, 297),
(2972, 324, 1, 11, -1, NULL, 16, 10, 78, 88),
(2973, 331, 1, 5, -1, NULL, 28, 4, 25, 184),
(2974, 316, 1, 11, 0, NULL, NULL, 9, 72, 113),
(2975, 327, 1, 5, -1, NULL, 28, 4, 25, 389),
(2976, 328, 1, 5, -1, NULL, 5, 4, 22, 200),
(2977, 324, 1, 12, 0, NULL, NULL, 11, 84, 37),
(2978, 319, 1, 11, 0, NULL, NULL, 10, 79, 62),
(2979, 315, 1, 11, 0, NULL, NULL, 10, 79, 50),
(2980, 318, 1, 12, -1, NULL, 12, 15, 110, 81),
(2981, 313, 1, 12, -1, NULL, 12, 15, 110, 78),
(2982, 324, 1, 11, 0, NULL, NULL, 9, 72, 41),
(2983, 331, 1, 13, 0, NULL, NULL, 8, 65, 91),
(2984, 327, 1, 13, 0, NULL, NULL, 8, 65, 87),
(2985, 324, 1, 3, 0, NULL, NULL, 12, 91, 36),
(2986, 316, 1, 3, 0, NULL, NULL, 12, 91, 126),
(2987, 324, 1, 5, 0, NULL, NULL, 13, 99, 54),
(2988, 326, 1, 13, 0, NULL, NULL, 8, 65, 223),
(2989, 325, 1, 13, 0, NULL, NULL, 8, 65, 237),
(2990, 316, 1, 5, 0, NULL, NULL, 13, 99, 32),
(2991, 320, 1, 12, -1, NULL, 12, 11, 87, 256),
(2992, 324, 1, 8, 0, NULL, NULL, 14, 104, 53),
(2993, 314, 1, 11, 0, NULL, NULL, 10, 79, 320),
(2994, 328, 1, 13, 0, NULL, NULL, 8, 65, 191),
(2995, 316, 1, 8, -1, NULL, 1, 14, 107, 61),
(2996, 323, 1, 12, -1, NULL, 12, 11, 87, 313),
(2997, 321, 1, 12, -1, NULL, 12, 11, 87, 315),
(2998, 325, 1, 10, -1, NULL, 9, 7, 56, 99),
(2999, 324, 1, 12, -1, NULL, 13, 15, 115, 61),
(3000, 327, 1, 10, -1, NULL, 10, 7, 59, 224),
(3001, 314, 1, 12, -1, NULL, 10, 11, 83, 124),
(3002, 331, 1, 10, -1, NULL, 10, 7, 57, 248),
(3003, 315, 1, 12, -1, NULL, 10, 11, 83, 356),
(3004, 319, 1, 12, -1, NULL, 10, 11, 83, 349),
(3005, 320, 1, 3, 0, NULL, NULL, 12, 91, 193),
(3006, 314, 1, 3, 0, NULL, NULL, 12, 91, 52),
(3007, 323, 1, 3, 0, NULL, NULL, 12, 91, 137),
(3008, 321, 1, 3, 0, NULL, NULL, 12, 91, 134),
(3009, 318, 1, 11, -1, NULL, 11, 16, 123, 349),
(3010, 319, 1, 3, -1, NULL, 3, 12, 92, 26),
(3011, 315, 1, 3, -1, NULL, 3, 12, 92, 43),
(3012, 316, 1, 12, -1, NULL, 12, 15, 112, 203),
(3013, 324, 1, 11, -1, NULL, 9, 16, 120, 159),
(3014, 325, 1, 11, -1, NULL, 16, 10, 78, 169),
(3015, 313, 1, 11, -1, NULL, 11, 16, 123, 389),
(3016, 314, 1, 5, -1, NULL, 5, 13, 98, 58),
(3017, 321, 1, 5, 0, NULL, NULL, 13, 99, 74),
(3018, 320, 1, 5, 0, NULL, NULL, 13, 99, 78),
(3019, 323, 1, 5, 0, NULL, NULL, 13, 99, 77),
(3020, 328, 1, 10, -1, NULL, 9, 7, 56, 270),
(3021, 326, 1, 10, -1, NULL, 9, 7, 56, 319),
(3022, 326, 1, 11, 0, NULL, NULL, 10, 79, 27),
(3023, 327, 1, 11, 0, NULL, NULL, 10, 79, 198),
(3024, 331, 1, 11, 0, NULL, NULL, 10, 79, 186),
(3025, 317, 1, 8, 0, NULL, NULL, 14, 104, 72),
(3026, 321, 1, 8, 0, NULL, NULL, 14, 104, 65),
(3027, 323, 1, 8, 0, NULL, NULL, 14, 104, 65),
(3028, 320, 1, 8, 0, NULL, NULL, 14, 104, 68),
(3029, 328, 1, 11, 0, NULL, NULL, 10, 79, 137),
(3030, 313, 1, 17, 0, NULL, NULL, 18, 134, 195),
(3031, 318, 1, 17, 0, NULL, NULL, 18, 134, 235),
(3032, 314, 1, 8, -1, NULL, 12, 14, 106, 181),
(3033, 327, 1, 12, 0, NULL, NULL, 11, 84, 112),
(3034, 331, 1, 12, 0, NULL, NULL, 11, 84, 126),
(3035, 315, 1, 5, -1, NULL, 5, 13, 96, 228),
(3036, 319, 1, 5, -1, NULL, 5, 13, 96, 249),
(3037, 318, 1, 12, 0, NULL, NULL, 19, 141, 63),
(3038, 313, 1, 12, 0, NULL, NULL, 19, 141, 64),
(3039, 313, 1, 18, 0, NULL, NULL, 20, 149, 33),
(3040, 318, 1, 18, 0, NULL, NULL, 20, 149, 33),
(3041, 324, 1, 2, -1, NULL, 10, 17, 129, 322),
(3042, 323, 1, 12, -1, NULL, 12, 15, 112, 259),
(3043, 320, 1, 12, -1, NULL, 12, 15, 112, 258),
(3044, 317, 1, 12, -1, NULL, 12, 15, 112, 266),
(3045, 321, 1, 12, 0, NULL, NULL, 15, 116, 303),
(3046, 324, 1, 17, 0, NULL, NULL, 18, 134, 95),
(3047, 314, 1, 12, -1, NULL, 12, 15, 112, 224),
(3048, 331, 1, 11, 0, NULL, NULL, 9, 72, 217),
(3049, 327, 1, 11, 0, NULL, NULL, 9, 72, 233),
(3050, 324, 1, 12, 0, NULL, NULL, 19, 141, 33),
(3051, 324, 1, 18, 0, NULL, NULL, 20, 149, 22),
(3052, 316, 1, 11, -1, NULL, 9, 16, 119, 481),
(3053, 326, 1, 12, -1, NULL, 12, 11, 82, 366),
(3054, 328, 1, 12, -1, NULL, 12, 11, 82, 294),
(3055, 325, 1, 12, -1, NULL, 12, 11, 82, 271),
(3056, 319, 1, 8, -1, NULL, 12, 14, 106, 280),
(3057, 315, 1, 8, -1, NULL, 12, 14, 106, 286),
(3058, 314, 1, 11, -1, NULL, 11, 16, 122, 97),
(3059, 326, 1, 3, -1, NULL, 3, 12, 92, 58),
(3060, 328, 1, 3, -1, NULL, 3, 12, 92, 52),
(3061, 325, 1, 3, -1, NULL, 3, 12, 92, 47),
(3062, 331, 1, 3, -1, NULL, 3, 12, 92, 139),
(3063, 327, 1, 3, -1, NULL, 3, 12, 92, 135),
(3064, 316, 1, 2, -1, NULL, 9, 17, 128, 115),
(3065, 324, 1, 11, 0, NULL, NULL, 21, 155, 129),
(3066, 331, 1, 5, -1, NULL, 5, 13, 95, 46),
(3067, 327, 1, 5, -1, NULL, 5, 13, 95, 49),
(3068, 318, 1, 11, -1, NULL, 2, 21, 159, 366),
(3069, 313, 1, 11, -1, NULL, 2, 21, 159, 368),
(3070, 331, 1, 8, -1, NULL, 12, 14, 106, 50),
(3071, 327, 1, 8, -1, NULL, 12, 14, 106, 48),
(3072, 324, 1, 1, 0, NULL, NULL, 98, 460, 127),
(3073, 328, 1, 5, -1, NULL, 5, 13, 96, 190),
(3074, 326, 1, 5, -1, NULL, 5, 13, 96, 193),
(3075, 325, 1, 5, -1, NULL, 5, 13, 96, 171),
(3076, 314, 1, 17, -1, NULL, 17, 18, 136, 221),
(3077, 316, 1, 17, -1, NULL, 17, 18, 136, 150),
(3078, 324, 1, 3, -1, NULL, 3, 100, 475, 43),
(3079, 331, 1, 12, 0, NULL, NULL, 15, 116, 99),
(3080, 327, 1, 12, 0, NULL, NULL, 15, 116, 97),
(3081, 316, 1, 12, 0, NULL, NULL, 19, 141, 31),
(3082, 314, 1, 12, 0, NULL, NULL, 19, 141, 33),
(3083, 318, 1, 1, 0, NULL, NULL, 98, 460, 122),
(3084, 313, 1, 1, 0, NULL, NULL, 98, 460, 120),
(3085, 314, 1, 18, 0, NULL, NULL, 20, 149, 29),
(3086, 316, 1, 18, 0, NULL, NULL, 20, 149, 30),
(3087, 313, 1, 3, -1, NULL, 3, 100, 475, 49),
(3088, 318, 1, 3, -1, NULL, 3, 100, 475, 50),
(3089, 319, 1, 12, -1, NULL, 12, 15, 114, 317),
(3090, 315, 1, 12, -1, NULL, 12, 15, 114, 342),
(3091, 324, 1, 5, -1, NULL, 5, 102, 486, 89),
(3092, 318, 1, 5, 0, NULL, NULL, 102, 484, 89),
(3093, 313, 1, 5, 0, NULL, NULL, 102, 484, 100),
(3094, 323, 1, 11, 0, NULL, NULL, 16, 121, 619),
(3095, 320, 1, 11, 0, NULL, NULL, 16, 121, 618),
(3096, 321, 1, 11, 0, NULL, NULL, 16, 121, 578),
(3097, 325, 1, 8, -1, NULL, 12, 14, 106, 248),
(3098, 317, 1, 11, 0, NULL, NULL, 16, 121, 626),
(3099, 326, 1, 8, -1, NULL, 12, 14, 106, 262),
(3100, 318, 1, 25, 0, NULL, NULL, 103, 491, 87),
(3101, 313, 1, 25, 0, NULL, NULL, 103, 491, 78),
(3102, 328, 1, 8, -1, NULL, 12, 14, 106, 289),
(3103, 318, 1, 27, 0, NULL, NULL, 104, 497, 25),
(3104, 313, 1, 27, 0, NULL, NULL, 104, 497, 27),
(3105, 324, 1, 25, 0, NULL, NULL, 103, 491, 194),
(3106, 318, 1, 27, 0, NULL, NULL, 105, 503, 20),
(3107, 313, 1, 27, 0, NULL, NULL, 105, 503, 19),
(3108, 331, 1, 11, -1, NULL, 9, 16, 120, 297),
(3109, 327, 1, 11, -1, NULL, 9, 16, 120, 306),
(3110, 313, 1, 12, 0, NULL, NULL, 107, 515, 37),
(3111, 318, 1, 12, 0, NULL, NULL, 107, 515, 40),
(3112, 321, 1, 2, -1, NULL, 10, 17, 129, 170),
(3113, 317, 1, 2, -1, NULL, 10, 17, 129, 158),
(3114, 316, 1, 11, 0, NULL, NULL, 21, 155, 353),
(3115, 314, 1, 11, 0, NULL, NULL, 21, 155, 357),
(3116, 323, 1, 2, -1, NULL, 10, 17, 129, 181),
(3117, 313, 1, 11, 0, NULL, NULL, 106, 508, 66),
(3118, 318, 1, 11, 0, NULL, NULL, 106, 508, 66),
(3119, 327, 1, 2, -1, NULL, 10, 17, 129, 85),
(3120, 320, 1, 2, -1, NULL, 10, 17, 129, 191),
(3121, 331, 1, 2, -1, NULL, 10, 17, 129, 101),
(3122, 318, 1, 26, 0, NULL, NULL, 23, 161, 41),
(3123, 313, 1, 26, 0, NULL, NULL, 23, 161, 42),
(3124, 313, 1, 26, 0, NULL, NULL, 24, 164, 16),
(3125, 318, 1, 26, 0, NULL, NULL, 24, 164, 17),
(3126, 328, 1, 12, -1, NULL, 12, 15, 110, 207),
(3127, 326, 1, 12, -1, NULL, 12, 15, 110, 238),
(3128, 325, 1, 12, -1, NULL, 12, 15, 110, 254),
(3129, 313, 1, 26, 0, NULL, NULL, 26, 172, 43),
(3130, 318, 1, 26, 0, NULL, NULL, 26, 172, 44),
(3131, 318, 1, 26, 0, NULL, NULL, 55, 286, 10),
(3132, 313, 1, 26, 0, NULL, NULL, 55, 286, 12),
(3133, 324, 1, 27, 0, NULL, NULL, 104, 497, 234),
(3134, 320, 1, 17, -1, NULL, 17, 18, 132, 121),
(3135, 317, 1, 17, -1, NULL, 17, 18, 132, 142),
(3136, 321, 1, 17, -1, NULL, 17, 18, 132, 154),
(3137, 324, 1, 27, 0, NULL, NULL, 105, 503, 29),
(3138, 323, 1, 17, 0, NULL, NULL, 18, 134, 172),
(3139, 327, 1, 17, 0, NULL, NULL, 18, 134, 173),
(3140, 331, 1, 17, 0, NULL, NULL, 18, 134, 192),
(3141, 324, 1, 12, 0, NULL, NULL, 107, 515, 62),
(3142, 323, 1, 12, 0, NULL, NULL, 19, 141, 81),
(3143, 317, 1, 12, 0, NULL, NULL, 19, 141, 118),
(3144, 320, 1, 12, 0, NULL, NULL, 19, 141, 123),
(3145, 321, 1, 12, 0, NULL, NULL, 19, 141, 119),
(3146, 331, 1, 12, 0, NULL, NULL, 19, 141, 97),
(3147, 316, 1, 1, 0, NULL, NULL, 98, 460, 315),
(3148, 314, 1, 1, 0, NULL, NULL, 98, 460, 312),
(3149, 317, 1, 18, -1, NULL, 12, 20, 150, 59),
(3150, 327, 1, 12, 0, NULL, NULL, 19, 141, 128),
(3151, 321, 1, 18, 0, NULL, NULL, 20, 149, 51),
(3152, 323, 1, 18, 0, NULL, NULL, 20, 149, 64),
(3153, 320, 1, 18, 0, NULL, NULL, 20, 149, 64),
(3154, 316, 1, 3, -1, NULL, 3, 100, 475, 43),
(3155, 314, 1, 3, -1, NULL, 3, 100, 475, 44),
(3156, 324, 1, 11, 0, NULL, NULL, 106, 508, 174),
(3157, 331, 1, 18, 0, NULL, NULL, 20, 149, 127),
(3158, 327, 1, 18, -1, NULL, 18, 20, 145, 115),
(3159, 316, 1, 5, -1, NULL, 5, 102, 486, 119),
(3160, 314, 1, 5, -1, NULL, 5, 102, 486, 119),
(3161, 324, 1, 26, 0, NULL, NULL, 23, 161, 77),
(3162, 324, 1, 26, 0, NULL, NULL, 24, 164, 12),
(3163, 326, 1, 11, -1, NULL, 9, 16, 120, 386),
(3164, 325, 1, 11, -1, NULL, 9, 16, 120, 437),
(3165, 324, 1, 26, 0, NULL, NULL, 26, 172, 81),
(3166, 324, 1, 26, 0, NULL, NULL, 55, 286, 11),
(3167, 325, 1, 2, -1, NULL, 13, 17, 127, 75),
(3168, 328, 1, 11, -1, NULL, 9, 16, 120, 412),
(3169, 326, 1, 2, -1, NULL, 13, 17, 127, 134),
(3170, 328, 1, 2, -1, NULL, 13, 17, 127, 27),
(3171, 316, 1, 25, 0, NULL, NULL, 103, 491, 211),
(3172, 314, 1, 25, 0, NULL, NULL, 103, 491, 210),
(3173, 321, 1, 11, 0, NULL, NULL, 21, 155, 413),
(3174, 317, 1, 11, 0, NULL, NULL, 21, 155, 419),
(3175, 323, 1, 11, 0, NULL, NULL, 21, 155, 429),
(3176, 316, 1, 27, 0, NULL, NULL, 104, 497, 63),
(3177, 314, 1, 27, 0, NULL, NULL, 104, 497, 63),
(3178, 320, 1, 11, 0, NULL, NULL, 21, 155, 435),
(3179, 326, 1, 17, -1, NULL, 17, 18, 132, 109),
(3180, 325, 1, 17, -1, NULL, 17, 18, 132, 175),
(3181, 328, 1, 17, -1, NULL, 17, 18, 132, 120),
(3182, 314, 1, 27, 0, NULL, NULL, 105, 503, 112),
(3183, 316, 1, 27, 0, NULL, NULL, 105, 503, 114),
(3184, 326, 1, 12, 0, NULL, NULL, 19, 141, 103),
(3185, 325, 1, 12, 0, NULL, NULL, 19, 141, 97),
(3186, 328, 1, 12, 0, NULL, NULL, 19, 141, 94),
(3187, 317, 1, 1, 0, NULL, NULL, 98, 460, 154),
(3188, 320, 1, 1, 0, NULL, NULL, 98, 460, 138),
(3189, 323, 1, 1, 0, NULL, NULL, 98, 460, 146),
(3190, 321, 1, 1, 0, NULL, NULL, 98, 460, 162),
(3191, 326, 1, 18, 0, NULL, NULL, 20, 149, 109),
(3192, 328, 1, 18, 0, NULL, NULL, 20, 149, 107),
(3193, 325, 1, 18, 0, NULL, NULL, 20, 149, 110),
(3194, 316, 1, 12, -1, NULL, 12, 107, 518, 119),
(3195, 314, 1, 12, -1, NULL, 12, 107, 518, 127),
(3196, 319, 1, 11, 0, NULL, NULL, 16, 121, 811),
(3197, 315, 1, 11, 0, NULL, NULL, 16, 121, 1337),
(3198, 314, 1, 26, 0, NULL, NULL, 23, 161, 75),
(3199, 323, 1, 3, 0, NULL, NULL, 100, 473, 181),
(3200, 320, 1, 3, 0, NULL, NULL, 100, 473, 192),
(3201, 317, 1, 3, 0, NULL, NULL, 100, 473, 143),
(3202, 316, 1, 26, 0, NULL, NULL, 23, 161, 135),
(3203, 327, 1, 11, -1, NULL, 11, 21, 158, 701),
(3204, 331, 1, 11, -1, NULL, 11, 21, 158, 717),
(3205, 321, 1, 3, 0, NULL, NULL, 100, 473, 254),
(3206, 314, 1, 26, 0, NULL, NULL, 24, 164, 111),
(3207, 316, 1, 26, 0, NULL, NULL, 24, 164, 63),
(3208, 316, 1, 26, 0, NULL, NULL, 26, 172, 25),
(3209, 314, 1, 26, 0, NULL, NULL, 26, 172, 30),
(3210, 316, 1, 26, 0, NULL, NULL, 55, 286, 16),
(3211, 314, 1, 26, 0, NULL, NULL, 55, 286, 12),
(3212, 319, 1, 2, -1, NULL, 9, 17, 128, 215),
(3213, 315, 1, 2, -1, NULL, 9, 17, 128, 217),
(3214, 320, 1, 5, 0, NULL, NULL, 102, 484, 172),
(3215, 323, 1, 5, 0, NULL, NULL, 102, 484, 187),
(3216, 317, 1, 5, 0, NULL, NULL, 102, 484, 180),
(3217, 321, 1, 5, 0, NULL, NULL, 102, 484, 118),
(3218, 331, 1, 1, 0, NULL, NULL, 98, 460, 136),
(3219, 327, 1, 1, 0, NULL, NULL, 98, 460, 138),
(3220, 327, 1, 3, 0, NULL, NULL, 100, 473, 152),
(3221, 319, 1, 17, 0, NULL, NULL, 18, 134, 202),
(3222, 315, 1, 17, 0, NULL, NULL, 18, 134, 204),
(3223, 326, 1, 11, 0, NULL, NULL, 21, 155, 474),
(3224, 325, 1, 11, 0, NULL, NULL, 21, 155, 482),
(3225, 331, 1, 3, 0, NULL, NULL, 100, 473, 216),
(3226, 328, 1, 11, 0, NULL, NULL, 21, 155, 386),
(3227, 319, 1, 12, 0, NULL, NULL, 19, 141, 76),
(3228, 315, 1, 12, 0, NULL, NULL, 19, 141, 72),
(3229, 321, 1, 25, 0, NULL, NULL, 103, 491, 270),
(3230, 317, 1, 25, 0, NULL, NULL, 103, 491, 280),
(3231, 323, 1, 25, 0, NULL, NULL, 103, 491, 285),
(3232, 320, 1, 25, 0, NULL, NULL, 103, 491, 293),
(3233, 317, 1, 27, 0, NULL, NULL, 104, 497, 45),
(3234, 321, 1, 27, 0, NULL, NULL, 104, 497, 50),
(3235, 320, 1, 27, 0, NULL, NULL, 104, 497, 41),
(3236, 323, 1, 27, 0, NULL, NULL, 104, 497, 45),
(3237, 319, 1, 18, -1, NULL, 12, 20, 147, 75),
(3238, 331, 1, 5, -1, NULL, 28, 102, 485, 132),
(3239, 327, 1, 5, 0, NULL, NULL, 102, 484, 192),
(3240, 315, 1, 18, -1, NULL, 12, 20, 147, 112),
(3241, 323, 1, 27, 0, NULL, NULL, 105, 503, 117),
(3242, 321, 1, 27, 0, NULL, NULL, 105, 503, 122),
(3243, 320, 1, 27, 0, NULL, NULL, 105, 503, 122),
(3244, 317, 1, 27, 0, NULL, NULL, 105, 503, 123),
(3245, 326, 1, 1, 0, NULL, NULL, 98, 460, 221),
(3246, 325, 1, 1, -1, NULL, 28, 98, 461, 271),
(3247, 328, 1, 1, 0, NULL, NULL, 98, 460, 207),
(3248, 331, 1, 25, 0, NULL, NULL, 103, 491, 151),
(3249, 323, 1, 12, -1, NULL, 12, 107, 518, 68),
(3250, 320, 1, 12, -1, NULL, 12, 107, 518, 65),
(3251, 317, 1, 12, -1, NULL, 12, 107, 518, 66),
(3252, 327, 1, 25, 0, NULL, NULL, 103, 491, 150),
(3253, 326, 1, 3, -1, NULL, 3, 100, 475, 59),
(3254, 328, 1, 3, -1, NULL, 3, 100, 475, 45),
(3255, 321, 1, 12, -1, NULL, 12, 107, 518, 94),
(3256, 320, 1, 26, 0, NULL, NULL, 23, 161, 73),
(3257, 323, 1, 26, 0, NULL, NULL, 23, 161, 75),
(3258, 317, 1, 26, 0, NULL, NULL, 23, 161, 74),
(3259, 321, 1, 26, 0, NULL, NULL, 23, 161, 48),
(3260, 321, 1, 26, 0, NULL, NULL, 24, 164, 23),
(3261, 317, 1, 26, 0, NULL, NULL, 24, 164, 25),
(3262, 320, 1, 26, 0, NULL, NULL, 24, 164, 30),
(3263, 323, 1, 26, 0, NULL, NULL, 24, 164, 30),
(3264, 323, 1, 26, 0, NULL, NULL, 26, 172, 17),
(3265, 321, 1, 26, 0, NULL, NULL, 26, 172, 23),
(3266, 317, 1, 26, 0, NULL, NULL, 26, 172, 21),
(3267, 331, 1, 27, 0, NULL, NULL, 104, 497, 126),
(3268, 320, 1, 26, 0, NULL, NULL, 26, 172, 23),
(3269, 327, 1, 27, 0, NULL, NULL, 104, 497, 125),
(3270, 317, 1, 26, 0, NULL, NULL, 55, 286, 8),
(3271, 321, 1, 26, 0, NULL, NULL, 55, 286, 8),
(3272, 323, 1, 26, 0, NULL, NULL, 55, 286, 10),
(3273, 320, 1, 26, 0, NULL, NULL, 55, 286, 5),
(3274, 326, 1, 5, -1, NULL, 5, 102, 486, 147),
(3275, 325, 1, 5, -1, NULL, 5, 102, 486, 203),
(3276, 328, 1, 5, -1, NULL, 28, 102, 487, 161),
(3277, 319, 1, 11, -1, NULL, 11, 21, 156, 140),
(3278, 315, 1, 11, -1, NULL, 11, 21, 156, 422),
(3279, 328, 1, 25, -1, NULL, 11, 103, 492, 107),
(3280, 325, 1, 25, -1, NULL, 11, 103, 492, 119),
(3281, 326, 1, 25, -1, NULL, 11, 103, 492, 123),
(3282, 331, 1, 27, 0, NULL, NULL, 105, 503, 149),
(3283, 327, 1, 27, 0, NULL, NULL, 105, 503, 147),
(3284, 331, 1, 12, 0, NULL, NULL, 107, 515, 52),
(3285, 327, 1, 12, 0, NULL, NULL, 107, 515, 51),
(3286, 326, 1, 27, -1, NULL, 27, 104, 499, 71),
(3287, 331, 1, 11, 0, NULL, NULL, 106, 508, 60),
(3288, 327, 1, 11, 0, NULL, NULL, 106, 508, 58),
(3289, 325, 1, 27, -1, NULL, 27, 104, 499, 121),
(3290, 328, 1, 27, -1, NULL, 27, 104, 499, 164),
(3291, 326, 1, 11, -1, NULL, 11, 106, 509, 15),
(3292, 331, 1, 26, 0, NULL, NULL, 23, 161, 101),
(3293, 327, 1, 26, -1, NULL, 26, 23, 160, 100),
(3294, 328, 1, 11, -1, NULL, 11, 106, 509, 77),
(3295, 325, 1, 11, -1, NULL, 11, 106, 509, 123),
(3296, 319, 1, 1, 0, NULL, NULL, 98, 460, 66),
(3297, 315, 1, 1, 0, NULL, NULL, 98, 460, 270),
(3298, 331, 1, 26, 0, NULL, NULL, 24, 164, 74),
(3299, 328, 1, 26, 0, NULL, NULL, 23, 161, 96),
(3300, 325, 1, 26, 0, NULL, NULL, 23, 161, 95),
(3301, 326, 1, 26, 0, NULL, NULL, 23, 161, 122),
(3302, 327, 1, 26, 0, NULL, NULL, 25, 169, 131),
(3303, 326, 1, 26, 0, NULL, NULL, 24, 164, 19),
(3304, 328, 1, 26, 0, NULL, NULL, 24, 164, 22),
(3305, 325, 1, 26, 0, NULL, NULL, 24, 164, 22),
(3306, 319, 1, 3, -1, NULL, 3, 100, 475, 109),
(3307, 315, 1, 3, -1, NULL, 3, 100, 475, 98),
(3308, 331, 1, 26, 0, NULL, NULL, 26, 172, 104),
(3309, 327, 1, 26, 0, NULL, NULL, 26, 172, 44),
(3310, 325, 1, 26, 0, NULL, NULL, 26, 172, 34),
(3311, 326, 1, 26, 0, NULL, NULL, 26, 172, 37),
(3312, 328, 1, 26, 0, NULL, NULL, 26, 172, 36),
(3313, 328, 1, 26, 0, NULL, NULL, 55, 286, 11),
(3314, 326, 1, 26, 0, NULL, NULL, 55, 286, 11),
(3315, 325, 1, 26, 0, NULL, NULL, 55, 286, 10),
(3316, 331, 1, 26, 0, NULL, NULL, 55, 286, 31),
(3317, 327, 1, 26, 0, NULL, NULL, 55, 286, 29),
(3318, 319, 1, 5, 0, NULL, NULL, 102, 484, 297),
(3319, 315, 1, 5, 0, NULL, NULL, 102, 484, 297),
(3320, 319, 1, 25, -1, NULL, 11, 103, 492, 47),
(3321, 315, 1, 25, -1, NULL, 11, 103, 492, 52),
(3322, 319, 1, 27, 0, NULL, NULL, 104, 497, 161),
(3323, 315, 1, 27, 0, NULL, NULL, 104, 497, 155),
(3324, 319, 1, 27, 0, NULL, NULL, 105, 503, 106),
(3325, 315, 1, 27, 0, NULL, NULL, 105, 503, 107),
(3326, 315, 1, 12, 0, NULL, NULL, 107, 515, 187),
(3327, 319, 1, 12, 0, NULL, NULL, 107, 515, 189),
(3328, 315, 1, 11, -1, NULL, 11, 106, 511, 59),
(3329, 319, 1, 11, -1, NULL, 11, 106, 511, 61),
(3330, 319, 1, 26, 0, NULL, NULL, 23, 161, 73),
(3331, 315, 1, 26, 0, NULL, NULL, 23, 161, 100),
(3332, 319, 1, 26, 0, NULL, NULL, 24, 164, 45),
(3333, 315, 1, 26, 0, NULL, NULL, 24, 164, 44),
(3334, 319, 1, 26, 0, NULL, NULL, 26, 172, 28),
(3335, 315, 1, 26, 0, NULL, NULL, 26, 172, 30),
(3336, 319, 1, 26, 0, NULL, NULL, 55, 286, 11),
(3337, 315, 1, 26, 0, NULL, NULL, 55, 286, 11),
(3338, 333, 3, 20, 0, NULL, NULL, 56, 291, 19),
(3339, 333, 3, 20, 0, NULL, NULL, 57, 294, 15),
(3340, 333, 3, 20, 0, NULL, NULL, 59, 302, 11),
(3341, 333, 3, 20, 0, NULL, NULL, 61, 310, 13),
(3342, 333, 3, 19, 0, NULL, NULL, 62, 315, 10),
(3343, 333, 3, 19, 0, NULL, NULL, 63, 318, 13),
(3344, 333, 3, 19, 0, NULL, NULL, 65, 326, 43),
(3345, 333, 3, 19, 0, NULL, NULL, 67, 334, 11),
(3346, 333, 3, 16, 0, NULL, NULL, 68, 339, 6),
(3347, 333, 3, 16, 0, NULL, NULL, 69, 342, 15),
(3348, 333, 3, 16, 0, NULL, NULL, 71, 350, 50),
(3349, 333, 3, 16, 0, NULL, NULL, 73, 358, 35),
(3350, 333, 3, 21, 0, NULL, NULL, 74, 363, 6),
(3351, 333, 3, 21, 0, NULL, NULL, 75, 366, 9),
(3352, 333, 3, 21, 0, NULL, NULL, 77, 374, 96),
(3353, 333, 3, 21, 0, NULL, NULL, 79, 382, 788),
(3354, 333, 3, 25, -1, NULL, 25, 80, 389, 234),
(3355, 333, 3, 25, -1, NULL, 25, 82, 396, 9),
(3356, 333, 3, 25, 0, NULL, NULL, 84, 403, 11),
(3357, 334, 3, 20, 0, NULL, NULL, 56, 291, 21),
(3358, 335, 1, 1, 0, NULL, NULL, 1, 4, 27),
(3359, 335, 1, 3, 0, NULL, NULL, 3, 15, 10),
(3360, 335, 1, 5, 0, NULL, NULL, 4, 26, 52),
(3361, 335, 1, 13, 0, NULL, NULL, 8, 65, 55),
(3362, 335, 1, 10, -1, NULL, 2, 7, 61, 18),
(3363, 335, 1, 11, -1, NULL, 16, 10, 78, 28),
(3364, 335, 1, 12, -1, NULL, 12, 11, 87, 11),
(3365, 335, 1, 3, 0, NULL, NULL, 12, 91, 43),
(3366, 335, 1, 5, 0, NULL, NULL, 13, 99, 10),
(3367, 335, 1, 8, -1, NULL, 12, 14, 106, 20),
(3368, 335, 1, 12, -1, NULL, 12, 15, 112, 37),
(3369, 335, 1, 11, -1, NULL, 16, 16, 117, 9),
(3370, 335, 1, 2, -1, NULL, 2, 17, 130, 6),
(3371, 335, 1, 17, -1, NULL, 17, 18, 136, 10),
(3372, 335, 1, 12, 0, NULL, NULL, 19, 141, 15),
(3373, 335, 1, 18, 0, NULL, NULL, 20, 149, 15),
(3374, 335, 1, 11, -1, NULL, 2, 21, 159, 9),
(3375, 335, 1, 1, -1, NULL, 1, 98, 463, 12),
(3376, 335, 1, 3, -1, NULL, 3, 101, 478, 7),
(3377, 335, 1, 5, -1, NULL, 28, 102, 487, 10),
(3378, 335, 1, 25, -1, NULL, 2, 103, 493, 1905),
(3379, 335, 1, 27, 0, NULL, NULL, 104, 497, 12),
(3380, 335, 1, 27, -1, NULL, 11, 105, 504, 16),
(3381, 335, 1, 12, -1, NULL, 12, 107, 514, 6),
(3382, 335, 1, 11, 0, NULL, NULL, 106, 508, 3),
(3383, 335, 1, 26, 0, NULL, NULL, 23, 161, 23),
(3384, 335, 1, 26, 0, NULL, NULL, 24, 164, 13),
(3385, 335, 1, 26, 0, NULL, NULL, 26, 172, 11),
(3386, 335, 1, 26, 0, NULL, NULL, 55, 286, 6),
(3387, 337, 1, 1, 0, NULL, NULL, 1, 4, 52),
(3388, 337, 1, 3, 0, NULL, NULL, 3, 15, 11),
(3389, 342, 1, 1, 0, NULL, NULL, 1, 4, 43),
(3390, 343, 1, 1, 0, NULL, NULL, 1, 4, 39),
(3391, 339, 1, 1, 0, NULL, NULL, 1, 4, 75),
(3392, 337, 1, 5, -1, NULL, 5, 4, 27, 25),
(3393, 342, 1, 3, 0, NULL, NULL, 3, 15, 20),
(3394, 339, 1, 3, 0, NULL, NULL, 3, 15, 9),
(3395, 343, 1, 3, 0, NULL, NULL, 3, 15, 38),
(3396, 342, 1, 5, -1, NULL, 5, 4, 22, 59),
(3397, 344, 1, 1, -1, NULL, 1, 1, 5, 61),
(3398, 338, 1, 1, 0, NULL, NULL, 1, 4, 160),
(3399, 343, 1, 5, -1, NULL, 5, 4, 22, 28),
(3400, 342, 1, 13, 0, NULL, NULL, 8, 65, 47),
(3401, 345, 1, 1, 0, NULL, NULL, 1, 4, 58),
(3402, 338, 1, 3, 0, NULL, NULL, 3, 15, 49),
(3403, 337, 1, 13, -1, NULL, 12, 8, 66, 135),
(3404, 345, 1, 3, 0, NULL, NULL, 3, 15, 24),
(3405, 341, 1, 1, -1, NULL, 1, 1, 1, 201),
(3406, 341, 1, 4, -1, NULL, 4, 2, 8, 11),
(3407, 337, 1, 11, -1, NULL, 16, 10, 78, 16),
(3408, 344, 1, 5, -1, NULL, 5, 4, 27, 102),
(3409, 342, 1, 10, 0, NULL, NULL, 7, 60, 68),
(3410, 337, 1, 12, -1, NULL, 12, 11, 87, 43),
(3411, 339, 1, 5, -1, NULL, 5, 4, 27, 197),
(3412, 342, 1, 11, -1, NULL, 16, 10, 78, 18),
(3413, 338, 1, 5, -1, NULL, 28, 4, 21, 90),
(3414, 345, 1, 5, 0, NULL, NULL, 4, 26, 77),
(3415, 337, 1, 3, -1, NULL, 3, 12, 92, 22),
(3416, 337, 1, 5, -1, NULL, 5, 13, 102, 34),
(3417, 342, 1, 12, 0, NULL, NULL, 11, 84, 75),
(3418, 341, 1, 3, -1, NULL, 3, 6, 53, 140),
(3419, 343, 1, 13, 0, NULL, NULL, 8, 65, 201),
(3420, 339, 1, 13, 0, NULL, NULL, 8, 65, 109),
(3421, 344, 1, 13, 0, NULL, NULL, 8, 65, 151),
(3422, 338, 1, 13, -1, NULL, 9, 8, 64, 113),
(3423, 337, 1, 8, -1, NULL, 2, 14, 108, 69),
(3424, 340, 1, 1, 0, NULL, NULL, 1, 4, 419),
(3425, 340, 1, 3, 0, NULL, NULL, 3, 15, 9),
(3426, 341, 1, 13, 0, NULL, NULL, 8, 65, 57),
(3427, 345, 1, 13, 0, NULL, NULL, 8, 65, 135),
(3428, 338, 1, 11, 0, NULL, NULL, 10, 79, 38),
(3429, 337, 1, 12, -1, NULL, 12, 15, 124, 44),
(3430, 338, 1, 12, -1, NULL, 12, 11, 87, 25),
(3431, 339, 1, 10, -1, NULL, 10, 7, 57, 79),
(3432, 338, 1, 3, -1, NULL, 3, 12, 88, 25),
(3433, 344, 1, 10, -1, NULL, 10, 7, 57, 115),
(3434, 340, 1, 5, 0, NULL, NULL, 4, 26, 90),
(3435, 338, 1, 5, -1, NULL, 5, 13, 95, 31),
(3436, 343, 1, 10, -1, NULL, 10, 7, 57, 142),
(3437, 340, 1, 13, 0, NULL, NULL, 8, 65, 17),
(3438, 339, 1, 11, -1, NULL, 11, 10, 80, 94),
(3439, 342, 1, 11, -1, NULL, 13, 9, 69, 214),
(3440, 338, 1, 8, -1, NULL, 2, 14, 108, 59),
(3441, 340, 1, 10, -1, NULL, 10, 7, 59, 54),
(3442, 342, 1, 3, -1, NULL, 3, 12, 92, 24),
(3443, 344, 1, 11, 0, NULL, NULL, 10, 79, 107),
(3444, 341, 1, 10, 0, NULL, NULL, 7, 60, 195),
(3445, 345, 1, 10, 0, NULL, NULL, 7, 60, 200),
(3446, 342, 1, 5, -1, NULL, 6, 13, 100, 35),
(3447, 342, 1, 8, -1, NULL, 12, 14, 106, 17),
(3448, 337, 1, 11, -1, NULL, 11, 16, 122, 201),
(3449, 340, 1, 11, 0, NULL, NULL, 10, 79, 77),
(3450, 339, 1, 12, -1, NULL, 12, 11, 87, 113),
(3451, 345, 1, 11, 0, NULL, NULL, 10, 79, 46),
(3452, 338, 1, 12, -1, NULL, 13, 15, 111, 94),
(3453, 341, 1, 11, 0, NULL, NULL, 10, 79, 55),
(3454, 337, 1, 17, -1, NULL, 17, 18, 137, 39),
(3455, 342, 1, 12, -1, NULL, 12, 15, 124, 52),
(3456, 339, 1, 3, 0, NULL, NULL, 12, 91, 35),
(3457, 340, 1, 12, 0, NULL, NULL, 11, 84, 52),
(3458, 337, 1, 12, -1, NULL, 13, 19, 139, 75),
(3459, 341, 1, 12, -1, NULL, 13, 11, 81, 97),
(3460, 344, 1, 12, -1, NULL, 10, 11, 83, 153),
(3461, 337, 1, 18, -1, NULL, 12, 20, 151, 20),
(3462, 345, 1, 12, -1, NULL, 13, 11, 81, 109),
(3463, 341, 1, 3, -1, NULL, 3, 12, 89, 48),
(3464, 344, 1, 3, -1, NULL, 3, 12, 93, 47),
(3465, 343, 1, 11, 0, NULL, NULL, 10, 79, 304),
(3466, 338, 1, 11, -1, NULL, 9, 16, 119, 180),
(3467, 341, 1, 5, -1, NULL, 5, 13, 98, 38),
(3468, 345, 1, 3, 0, NULL, NULL, 12, 91, 80),
(3469, 338, 1, 2, -1, NULL, 2, 17, 130, 26),
(3470, 344, 1, 8, -1, NULL, 2, 14, 108, 63),
(3471, 342, 1, 11, -1, NULL, 16, 16, 118, 188),
(3472, 340, 1, 11, -1, NULL, 11, 9, 71, 176),
(3473, 337, 1, 1, -1, NULL, 1, 98, 464, 110),
(3474, 347, 1, 1, -1, NULL, 1, 1, 2, 279),
(3475, 340, 1, 3, 0, NULL, NULL, 12, 91, 17),
(3476, 341, 1, 8, -1, NULL, 13, 14, 105, 49),
(3477, 339, 1, 5, 0, NULL, NULL, 13, 99, 206),
(3478, 338, 1, 17, -1, NULL, 17, 18, 132, 41),
(3479, 348, 1, 1, -1, NULL, 1, 1, 3, 251),
(3480, 337, 1, 5, -1, NULL, 5, 102, 489, 34),
(3481, 347, 1, 4, -1, NULL, 4, 2, 8, 34),
(3482, 345, 1, 5, 0, NULL, NULL, 13, 99, 73),
(3483, 341, 1, 12, -1, NULL, 2, 15, 125, 44),
(3484, 340, 1, 5, 0, NULL, NULL, 13, 99, 46),
(3485, 337, 1, 25, -1, NULL, 25, 103, 494, 31),
(3486, 339, 1, 8, -1, NULL, 1, 14, 107, 46),
(3487, 345, 1, 8, -1, NULL, 1, 14, 107, 49),
(3488, 340, 1, 8, -1, NULL, 12, 14, 106, 51),
(3489, 341, 1, 11, 0, NULL, NULL, 16, 121, 60),
(3490, 337, 1, 27, -1, NULL, 27, 104, 501, 69),
(3491, 342, 1, 2, -1, NULL, 13, 17, 127, 145),
(3492, 344, 1, 12, -1, NULL, 12, 15, 124, 149),
(3493, 337, 1, 11, -1, NULL, 11, 106, 513, 11),
(3494, 347, 1, 3, -1, NULL, 3, 6, 50, 110),
(3495, 338, 1, 12, -1, NULL, 12, 19, 144, 131),
(3496, 337, 1, 26, 0, NULL, NULL, 23, 161, 38),
(3497, 348, 1, 4, -1, NULL, 4, 2, 10, 182),
(3498, 337, 1, 26, -1, NULL, 11, 24, 167, 39),
(3499, 340, 1, 12, -1, NULL, 12, 15, 112, 112),
(3500, 342, 1, 17, -1, NULL, 17, 18, 132, 93),
(3501, 337, 1, 26, -1, NULL, 11, 25, 171, 9),
(3502, 345, 1, 12, -1, NULL, 12, 15, 112, 146),
(3503, 341, 1, 2, -1, NULL, 13, 17, 127, 121),
(3504, 337, 1, 26, 0, NULL, NULL, 27, 177, 11),
(3505, 337, 1, 26, -1, NULL, 26, 55, 289, 9),
(3506, 348, 1, 3, -1, NULL, 3, 6, 50, 43),
(3507, 347, 1, 13, -1, NULL, 12, 8, 63, 116),
(3508, 346, 1, 1, 0, NULL, NULL, 1, 4, 612),
(3509, 342, 1, 12, 0, NULL, NULL, 19, 141, 38),
(3510, 342, 1, 18, -1, NULL, 18, 20, 152, 5),
(3511, 339, 1, 12, -1, NULL, 12, 15, 124, 219),
(3512, 346, 1, 3, 0, NULL, NULL, 3, 15, 16),
(3513, 344, 1, 11, -1, NULL, 11, 16, 122, 183),
(3514, 340, 1, 11, -1, NULL, 9, 16, 120, 103),
(3515, 345, 1, 11, -1, NULL, 9, 16, 120, 102),
(3516, 349, 3, 20, 0, NULL, NULL, 56, 291, 29),
(3517, 349, 3, 20, 0, NULL, NULL, 57, 294, 22),
(3518, 342, 1, 1, -1, NULL, 1, 98, 463, 112),
(3519, 348, 1, 13, -1, NULL, 12, 8, 63, 153),
(3520, 342, 1, 3, 0, NULL, NULL, 101, 480, 18),
(3521, 349, 3, 20, -1, NULL, 20, 59, 303, 28),
(3522, 344, 1, 17, -1, NULL, 17, 18, 137, 104),
(3523, 342, 1, 5, -1, NULL, 5, 102, 486, 23),
(3524, 339, 1, 11, -1, NULL, 11, 16, 123, 155),
(3525, 346, 1, 5, -1, NULL, 28, 4, 23, 226),
(3526, 349, 3, 20, 0, NULL, NULL, 60, 307, 103),
(3527, 342, 1, 25, -1, NULL, 25, 103, 494, 87),
(3528, 349, 3, 20, 0, NULL, NULL, 61, 310, 9),
(3529, 344, 1, 12, -1, NULL, 12, 19, 143, 122),
(3530, 342, 1, 27, 0, NULL, NULL, 104, 497, 25),
(3531, 340, 1, 2, -1, NULL, 9, 17, 128, 231),
(3532, 349, 3, 19, 0, NULL, NULL, 62, 315, 25),
(3533, 345, 1, 2, -1, NULL, 9, 17, 128, 224),
(3534, 342, 1, 27, -1, NULL, 27, 105, 507, 24),
(3535, 349, 3, 19, 0, NULL, NULL, 63, 318, 22),
(3536, 342, 1, 11, -1, NULL, 11, 106, 513, 11),
(3537, 342, 1, 26, 0, NULL, NULL, 23, 161, 17),
(3538, 344, 1, 18, -1, NULL, 12, 20, 151, 57),
(3539, 341, 1, 17, -1, NULL, 17, 18, 132, 370),
(3540, 349, 3, 19, -1, NULL, 19, 65, 327, 33),
(3541, 340, 1, 17, -1, NULL, 17, 18, 132, 57),
(3542, 345, 1, 17, -1, NULL, 17, 18, 132, 60),
(3543, 341, 1, 12, -1, NULL, 13, 19, 139, 23),
(3544, 339, 1, 17, -1, NULL, 17, 18, 132, 198),
(3545, 349, 3, 19, 0, NULL, NULL, 66, 331, 25),
(3546, 342, 1, 26, -1, NULL, 26, 24, 165, 45),
(3547, 346, 1, 13, -1, NULL, 2, 8, 67, 132),
(3548, 349, 3, 19, 0, NULL, NULL, 67, 334, 23),
(3549, 342, 1, 26, 0, NULL, NULL, 25, 169, 17),
(3550, 349, 3, 16, 0, NULL, NULL, 68, 339, 10),
(3551, 342, 1, 26, 0, NULL, NULL, 26, 172, 7),
(3552, 348, 1, 11, -1, NULL, 11, 10, 80, 266),
(3553, 349, 3, 16, 0, NULL, NULL, 69, 342, 12),
(3554, 339, 1, 12, -1, NULL, 12, 19, 142, 55),
(3555, 342, 1, 26, 0, NULL, NULL, 55, 286, 17),
(3556, 349, 3, 16, -1, NULL, 16, 71, 351, 22),
(3557, 349, 3, 16, 0, NULL, NULL, 72, 355, 10),
(3558, 349, 3, 16, -1, NULL, 16, 73, 359, 7),
(3559, 349, 3, 21, 0, NULL, NULL, 74, 363, 5),
(3560, 349, 3, 21, 0, NULL, NULL, 75, 366, 7),
(3561, 340, 1, 12, 0, NULL, NULL, 19, 141, 126),
(3562, 345, 1, 12, 0, NULL, NULL, 19, 141, 122),
(3563, 346, 1, 11, -1, NULL, 16, 10, 77, 99),
(3564, 343, 1, 12, -1, NULL, 12, 11, 87, 824),
(3565, 344, 1, 1, -1, NULL, 1, 98, 458, 150),
(3566, 339, 1, 18, -1, NULL, 18, 20, 145, 78),
(3567, 349, 3, 21, -1, NULL, 21, 77, 375, 32),
(3568, 344, 1, 3, 0, NULL, NULL, 99, 466, 24),
(3569, 341, 1, 18, -1, NULL, 12, 20, 147, 173),
(3570, 349, 3, 21, -1, NULL, 21, 78, 380, 59),
(3571, 344, 1, 5, -1, NULL, 5, 102, 489, 52),
(3572, 346, 1, 12, -1, NULL, 10, 11, 83, 94),
(3573, 349, 3, 25, 0, NULL, NULL, 80, 387, 14),
(3574, 339, 1, 11, -1, NULL, 2, 21, 159, 79),
(3575, 349, 3, 25, -1, NULL, 25, 81, 393, 11),
(3576, 349, 3, 25, -1, NULL, 25, 82, 397, 3),
(3577, 349, 3, 25, -1, NULL, 25, 84, 405, 2),
(3578, 349, 3, 22, 0, NULL, NULL, 86, 411, 5),
(3579, 343, 1, 3, -1, NULL, 3, 12, 88, 122),
(3580, 349, 3, 22, 0, NULL, NULL, 87, 414, 6),
(3581, 344, 1, 25, -1, NULL, 25, 103, 494, 51),
(3582, 349, 3, 22, 0, NULL, NULL, 89, 422, 14),
(3583, 346, 1, 3, -1, NULL, 3, 12, 89, 52),
(3584, 349, 3, 22, 0, NULL, NULL, 91, 430, 10),
(3585, 347, 1, 11, -1, NULL, 11, 10, 80, 633),
(3586, 344, 1, 27, -1, NULL, 27, 104, 501, 22),
(3587, 349, 3, 9, -1, NULL, 9, 92, 434, 5),
(3588, 349, 3, 9, 0, NULL, NULL, 94, 443, 3),
(3589, 349, 3, 9, 0, NULL, NULL, 95, 446, 4),
(3590, 348, 1, 12, -1, NULL, 10, 11, 83, 262),
(3591, 346, 1, 5, -1, NULL, 5, 13, 96, 42),
(3592, 347, 1, 12, -1, NULL, 12, 11, 82, 18),
(3593, 339, 1, 1, -1, NULL, 28, 98, 462, 98),
(3594, 344, 1, 11, -1, NULL, 11, 106, 511, 48),
(3595, 348, 1, 3, -1, NULL, 3, 12, 92, 91),
(3596, 339, 1, 5, -1, NULL, 28, 102, 485, 83),
(3597, 349, 3, 9, -1, NULL, 9, 97, 455, 138),
(3598, 343, 1, 5, -1, NULL, 5, 13, 95, 185),
(3599, 344, 1, 26, 0, NULL, NULL, 23, 161, 105),
(3600, 344, 1, 26, -1, NULL, 26, 24, 165, 80),
(3601, 344, 1, 26, -1, NULL, 11, 25, 171, 12),
(3602, 344, 1, 26, -1, NULL, 26, 27, 176, 12),
(3603, 348, 1, 5, -1, NULL, 5, 13, 95, 210),
(3604, 347, 1, 3, -1, NULL, 3, 12, 88, 291),
(3605, 340, 1, 18, -1, NULL, 12, 20, 148, 520),
(3606, 340, 1, 11, -1, NULL, 11, 21, 156, 12),
(3607, 347, 1, 5, -1, NULL, 5, 13, 96, 97),
(3608, 346, 1, 8, -1, NULL, 1, 14, 107, 408),
(3609, 347, 1, 8, -1, NULL, 12, 14, 106, 88),
(3610, 348, 1, 8, -1, NULL, 2, 14, 108, 199),
(3611, 346, 1, 12, -1, NULL, 13, 15, 115, 102),
(3612, 347, 1, 12, -1, NULL, 2, 15, 125, 87),
(3613, 346, 1, 11, 0, NULL, NULL, 16, 121, 82),
(3614, 348, 1, 12, -1, NULL, 12, 15, 114, 169),
(3615, 346, 1, 2, -1, NULL, 13, 17, 127, 274),
(3616, 348, 1, 11, -1, NULL, 11, 16, 122, 239),
(3617, 346, 1, 17, -1, NULL, 17, 18, 137, 76),
(3618, 346, 1, 12, -1, NULL, 12, 19, 144, 20),
(3619, 348, 1, 17, -1, NULL, 17, 18, 132, 110),
(3620, 346, 1, 1, -1, NULL, 28, 98, 462, 103),
(3621, 348, 1, 12, -1, NULL, 13, 19, 139, 115),
(3622, 346, 1, 5, -1, NULL, 5, 102, 482, 87),
(3623, 348, 1, 18, -1, NULL, 18, 20, 152, 115),
(3624, 346, 1, 25, -1, NULL, 25, 103, 490, 316),
(3625, 348, 1, 1, -1, NULL, 28, 98, 459, 244),
(3626, 346, 1, 27, -1, NULL, 27, 104, 496, 45),
(3627, 347, 1, 11, 0, NULL, NULL, 16, 121, 981),
(3628, 346, 1, 11, -1, NULL, 20, 106, 510, 153),
(3629, 346, 1, 26, 0, NULL, NULL, 23, 161, 55),
(3630, 348, 1, 5, -1, NULL, 5, 102, 489, 238),
(3631, 348, 1, 25, 0, NULL, NULL, 103, 491, 17),
(3632, 346, 1, 26, -1, NULL, 26, 24, 165, 22),
(3633, 348, 1, 27, -1, NULL, 27, 104, 501, 13),
(3634, 348, 1, 11, -1, NULL, 11, 106, 513, 12),
(3635, 346, 1, 26, 0, NULL, NULL, 25, 169, 32),
(3636, 346, 1, 26, 0, NULL, NULL, 26, 172, 1),
(3637, 348, 1, 26, -1, NULL, 11, 23, 163, 37),
(3638, 348, 1, 26, -1, NULL, 11, 25, 171, 7),
(3639, 347, 1, 2, -1, NULL, 13, 17, 127, 359),
(3640, 348, 1, 26, -1, NULL, 26, 27, 179, 157),
(3641, 347, 1, 17, -1, NULL, 17, 18, 132, 63),
(3642, 346, 1, 26, 0, NULL, NULL, 55, 286, 189),
(3643, 347, 1, 12, -1, NULL, 13, 19, 139, 88),
(3644, 347, 1, 18, -1, NULL, 12, 20, 146, 34),
(3645, 347, 1, 11, -1, NULL, 11, 21, 154, 59),
(3646, 347, 1, 1, -1, NULL, 28, 98, 459, 285),
(3647, 347, 1, 5, -1, NULL, 5, 102, 482, 91),
(3648, 347, 1, 25, -1, NULL, 25, 103, 490, 20),
(3649, 347, 1, 27, -1, NULL, 27, 104, 496, 17),
(3650, 347, 1, 11, 0, NULL, NULL, 106, 508, 20),
(3651, 347, 1, 26, -1, NULL, 26, 23, 160, 5),
(3652, 347, 1, 26, -1, NULL, 26, 25, 168, 17),
(3653, 347, 1, 26, 0, NULL, NULL, 27, 177, 9),
(3654, 347, 1, 26, 0, NULL, NULL, 55, 286, 8),
(3655, 340, 1, 1, -1, NULL, 28, 98, 459, 2124),
(3656, 340, 1, 5, -1, NULL, 5, 102, 486, 199),
(3657, 341, 1, 11, -1, NULL, 11, 21, 153, 3512),
(3658, 340, 1, 25, -1, NULL, 25, 103, 490, 69),
(3659, 340, 1, 27, -1, NULL, 27, 104, 496, 25),
(3660, 341, 1, 1, -1, NULL, 28, 98, 459, 32),
(3661, 340, 1, 11, -1, NULL, 11, 106, 509, 5),
(3662, 341, 1, 5, 0, NULL, NULL, 102, 484, 9),
(3663, 341, 1, 25, -1, NULL, 25, 103, 490, 4),
(3664, 341, 1, 27, -1, NULL, 27, 104, 501, 11),
(3665, 345, 1, 18, -1, NULL, 12, 20, 151, 3632),
(3666, 341, 1, 11, -1, NULL, 11, 106, 513, 2),
(3667, 341, 1, 26, -1, NULL, 11, 23, 163, 2),
(3668, 341, 1, 26, -1, NULL, 11, 25, 171, 3),
(3669, 341, 1, 26, -1, NULL, 26, 27, 179, 2),
(3670, 340, 1, 26, 0, NULL, NULL, 23, 161, 4),
(3671, 340, 1, 26, 0, NULL, NULL, 24, 164, 11),
(3672, 345, 1, 1, -1, NULL, 1, 98, 465, 31),
(3673, 340, 1, 26, 0, NULL, NULL, 26, 172, 8),
(3674, 340, 1, 26, 0, NULL, NULL, 55, 286, 9),
(3675, 345, 1, 5, -1, NULL, 5, 102, 486, 45),
(3676, 339, 1, 25, -1, NULL, 25, 103, 494, 21),
(3677, 339, 1, 27, -1, NULL, 27, 104, 496, 8),
(3678, 339, 1, 11, -1, NULL, 20, 106, 510, 12),
(3679, 345, 1, 25, -1, NULL, 11, 103, 492, 60),
(3680, 345, 1, 27, -1, NULL, 27, 104, 496, 10),
(3681, 338, 1, 1, -1, NULL, 1, 98, 465, 862),
(3682, 345, 1, 11, -1, NULL, 11, 106, 509, 19),
(3683, 345, 1, 26, -1, NULL, 26, 23, 160, 5),
(3684, 345, 1, 26, -1, NULL, 26, 25, 168, 8),
(3685, 345, 1, 26, 0, NULL, NULL, 27, 177, 4),
(3686, 345, 1, 26, 0, NULL, NULL, 55, 286, 4),
(3687, 339, 1, 26, -1, NULL, 11, 23, 162, 137),
(3688, 338, 1, 5, -1, NULL, 5, 102, 482, 130),
(3689, 339, 1, 26, -1, NULL, 26, 25, 168, 24),
(3690, 339, 1, 26, -1, NULL, 26, 27, 176, 10),
(3691, 338, 1, 25, -1, NULL, 11, 103, 492, 83),
(3692, 338, 1, 27, -1, NULL, 27, 104, 498, 1),
(3693, 338, 1, 11, -1, NULL, 11, 106, 513, 3),
(3694, 338, 1, 26, -1, NULL, 11, 23, 162, 5),
(3695, 338, 1, 26, -1, NULL, 26, 25, 168, 3),
(3696, 338, 1, 26, 0, NULL, NULL, 27, 177, 2),
(3697, 338, 1, 26, 0, NULL, NULL, 55, 286, 2),
(3698, 343, 1, 8, 0, NULL, NULL, 14, 104, 292),
(3699, 350, 3, 20, 0, NULL, NULL, 56, 291, 26),
(3700, 350, 3, 20, 0, NULL, NULL, 57, 294, 70),
(3701, 353, 3, 20, 0, NULL, NULL, 56, 291, 46),
(3702, 353, 3, 20, 0, NULL, NULL, 57, 294, 26),
(3703, 350, 3, 20, 0, NULL, NULL, 59, 302, 67),
(3704, 350, 3, 20, 0, NULL, NULL, 61, 310, 17),
(3705, 350, 3, 19, -1, NULL, 19, 62, 314, 16),
(3706, 350, 3, 19, 0, NULL, NULL, 64, 323, 53),
(3707, 353, 3, 20, -1, NULL, 20, 59, 303, 141),
(3708, 350, 3, 19, 0, NULL, NULL, 65, 326, 50),
(3709, 353, 3, 20, 0, NULL, NULL, 60, 307, 35),
(3710, 350, 3, 19, 0, NULL, NULL, 67, 334, 18),
(3711, 353, 3, 20, -1, NULL, 20, 61, 311, 12),
(3712, 350, 3, 16, 0, NULL, NULL, 68, 339, 11),
(3713, 353, 3, 19, -1, NULL, 19, 62, 314, 12),
(3714, 350, 3, 16, 0, NULL, NULL, 69, 342, 15),
(3715, 353, 3, 19, 0, NULL, NULL, 64, 323, 37),
(3716, 350, 3, 16, -1, NULL, 16, 71, 351, 45),
(3717, 353, 3, 19, -1, NULL, 19, 65, 327, 47),
(3718, 353, 3, 19, 0, NULL, NULL, 66, 331, 234),
(3719, 353, 3, 19, -1, NULL, 19, 67, 335, 14),
(3720, 353, 3, 16, 0, NULL, NULL, 68, 339, 10),
(3721, 353, 3, 16, 0, NULL, NULL, 69, 342, 23),
(3722, 353, 3, 16, -1, NULL, 16, 71, 351, 402),
(3723, 353, 3, 16, 0, NULL, NULL, 72, 355, 16),
(3724, 353, 3, 16, 0, NULL, NULL, 73, 358, 17),
(3725, 353, 3, 21, 0, NULL, NULL, 74, 363, 30),
(3726, 353, 3, 21, 0, NULL, NULL, 75, 366, 11),
(3727, 353, 3, 21, -1, NULL, 21, 77, 377, 336),
(3728, 352, 3, 20, -1, NULL, 20, 56, 290, 24),
(3729, 352, 3, 20, 0, NULL, NULL, 58, 299, 44),
(3730, 352, 3, 20, 0, NULL, NULL, 59, 302, 53),
(3731, 352, 3, 20, 0, NULL, NULL, 61, 310, 56),
(3732, 352, 3, 19, 0, NULL, NULL, 62, 315, 41),
(3733, 352, 3, 19, 0, NULL, NULL, 63, 318, 20),
(3734, 352, 3, 19, -1, NULL, 19, 65, 327, 40),
(3735, 352, 3, 19, 0, NULL, NULL, 66, 331, 29),
(3736, 352, 3, 19, 0, NULL, NULL, 67, 334, 32),
(3737, 352, 3, 16, 0, NULL, NULL, 68, 339, 17),
(3738, 352, 3, 16, 0, NULL, NULL, 69, 342, 15),
(3739, 352, 3, 16, 0, NULL, NULL, 71, 350, 58),
(3740, 352, 3, 16, -1, NULL, 16, 73, 359, 49),
(3741, 352, 3, 21, 0, NULL, NULL, 74, 363, 7),
(3742, 352, 3, 21, 0, NULL, NULL, 75, 366, 30),
(3743, 352, 3, 21, 0, NULL, NULL, 77, 374, 34),
(3744, 352, 3, 21, 0, NULL, NULL, 79, 382, 39),
(3745, 352, 3, 25, 0, NULL, NULL, 80, 387, 23),
(3746, 352, 3, 25, -1, NULL, 25, 81, 392, 24),
(3747, 352, 3, 25, -1, NULL, 25, 82, 397, 6),
(3748, 352, 3, 25, 0, NULL, NULL, 84, 403, 34),
(3749, 352, 3, 25, 0, NULL, NULL, 85, 406, 30),
(3750, 352, 3, 22, 0, NULL, NULL, 86, 411, 8),
(3751, 352, 3, 22, 0, NULL, NULL, 87, 414, 14),
(3752, 352, 3, 22, 0, NULL, NULL, 89, 422, 34),
(3753, 352, 3, 22, 0, NULL, NULL, 91, 430, 14),
(3754, 352, 3, 9, 0, NULL, NULL, 92, 435, 13),
(3755, 352, 3, 9, 0, NULL, NULL, 93, 438, 28),
(3756, 352, 3, 9, 0, NULL, NULL, 95, 446, 19),
(3757, 352, 3, 9, -1, NULL, 9, 97, 455, 150),
(3758, 358, 3, 20, -1, NULL, 20, 56, 290, 2),
(3759, 358, 3, 20, -1, NULL, 20, 58, 298, 1),
(3760, 358, 3, 20, -1, NULL, 20, 60, 306, 1),
(3761, 358, 3, 19, -1, NULL, 19, 62, 314, 1),
(3762, 358, 3, 19, -1, NULL, 19, 64, 322, 1),
(3763, 358, 3, 19, -1, NULL, 19, 66, 330, 1),
(3764, 358, 3, 16, -1, NULL, 16, 68, 338, 2),
(3765, 358, 3, 16, -1, NULL, 16, 70, 346, 1),
(3766, 358, 3, 16, -1, NULL, 16, 72, 354, 1),
(3767, 358, 3, 21, -1, NULL, 21, 74, 362, 1),
(3768, 358, 3, 21, -1, NULL, 21, 76, 370, 2),
(3769, 358, 3, 21, -1, NULL, 21, 78, 378, 1),
(3770, 359, 4, 4, 0, NULL, NULL, 112, 522, 1),
(3771, 361, 4, 4, 0, NULL, NULL, 112, 522, 6),
(3772, 363, 4, 4, 0, NULL, NULL, 112, 522, 69),
(3773, 364, 4, 4, 0, NULL, NULL, 112, 522, 3),
(3774, 365, 4, 4, 0, NULL, NULL, 112, 522, 3),
(3775, 366, 4, 4, 0, NULL, NULL, 112, 522, 3),
(3776, 367, 4, 4, 0, NULL, NULL, 112, 522, 2),
(3777, 368, 4, 4, 0, NULL, NULL, 112, 522, 1),
(3778, 369, 4, 4, 0, NULL, NULL, 112, 522, 1),
(3779, 370, 4, 4, 0, NULL, NULL, 112, 522, 2),
(3780, 371, 4, 4, 0, NULL, NULL, 112, 522, 2),
(3781, 372, 4, 4, 0, NULL, NULL, 112, 522, 2),
(3782, 373, 3, 20, -1, NULL, 20, 56, 290, 2),
(3783, 373, 3, 20, -1, NULL, 20, 58, 298, 2),
(3784, 373, 3, 20, -1, NULL, 20, 60, 306, 1),
(3785, 373, 3, 19, -1, NULL, 19, 62, 314, 2),
(3786, 373, 3, 19, -1, NULL, 19, 64, 322, 22),
(3787, 373, 3, 19, -1, NULL, 19, 66, 330, 23),
(3788, 373, 3, 16, -1, NULL, 16, 68, 338, 0),
(3789, 373, 3, 16, -1, NULL, 16, 70, 346, 1),
(3790, 373, 3, 16, -1, NULL, 16, 72, 354, 1),
(3791, 373, 3, 21, -1, NULL, 21, 74, 362, 1),
(3792, 373, 3, 21, -1, NULL, 21, 76, 370, 2),
(3793, 373, 3, 21, -1, NULL, 21, 78, 378, 2),
(3794, 373, 3, 25, -1, NULL, 25, 80, 386, 1),
(3795, 373, 3, 25, -1, NULL, 25, 82, 394, 1),
(3796, 373, 3, 25, -1, NULL, 25, 84, 402, 2),
(3797, 373, 3, 22, -1, NULL, 22, 86, 410, 2),
(3798, 373, 3, 22, -1, NULL, 22, 88, 418, 2),
(3799, 373, 3, 22, -1, NULL, 22, 90, 426, 2),
(3800, 373, 3, 9, -1, NULL, 9, 92, 434, 1),
(3801, 373, 3, 9, -1, NULL, 9, 94, 442, 2),
(3802, 373, 3, 9, -1, NULL, 9, 96, 450, 1),
(3803, 374, 3, 20, -1, NULL, 20, 56, 293, 48),
(3804, 375, 3, 20, 0, NULL, NULL, 56, 291, 203),
(3805, 377, 3, 20, 0, NULL, NULL, 56, 291, 31),
(3806, 377, 3, 20, 0, NULL, NULL, 57, 294, 21),
(3807, 377, 3, 20, 0, NULL, NULL, 59, 302, 99),
(3808, 377, 3, 20, 0, NULL, NULL, 61, 310, 36),
(3809, 377, 3, 19, -1, NULL, 19, 62, 314, 57),
(3810, 377, 3, 19, -1, NULL, 19, 64, 324, 24),
(3811, 377, 3, 19, 0, NULL, NULL, 66, 331, 21),
(3812, 377, 3, 19, 0, NULL, NULL, 67, 334, 16),
(3813, 377, 3, 16, 0, NULL, NULL, 68, 339, 12),
(3814, 377, 3, 16, -1, NULL, 16, 69, 343, 35),
(3815, 377, 3, 16, -1, NULL, 16, 70, 346, 9),
(3816, 377, 3, 16, 0, NULL, NULL, 72, 355, 12),
(3817, 377, 3, 16, -1, NULL, 16, 73, 359, 11),
(3818, 377, 3, 21, 0, NULL, NULL, 74, 363, 23),
(3819, 377, 3, 21, 0, NULL, NULL, 75, 366, 12),
(3820, 377, 3, 21, 0, NULL, NULL, 77, 374, 88),
(3821, 377, 3, 21, 0, NULL, NULL, 79, 382, 98),
(3822, 377, 3, 25, -1, NULL, 25, 80, 389, 47),
(3823, 377, 3, 25, -1, NULL, 25, 82, 397, 15),
(3824, 377, 3, 25, 0, NULL, NULL, 84, 403, 16),
(3825, 377, 3, 25, -1, NULL, 25, 85, 409, 13),
(3826, 377, 3, 22, -1, NULL, 22, 86, 410, 6),
(3827, 377, 3, 22, -1, NULL, 22, 88, 418, 11),
(3828, 377, 3, 22, -1, NULL, 22, 90, 426, 89),
(3829, 377, 3, 9, -1, NULL, 9, 92, 434, 8),
(3830, 377, 3, 9, 0, NULL, NULL, 94, 443, 21),
(3831, 377, 3, 9, 0, NULL, NULL, 95, 446, 11),
(3832, 377, 3, 9, 0, NULL, NULL, 97, 454, 15),
(3833, 378, 3, 20, 0, NULL, NULL, 56, 291, 55),
(3834, 378, 3, 20, 0, NULL, NULL, 57, 294, 33),
(3835, 378, 3, 20, 0, NULL, NULL, 59, 302, 40),
(3836, 378, 3, 20, -1, NULL, 20, 61, 311, 34),
(3837, 378, 3, 19, -1, NULL, 19, 62, 314, 74),
(3838, 378, 3, 19, -1, NULL, 19, 64, 324, 65),
(3839, 378, 3, 19, -1, NULL, 19, 66, 330, 31),
(3840, 378, 3, 16, 0, NULL, NULL, 68, 339, 28),
(3841, 378, 3, 16, 0, NULL, NULL, 69, 342, 22),
(3842, 378, 3, 16, -1, NULL, 16, 71, 351, 99),
(3843, 378, 3, 16, -1, NULL, 16, 72, 354, 121),
(3844, 378, 3, 21, -1, NULL, 21, 74, 362, 14),
(3845, 378, 3, 21, -1, NULL, 21, 76, 370, 69),
(3846, 378, 3, 21, -1, NULL, 21, 78, 381, 48),
(3847, 378, 3, 25, 0, NULL, NULL, 80, 387, 26),
(3848, 378, 3, 25, -1, NULL, 25, 81, 393, 44),
(3849, 378, 3, 25, 0, NULL, NULL, 82, 395, 22),
(3850, 378, 3, 25, -1, NULL, 25, 83, 399, 9),
(3851, 378, 3, 25, -1, NULL, 25, 84, 402, 24),
(3852, 378, 3, 22, -1, NULL, 22, 86, 413, 16),
(3853, 378, 3, 22, 0, NULL, NULL, 88, 419, 31),
(3854, 378, 3, 22, -1, NULL, 22, 89, 425, 22),
(3855, 378, 3, 22, -1, NULL, 22, 90, 426, 34),
(3856, 378, 3, 9, -1, NULL, 9, 92, 436, 23),
(3857, 378, 3, 9, 0, NULL, NULL, 94, 443, 13),
(3858, 378, 3, 9, 0, NULL, NULL, 95, 446, 13),
(3859, 378, 3, 9, -1, NULL, 9, 97, 455, 27),
(3860, 379, 3, 20, 0, NULL, NULL, 56, 291, 42),
(3861, 379, 3, 20, 0, NULL, NULL, 57, 294, 34),
(3862, 379, 3, 20, 0, NULL, NULL, 59, 302, 160),
(3863, 379, 3, 20, -1, NULL, 20, 61, 311, 40),
(3864, 379, 3, 19, 0, NULL, NULL, 62, 315, 81),
(3865, 379, 3, 19, 0, NULL, NULL, 63, 318, 168),
(3866, 379, 3, 19, 0, NULL, NULL, 65, 326, 29),
(3867, 379, 3, 19, 0, NULL, NULL, 67, 334, 28),
(3868, 379, 3, 16, 0, NULL, NULL, 68, 339, 32),
(3869, 379, 3, 16, 0, NULL, NULL, 69, 342, 63),
(3870, 379, 3, 16, -1, NULL, 16, 71, 351, 101),
(3871, 379, 3, 16, -1, NULL, 16, 72, 354, 61),
(3872, 379, 3, 21, 0, NULL, NULL, 74, 363, 12),
(3873, 379, 3, 21, -1, NULL, 21, 75, 367, 11),
(3874, 379, 3, 21, 0, NULL, NULL, 76, 371, 36),
(3875, 379, 3, 21, -1, NULL, 21, 77, 375, 54),
(3876, 379, 3, 21, 0, NULL, NULL, 78, 379, 39),
(3877, 379, 3, 21, 0, NULL, NULL, 79, 382, 42),
(3878, 379, 3, 25, 0, NULL, NULL, 80, 387, 27),
(3879, 379, 3, 25, -1, NULL, 25, 81, 393, 9),
(3880, 379, 3, 25, -1, NULL, 25, 82, 397, 8),
(3881, 379, 3, 25, -1, NULL, 25, 84, 405, 4),
(3882, 379, 3, 22, -1, NULL, 22, 86, 410, 14),
(3883, 379, 3, 22, -1, NULL, 22, 88, 418, 19),
(3884, 379, 3, 22, 0, NULL, NULL, 90, 427, 70),
(3885, 379, 3, 22, 0, NULL, NULL, 91, 430, 54),
(3886, 379, 3, 9, -1, NULL, 9, 92, 434, 17),
(3887, 379, 3, 9, -1, NULL, 9, 94, 442, 8),
(3888, 379, 3, 9, 0, NULL, NULL, 96, 451, 8),
(3889, 379, 3, 9, -1, NULL, 8, 97, 457, 144),
(3890, 380, 3, 20, 0, NULL, NULL, 56, 291, 43),
(3891, 380, 3, 20, 0, NULL, NULL, 57, 294, 129),
(3892, 380, 3, 20, 0, NULL, NULL, 59, 302, 111),
(3893, 380, 3, 20, -1, NULL, 20, 61, 311, 38),
(3894, 380, 3, 19, 0, NULL, NULL, 62, 315, 47),
(3895, 380, 3, 19, 0, NULL, NULL, 63, 318, 80),
(3896, 380, 3, 19, 0, NULL, NULL, 65, 326, 70),
(3897, 380, 3, 19, 0, NULL, NULL, 67, 334, 53),
(3898, 380, 3, 16, 0, NULL, NULL, 68, 339, 80),
(3899, 380, 3, 16, -1, NULL, 16, 69, 343, 105),
(3900, 380, 3, 16, 0, NULL, NULL, 70, 347, 51),
(3901, 380, 3, 16, -1, NULL, 16, 71, 353, 82),
(3902, 380, 3, 16, 0, NULL, NULL, 72, 355, 73),
(3903, 380, 3, 16, -1, NULL, 16, 73, 361, 95),
(3904, 380, 3, 21, 0, NULL, NULL, 74, 363, 78),
(3905, 380, 3, 21, 0, NULL, NULL, 75, 366, 141),
(3906, 380, 3, 21, 0, NULL, NULL, 77, 374, 93),
(3907, 380, 3, 21, -1, NULL, 21, 79, 383, 96),
(3908, 380, 3, 25, -1, NULL, 25, 80, 386, 115),
(3909, 380, 3, 25, -1, NULL, 25, 82, 397, 53),
(3910, 380, 3, 25, 0, NULL, NULL, 84, 403, 45),
(3911, 380, 3, 25, -1, NULL, 25, 85, 408, 104),
(3912, 380, 3, 22, -1, NULL, 22, 86, 410, 6),
(3913, 380, 3, 22, 0, NULL, NULL, 88, 419, 79),
(3914, 380, 3, 22, 0, NULL, NULL, 89, 422, 16),
(3915, 380, 3, 22, 0, NULL, NULL, 91, 430, 28),
(3916, 380, 3, 9, -1, NULL, 9, 92, 434, 87),
(3917, 380, 3, 9, 0, NULL, NULL, 94, 443, 18),
(3918, 380, 3, 9, 0, NULL, NULL, 95, 446, 12),
(3919, 380, 3, 9, -1, NULL, 9, 97, 455, 165),
(3920, 381, 3, 20, -1, NULL, 20, 56, 292, 75),
(3921, 381, 3, 20, 0, NULL, NULL, 58, 299, 22),
(3922, 381, 3, 20, -1, NULL, 20, 59, 304, 40),
(3923, 381, 3, 20, 0, NULL, NULL, 60, 307, 11),
(3924, 381, 3, 20, 0, NULL, NULL, 61, 310, 41),
(3925, 381, 3, 19, 0, NULL, NULL, 62, 315, 9),
(3926, 381, 3, 19, -1, NULL, 19, 63, 320, 19),
(3927, 381, 3, 19, -1, NULL, 19, 64, 325, 8),
(3928, 381, 3, 19, 0, NULL, NULL, 66, 331, 10),
(3929, 381, 3, 19, 0, NULL, NULL, 67, 334, 15),
(3930, 381, 3, 16, -1, NULL, 16, 68, 340, 14),
(3931, 381, 3, 16, -1, NULL, 16, 70, 348, 17),
(3932, 381, 3, 16, -1, NULL, 16, 72, 357, 39),
(3933, 381, 3, 21, -1, NULL, 21, 74, 364, 14),
(3934, 381, 3, 21, -1, NULL, 21, 76, 373, 11),
(3935, 381, 3, 21, -1, NULL, 21, 78, 378, 11),
(3936, 381, 3, 25, -1, NULL, 25, 80, 389, 15),
(3937, 381, 3, 25, -1, NULL, 25, 82, 397, 17),
(3938, 381, 3, 25, -1, NULL, 25, 84, 405, 21),
(3939, 381, 3, 22, -1, NULL, 22, 86, 413, 25),
(3940, 381, 3, 22, -1, NULL, 22, 88, 421, 34),
(3941, 381, 3, 22, -1, NULL, 22, 90, 428, 32),
(3942, 381, 3, 9, -1, NULL, 9, 92, 436, 16),
(3943, 381, 3, 9, -1, NULL, 9, 94, 442, 8),
(3944, 381, 3, 9, -1, NULL, 9, 96, 452, 13),
(3945, 382, 3, 20, -1, NULL, 20, 56, 290, 38),
(3946, 382, 3, 20, 0, NULL, NULL, 58, 299, 78),
(3947, 382, 3, 20, -1, NULL, 20, 59, 303, 85),
(3948, 382, 3, 20, -1, NULL, 20, 60, 306, 28),
(3949, 382, 3, 19, 0, NULL, NULL, 62, 315, 19),
(3950, 382, 3, 19, 0, NULL, NULL, 63, 318, 59),
(3951, 382, 3, 19, -1, NULL, 19, 65, 329, 49),
(3952, 382, 3, 19, -1, NULL, 19, 66, 332, 24),
(3953, 382, 3, 16, 0, NULL, NULL, 68, 339, 53),
(3954, 382, 3, 16, -1, NULL, 16, 69, 344, 62),
(3955, 382, 3, 16, 0, NULL, NULL, 70, 347, 21),
(3956, 382, 3, 16, -1, NULL, 16, 71, 351, 26),
(3957, 382, 3, 16, -1, NULL, 16, 72, 354, 15),
(3958, 382, 3, 21, 0, NULL, NULL, 74, 363, 18),
(3959, 382, 3, 21, 0, NULL, NULL, 75, 366, 13),
(3960, 382, 3, 21, -1, NULL, 21, 77, 376, 53),
(3961, 382, 3, 21, 0, NULL, NULL, 78, 379, 122),
(3962, 382, 3, 21, 0, NULL, NULL, 79, 382, 45),
(3963, 382, 3, 25, -1, NULL, 25, 80, 388, 80),
(3964, 382, 3, 25, -1, NULL, 25, 82, 396, 11),
(3965, 382, 3, 25, -1, NULL, 25, 84, 402, 37),
(3966, 382, 3, 22, -1, NULL, 22, 86, 410, 12),
(3967, 382, 3, 22, -1, NULL, 22, 88, 418, 16),
(3968, 382, 3, 22, 0, NULL, NULL, 90, 427, 54),
(3969, 382, 3, 22, -1, NULL, 22, 91, 432, 20),
(3970, 382, 3, 9, -1, NULL, 9, 92, 434, 8),
(3971, 382, 3, 9, -1, NULL, 9, 94, 444, 299),
(3972, 382, 3, 9, 0, NULL, NULL, 96, 451, 6),
(3973, 382, 3, 9, 0, NULL, NULL, 97, 454, 38),
(3974, 383, 3, 20, 0, NULL, NULL, 56, 291, 168),
(3975, 383, 3, 20, 0, NULL, NULL, 57, 294, 39),
(3976, 383, 3, 20, -1, NULL, 20, 59, 305, 20),
(3977, 383, 3, 20, 0, NULL, NULL, 60, 307, 16),
(3978, 383, 3, 20, -1, NULL, 20, 61, 311, 51),
(3979, 383, 3, 19, 0, NULL, NULL, 62, 315, 85),
(3980, 383, 3, 19, -1, NULL, 19, 63, 321, 32),
(3981, 383, 3, 19, 0, NULL, NULL, 64, 323, 159),
(3982, 383, 3, 19, -1, NULL, 19, 65, 329, 14),
(3983, 383, 3, 19, 0, NULL, NULL, 66, 331, 10),
(3984, 383, 3, 19, 0, NULL, NULL, 67, 334, 26),
(3985, 383, 3, 16, 0, NULL, NULL, 68, 339, 15),
(3986, 383, 3, 16, -1, NULL, 16, 69, 343, 7),
(3987, 383, 3, 16, -1, NULL, 16, 70, 346, 11),
(3988, 383, 3, 16, 0, NULL, NULL, 72, 355, 8),
(3989, 383, 3, 16, -1, NULL, 16, 73, 361, 23),
(3990, 383, 3, 21, 0, NULL, NULL, 74, 363, 12),
(3991, 383, 3, 21, 0, NULL, NULL, 75, 366, 12),
(3992, 383, 3, 21, 0, NULL, NULL, 77, 374, 23),
(3993, 383, 3, 21, -1, NULL, 21, 79, 383, 73),
(3994, 383, 3, 25, -1, NULL, 25, 80, 388, 37),
(3995, 383, 3, 25, -1, NULL, 25, 82, 394, 10),
(3996, 383, 3, 25, 0, NULL, NULL, 84, 403, 21),
(3997, 383, 3, 25, -1, NULL, 25, 85, 408, 8),
(3998, 383, 3, 22, 0, NULL, NULL, 86, 411, 6),
(3999, 383, 3, 22, -1, NULL, 22, 87, 415, 9),
(4000, 383, 3, 22, -1, NULL, 22, 88, 420, 14),
(4001, 383, 3, 22, -1, NULL, 22, 90, 426, 11),
(4002, 383, 3, 9, -1, NULL, 9, 92, 434, 10),
(4003, 383, 3, 9, -1, NULL, 9, 94, 442, 5),
(4004, 383, 3, 9, 0, NULL, NULL, 96, 451, 12),
(4005, 383, 3, 9, 0, NULL, NULL, 97, 454, 18),
(4006, 384, 3, 20, 0, NULL, NULL, 56, 291, 37),
(4007, 384, 3, 20, 0, NULL, NULL, 57, 294, 23),
(4008, 384, 3, 20, 0, NULL, NULL, 59, 302, 35),
(4009, 384, 3, 20, -1, NULL, 20, 61, 311, 21),
(4010, 384, 3, 19, -1, NULL, 19, 62, 314, 23),
(4011, 385, 3, 20, 0, NULL, NULL, 56, 291, 29),
(4012, 384, 3, 19, -1, NULL, 19, 64, 325, 67),
(4013, 385, 3, 20, 0, NULL, NULL, 57, 294, 45),
(4014, 384, 3, 19, 0, NULL, NULL, 66, 331, 34),
(4015, 384, 3, 19, 0, NULL, NULL, 67, 334, 15),
(4016, 384, 3, 16, -1, NULL, 16, 68, 338, 7),
(4017, 384, 3, 16, 0, NULL, NULL, 70, 347, 26),
(4018, 385, 3, 20, 0, NULL, NULL, 59, 302, 74),
(4019, 384, 3, 16, -1, NULL, 16, 71, 352, 33),
(4020, 385, 3, 20, 0, NULL, NULL, 61, 310, 25),
(4021, 384, 3, 16, -1, NULL, 16, 72, 354, 9),
(4022, 385, 3, 19, 0, NULL, NULL, 62, 315, 39),
(4023, 385, 3, 19, -1, NULL, 19, 63, 320, 17),
(4024, 384, 3, 21, 0, NULL, NULL, 74, 363, 51),
(4025, 384, 3, 21, 0, NULL, NULL, 75, 366, 13),
(4026, 385, 3, 19, 0, NULL, NULL, 64, 323, 45),
(4027, 385, 3, 19, 0, NULL, NULL, 65, 326, 31),
(4028, 384, 3, 21, -1, NULL, 21, 77, 376, 96),
(4029, 385, 3, 19, 0, NULL, NULL, 67, 334, 45),
(4030, 385, 3, 16, 0, NULL, NULL, 68, 339, 14),
(4031, 384, 3, 21, -1, NULL, 21, 78, 378, 18),
(4032, 385, 3, 16, -1, NULL, 16, 69, 343, 8),
(4033, 385, 3, 16, 0, NULL, NULL, 70, 347, 12),
(4034, 384, 3, 25, 0, NULL, NULL, 80, 387, 28),
(4035, 385, 3, 16, -1, NULL, 16, 71, 351, 14),
(4036, 384, 3, 25, -1, NULL, 25, 81, 393, 6),
(4037, 385, 3, 16, 0, NULL, NULL, 72, 355, 10),
(4038, 385, 3, 16, -1, NULL, 16, 73, 359, 17),
(4039, 385, 3, 21, -1, NULL, 21, 74, 362, 9),
(4040, 385, 3, 21, 0, NULL, NULL, 76, 371, 22),
(4041, 385, 3, 21, -1, NULL, 21, 77, 376, 15),
(4042, 384, 3, 25, -1, NULL, 25, 82, 394, 73),
(4043, 385, 3, 21, -1, NULL, 21, 78, 378, 13);
INSERT INTO `resultado` (`cod_resultado`, `cod_usuario`, `cod_tst`, `cod_conceito`, `score`, `certeza_score`, `motivo`, `cod_perg`, `cod_item`, `tempo`) VALUES
(4044, 384, 3, 25, -1, NULL, 25, 84, 405, 26),
(4045, 385, 3, 25, -1, NULL, 25, 80, 386, 16),
(4046, 385, 3, 25, -1, NULL, 25, 82, 394, 5),
(4047, 384, 3, 22, -1, NULL, 22, 86, 410, 8),
(4048, 385, 3, 25, -1, NULL, 25, 84, 404, 8),
(4049, 385, 3, 22, 0, NULL, NULL, 86, 411, 8),
(4050, 385, 3, 22, -1, NULL, 22, 87, 415, 6),
(4051, 385, 3, 22, -1, NULL, 22, 88, 418, 14),
(4052, 384, 3, 22, 0, NULL, NULL, 88, 419, 49),
(4053, 385, 3, 22, -1, NULL, 22, 90, 426, 18),
(4054, 384, 3, 22, 0, NULL, NULL, 89, 422, 10),
(4055, 385, 3, 9, -1, NULL, 9, 92, 434, 11),
(4056, 385, 3, 9, 0, NULL, NULL, 94, 443, 7),
(4057, 385, 3, 9, 0, NULL, NULL, 95, 446, 10),
(4058, 385, 3, 9, -1, NULL, 9, 97, 455, 19),
(4059, 384, 3, 22, -1, NULL, 22, 91, 432, 142),
(4060, 384, 3, 9, -1, NULL, 9, 92, 434, 8),
(4061, 384, 3, 9, -1, NULL, 9, 94, 442, 8),
(4062, 384, 3, 9, -1, NULL, 9, 96, 450, 8),
(4063, 386, 1, 1, -1, NULL, 1, 1, 2, 127),
(4064, 386, 1, 4, -1, NULL, 4, 2, 7, 60),
(4065, 386, 1, 3, -1, NULL, 3, 6, 53, 86),
(4066, 386, 1, 13, 0, NULL, NULL, 8, 65, 98),
(4067, 386, 1, 10, -1, NULL, 10, 7, 57, 73),
(4068, 386, 1, 11, -1, NULL, 16, 10, 78, 59),
(4069, 386, 1, 12, -1, NULL, 12, 11, 85, 247),
(4070, 386, 1, 3, -1, NULL, 3, 12, 90, 135),
(4071, 386, 1, 5, -1, NULL, 6, 13, 100, 40),
(4072, 386, 1, 8, -1, NULL, 13, 14, 105, 49),
(4073, 386, 1, 12, -1, NULL, 13, 15, 115, 68),
(4074, 386, 1, 11, -1, NULL, 11, 16, 123, 132),
(4075, 386, 1, 17, -1, NULL, 17, 18, 132, 145),
(4076, 386, 1, 12, 0, NULL, NULL, 19, 141, 58),
(4077, 386, 1, 18, -1, NULL, 12, 20, 146, 31),
(4078, 386, 1, 11, -1, NULL, 11, 21, 153, 124),
(4079, 386, 1, 1, -1, NULL, 1, 98, 463, 273),
(4080, 386, 1, 3, -1, NULL, 3, 101, 478, 14),
(4081, 386, 1, 5, -1, NULL, 5, 102, 489, 74),
(4082, 386, 1, 25, -1, NULL, 2, 103, 493, 30),
(4083, 386, 1, 27, -1, NULL, 27, 104, 501, 14),
(4084, 386, 1, 11, -1, NULL, 11, 106, 513, 9),
(4085, 386, 1, 26, 0, NULL, NULL, 23, 161, 77),
(4086, 386, 1, 26, -1, NULL, 26, 24, 165, 24),
(4087, 386, 1, 26, -1, NULL, 26, 25, 168, 19),
(4088, 386, 1, 26, -1, NULL, 26, 27, 176, 28),
(4089, 387, 3, 20, -1, NULL, 20, 56, 292, 41),
(4090, 387, 3, 20, -1, NULL, 20, 58, 298, 15),
(4091, 387, 3, 20, -1, NULL, 20, 60, 306, 21),
(4092, 387, 3, 19, -1, NULL, 19, 62, 314, 24),
(4093, 387, 3, 19, -1, NULL, 19, 64, 322, 10),
(4094, 387, 3, 19, -1, NULL, 19, 66, 330, 9),
(4095, 387, 3, 16, -1, NULL, 16, 68, 338, 7),
(4096, 387, 3, 16, -1, NULL, 16, 70, 346, 11),
(4097, 387, 3, 16, -1, NULL, 16, 72, 354, 14),
(4098, 387, 3, 21, 0, NULL, NULL, 74, 363, 11),
(4099, 387, 3, 21, -1, NULL, 21, 75, 367, 10),
(4100, 387, 3, 21, -1, NULL, 21, 76, 372, 23),
(4101, 387, 3, 21, -1, NULL, 21, 78, 378, 19),
(4102, 387, 3, 25, 0, NULL, NULL, 80, 387, 28),
(4103, 387, 3, 25, -1, NULL, 25, 81, 391, 29),
(4104, 387, 3, 25, -1, NULL, 25, 82, 397, 40),
(4105, 387, 3, 25, -1, NULL, 25, 84, 402, 6),
(4106, 387, 3, 22, 0, NULL, NULL, 86, 411, 24),
(4107, 387, 3, 22, -1, NULL, 22, 87, 415, 11),
(4108, 387, 3, 22, -1, NULL, 22, 88, 418, 36),
(4109, 387, 3, 22, -1, NULL, 22, 90, 426, 10),
(4110, 387, 3, 9, -1, NULL, 9, 92, 434, 7),
(4111, 387, 3, 9, -1, NULL, 9, 94, 442, 4),
(4112, 387, 3, 9, -1, NULL, 9, 96, 450, 5),
(4113, 388, 3, 20, 0, NULL, NULL, 56, 291, 24),
(4114, 388, 3, 20, -1, NULL, 20, 57, 295, 29),
(4115, 388, 3, 20, -1, NULL, 20, 58, 298, 24),
(4116, 388, 3, 20, 0, NULL, NULL, 60, 307, 24),
(4117, 388, 3, 20, 0, NULL, NULL, 61, 310, 16),
(4118, 388, 3, 19, -1, NULL, 19, 62, 316, 34),
(4119, 388, 3, 19, -1, NULL, 19, 64, 324, 12),
(4120, 388, 3, 19, -1, NULL, 19, 66, 330, 11),
(4121, 388, 3, 16, 0, NULL, NULL, 68, 339, 18),
(4122, 388, 3, 16, 0, NULL, NULL, 69, 342, 13),
(4123, 388, 3, 16, -1, NULL, 16, 71, 353, 23),
(4124, 388, 3, 16, -1, NULL, 16, 72, 354, 8),
(4125, 388, 3, 21, -1, NULL, 21, 74, 362, 10),
(4126, 388, 3, 21, -1, NULL, 21, 76, 373, 6),
(4127, 388, 3, 21, -1, NULL, 21, 78, 378, 26),
(4128, 388, 3, 25, -1, NULL, 25, 80, 389, 11),
(4129, 388, 3, 25, -1, NULL, 25, 82, 396, 29),
(4130, 388, 3, 25, -1, NULL, 25, 84, 402, 8),
(4131, 388, 3, 22, -1, NULL, 22, 86, 410, 8),
(4132, 388, 3, 22, -1, NULL, 22, 88, 418, 7),
(4133, 388, 3, 22, 0, NULL, NULL, 90, 427, 10),
(4134, 388, 3, 22, -1, NULL, 22, 91, 432, 2),
(4135, 388, 3, 9, -1, NULL, 9, 92, 434, 5),
(4136, 388, 3, 9, -1, NULL, 9, 94, 442, 11),
(4137, 388, 3, 9, 0, NULL, NULL, 96, 451, 10),
(4138, 388, 3, 9, -1, NULL, 9, 97, 456, 6),
(4139, 389, 3, 20, 0, NULL, NULL, 56, 291, 178),
(4140, 389, 3, 20, 0, NULL, NULL, 57, 294, 30),
(4141, 389, 3, 20, 0, NULL, NULL, 59, 302, 49),
(4142, 389, 3, 20, -1, NULL, 20, 61, 313, 43),
(4143, 389, 3, 19, -1, NULL, 19, 62, 314, 14),
(4144, 389, 3, 19, -1, NULL, 19, 64, 324, 38),
(4145, 389, 3, 19, -1, NULL, 19, 66, 330, 17),
(4146, 389, 3, 16, 0, NULL, NULL, 68, 339, 19),
(4147, 389, 3, 16, -1, NULL, 16, 69, 343, 33),
(4148, 389, 3, 16, -1, NULL, 16, 70, 346, 12),
(4149, 389, 3, 16, 0, NULL, NULL, 72, 355, 24),
(4150, 389, 3, 16, -1, NULL, 16, 73, 359, 40),
(4151, 389, 3, 21, -1, NULL, 21, 74, 364, 17),
(4152, 389, 3, 21, 0, NULL, NULL, 76, 371, 41),
(4153, 389, 3, 21, -1, NULL, 21, 77, 375, 26),
(4154, 389, 3, 21, 0, NULL, NULL, 78, 379, 16),
(4155, 389, 3, 21, -1, NULL, 21, 79, 385, 10),
(4156, 389, 3, 25, -1, NULL, 25, 80, 389, 20),
(4157, 389, 3, 25, -1, NULL, 25, 82, 397, 10),
(4158, 389, 3, 25, 0, NULL, NULL, 84, 403, 24),
(4159, 389, 3, 25, -1, NULL, 25, 85, 409, 13),
(4160, 389, 3, 22, -1, NULL, 22, 86, 410, 8),
(4161, 389, 3, 22, -1, NULL, 22, 88, 418, 26),
(4162, 389, 3, 22, 0, NULL, NULL, 90, 427, 16),
(4163, 389, 3, 22, -1, NULL, 22, 91, 433, 9),
(4164, 389, 3, 9, -1, NULL, 9, 92, 434, 10),
(4165, 389, 3, 9, 0, NULL, NULL, 94, 443, 6),
(4166, 389, 3, 9, 0, NULL, NULL, 95, 446, 8),
(4167, 389, 3, 9, 0, NULL, NULL, 97, 454, 29),
(4168, 390, 1, 1, 0, NULL, NULL, 1, 4, 58),
(4169, 390, 1, 3, 0, NULL, NULL, 3, 15, 19),
(4170, 390, 1, 5, -1, NULL, 5, 4, 22, 73),
(4171, 390, 1, 13, -1, NULL, 12, 8, 66, 397),
(4172, 390, 1, 11, -1, NULL, 16, 10, 78, 122),
(4173, 390, 1, 12, -1, NULL, 13, 11, 81, 154),
(4174, 390, 1, 3, -1, NULL, 3, 12, 88, 89),
(4175, 390, 1, 5, -1, NULL, 5, 13, 95, 54),
(4176, 390, 1, 8, -1, NULL, 13, 14, 103, 87),
(4177, 390, 1, 12, -1, NULL, 12, 15, 124, 106),
(4178, 390, 1, 11, -1, NULL, 16, 16, 118, 303),
(4179, 390, 1, 2, -1, NULL, 13, 17, 127, 71),
(4180, 390, 1, 17, -1, NULL, 17, 18, 132, 56),
(4181, 390, 1, 12, -1, NULL, 13, 19, 139, 53),
(4182, 390, 1, 18, -1, NULL, 12, 20, 146, 48),
(4183, 390, 1, 11, -1, NULL, 2, 21, 159, 75),
(4184, 390, 1, 1, -1, NULL, 1, 98, 463, 147),
(4185, 390, 1, 3, -1, NULL, 3, 101, 478, 30),
(4186, 390, 1, 5, -1, NULL, 28, 102, 483, 139),
(4187, 390, 1, 25, -1, NULL, 11, 103, 492, 6),
(4188, 390, 1, 27, -1, NULL, 27, 104, 495, 69),
(4189, 390, 1, 11, -1, NULL, 11, 106, 509, 66),
(4190, 390, 1, 26, 0, NULL, NULL, 23, 161, 56),
(4191, 390, 1, 26, -1, NULL, 11, 24, 166, 45),
(4192, 390, 1, 26, -1, NULL, 26, 25, 168, 18),
(4193, 390, 1, 26, -1, NULL, 26, 27, 176, 9),
(4194, 391, 3, 20, -1, NULL, 20, 56, 292, 49),
(4195, 391, 3, 20, -1, NULL, 20, 58, 298, 23),
(4196, 391, 3, 20, -1, NULL, 20, 60, 308, 20),
(4197, 391, 3, 19, -1, NULL, 19, 62, 314, 19),
(4198, 391, 3, 19, -1, NULL, 19, 64, 324, 8),
(4199, 391, 3, 19, -1, NULL, 19, 66, 332, 43),
(4200, 391, 3, 16, 0, NULL, NULL, 68, 339, 26),
(4201, 391, 3, 16, 0, NULL, NULL, 69, 342, 36),
(4202, 391, 3, 16, -1, NULL, 16, 71, 352, 9),
(4203, 391, 3, 16, -1, NULL, 16, 72, 354, 51),
(4204, 391, 3, 21, -1, NULL, 21, 74, 364, 20),
(4205, 391, 3, 21, -1, NULL, 21, 76, 372, 31),
(4206, 391, 3, 21, -1, NULL, 21, 78, 380, 9),
(4207, 391, 3, 25, -1, NULL, 25, 80, 389, 7),
(4208, 391, 3, 25, -1, NULL, 25, 82, 397, 13),
(4209, 391, 3, 25, 0, NULL, NULL, 84, 403, 25),
(4210, 391, 3, 25, -1, NULL, 25, 85, 409, 16),
(4211, 391, 3, 22, 0, NULL, NULL, 86, 411, 19),
(4212, 391, 3, 22, -1, NULL, 22, 87, 415, 14),
(4213, 391, 3, 22, -1, NULL, 22, 88, 420, 10),
(4214, 391, 3, 22, -1, NULL, 22, 90, 428, 22),
(4215, 391, 3, 9, -1, NULL, 9, 92, 434, 8),
(4216, 391, 3, 9, 0, NULL, NULL, 94, 443, 12),
(4217, 391, 3, 9, 0, NULL, NULL, 95, 446, 37),
(4218, 391, 3, 9, -1, NULL, 9, 97, 456, 10),
(4219, 392, 3, 20, -1, NULL, 20, 56, 290, 19),
(4220, 392, 3, 20, -1, NULL, 20, 58, 298, 12),
(4221, 392, 3, 20, 0, NULL, NULL, 60, 307, 120),
(4222, 392, 3, 20, 0, NULL, NULL, 61, 310, 23),
(4223, 392, 3, 19, 0, NULL, NULL, 62, 315, 10),
(4224, 392, 3, 19, 0, NULL, NULL, 63, 318, 41),
(4225, 392, 3, 19, 0, NULL, NULL, 65, 326, 30),
(4226, 392, 3, 19, 0, NULL, NULL, 67, 334, 20),
(4227, 392, 3, 16, -1, NULL, 16, 68, 340, 45),
(4228, 392, 3, 16, -1, NULL, 16, 70, 348, 28),
(4229, 392, 3, 16, 0, NULL, NULL, 72, 355, 17),
(4230, 392, 3, 16, -1, NULL, 16, 73, 359, 8),
(4231, 392, 3, 21, -1, NULL, 21, 74, 364, 16),
(4232, 392, 3, 21, -1, NULL, 21, 76, 373, 26),
(4233, 392, 3, 21, -1, NULL, 21, 78, 381, 24),
(4234, 392, 3, 25, -1, NULL, 25, 80, 389, 41),
(4235, 392, 3, 25, -1, NULL, 25, 82, 397, 14),
(4236, 392, 3, 25, -1, NULL, 25, 84, 405, 19),
(4237, 392, 3, 22, -1, NULL, 22, 86, 410, 7),
(4238, 392, 3, 22, -1, NULL, 22, 88, 418, 23),
(4239, 392, 3, 22, -1, NULL, 22, 90, 426, 24),
(4240, 392, 3, 9, -1, NULL, 9, 92, 434, 15),
(4241, 392, 3, 9, 0, NULL, NULL, 94, 443, 13),
(4242, 392, 3, 9, 0, NULL, NULL, 95, 446, 13),
(4243, 392, 3, 9, 0, NULL, NULL, 97, 454, 17),
(4244, 393, 3, 20, 0, NULL, NULL, 56, 291, 33),
(4245, 393, 3, 20, 0, NULL, NULL, 57, 294, 38),
(4246, 393, 3, 20, -1, NULL, 20, 59, 304, 19),
(4247, 393, 3, 20, -1, NULL, 20, 60, 306, 17),
(4248, 393, 3, 19, 0, NULL, NULL, 62, 315, 26),
(4249, 393, 3, 19, -1, NULL, 19, 63, 319, 11),
(4250, 393, 3, 19, -1, NULL, 19, 64, 324, 10),
(4251, 393, 3, 19, -1, NULL, 19, 66, 330, 13),
(4252, 393, 3, 16, 0, NULL, NULL, 68, 339, 31),
(4253, 393, 3, 16, 0, NULL, NULL, 69, 342, 29),
(4254, 393, 3, 16, -1, NULL, 16, 71, 351, 17),
(4255, 393, 3, 16, -1, NULL, 16, 72, 354, 12),
(4256, 393, 3, 21, -1, NULL, 21, 74, 364, 11),
(4257, 393, 3, 21, -1, NULL, 21, 76, 373, 13),
(4258, 393, 3, 21, -1, NULL, 21, 78, 378, 15),
(4259, 393, 3, 25, 0, NULL, NULL, 80, 387, 14),
(4260, 393, 3, 25, -1, NULL, 25, 81, 392, 14),
(4261, 393, 3, 25, -1, NULL, 25, 82, 396, 20),
(4262, 393, 3, 25, -1, NULL, 25, 84, 402, 21),
(4263, 393, 3, 22, -1, NULL, 22, 86, 410, 13),
(4264, 393, 3, 22, -1, NULL, 22, 88, 418, 13),
(4265, 393, 3, 22, 0, NULL, NULL, 90, 427, 14),
(4266, 393, 3, 22, -1, NULL, 22, 91, 432, 10),
(4267, 393, 3, 9, -1, NULL, 9, 92, 434, 12),
(4268, 393, 3, 9, -1, NULL, 9, 94, 442, 4),
(4269, 393, 3, 9, 0, NULL, NULL, 96, 451, 8),
(4270, 393, 3, 9, -1, NULL, 9, 97, 455, 7),
(4271, 394, 3, 20, 0, NULL, NULL, 56, 291, 118),
(4272, 394, 3, 20, -1, NULL, 20, 57, 295, 119),
(4273, 394, 3, 20, 0, NULL, NULL, 58, 299, 79),
(4274, 394, 3, 20, -1, NULL, 20, 59, 303, 64),
(4275, 394, 3, 20, -1, NULL, 20, 60, 306, 28),
(4276, 394, 3, 19, -1, NULL, 19, 62, 314, 31),
(4277, 394, 3, 19, 0, NULL, NULL, 64, 323, 47),
(4278, 394, 3, 19, -1, NULL, 19, 65, 327, 114),
(4279, 394, 3, 19, -1, NULL, 19, 66, 330, 40),
(4280, 394, 3, 16, -1, NULL, 16, 68, 338, 30),
(4281, 394, 3, 16, -1, NULL, 16, 70, 346, 17),
(4282, 394, 3, 16, -1, NULL, 16, 72, 356, 34),
(4283, 394, 3, 21, -1, NULL, 21, 74, 362, 13),
(4284, 394, 3, 21, -1, NULL, 21, 76, 370, 31),
(4285, 394, 3, 21, -1, NULL, 21, 78, 380, 19),
(4286, 394, 3, 25, 0, NULL, NULL, 80, 387, 37),
(4287, 394, 3, 25, 0, NULL, NULL, 81, 390, 17),
(4288, 394, 3, 25, 0, NULL, NULL, 83, 398, 21),
(4289, 394, 3, 25, 0, NULL, NULL, 85, 406, 24),
(4290, 394, 3, 22, 0, NULL, NULL, 86, 411, 11),
(4291, 394, 3, 22, -1, NULL, 22, 87, 415, 14),
(4292, 394, 3, 22, -1, NULL, 22, 88, 418, 75),
(4293, 394, 3, 22, -1, NULL, 22, 90, 426, 17),
(4294, 394, 3, 9, -1, NULL, 9, 92, 434, 11),
(4295, 394, 3, 9, -1, NULL, 9, 94, 442, 7),
(4296, 394, 3, 9, 0, NULL, NULL, 96, 451, 12),
(4297, 394, 3, 9, -1, NULL, 9, 97, 455, 25),
(4298, 395, 1, 1, 0, NULL, NULL, 1, 4, 29),
(4299, 395, 1, 3, -1, NULL, 3, 3, 19, 29),
(4300, 395, 1, 3, -1, NULL, 3, 6, 50, 36),
(4301, 395, 1, 13, -1, NULL, 2, 8, 68, 32),
(4302, 395, 1, 11, -1, NULL, 11, 10, 80, 21),
(4303, 395, 1, 12, 0, NULL, NULL, 11, 84, 27),
(4304, 395, 1, 11, -1, NULL, 13, 9, 69, 23),
(4305, 395, 1, 3, -1, NULL, 3, 12, 89, 39),
(4306, 395, 1, 5, -1, NULL, 5, 13, 97, 30),
(4307, 395, 1, 8, -1, NULL, 2, 14, 108, 44),
(4308, 395, 1, 12, -1, NULL, 2, 15, 125, 13),
(4309, 395, 1, 11, -1, NULL, 16, 16, 117, 24),
(4310, 395, 1, 2, 0, NULL, NULL, 17, 126, 34),
(4311, 395, 1, 17, -1, NULL, 17, 18, 132, 47),
(4312, 395, 1, 12, 0, NULL, NULL, 19, 141, 49),
(4313, 395, 1, 18, -1, NULL, 12, 20, 151, 20),
(4314, 395, 1, 1, 0, NULL, NULL, 98, 460, 111),
(4315, 395, 1, 3, 0, NULL, NULL, 100, 473, 6),
(4316, 395, 1, 5, -1, NULL, 5, 102, 489, 31),
(4317, 395, 1, 25, 0, NULL, NULL, 103, 491, 31),
(4318, 395, 1, 27, -1, NULL, 27, 104, 501, 21),
(4319, 395, 1, 11, -1, NULL, 11, 106, 513, 25),
(4320, 395, 1, 26, 0, NULL, NULL, 23, 161, 44),
(4321, 395, 1, 26, -1, NULL, 26, 24, 165, 37),
(4322, 395, 1, 26, -1, NULL, 11, 25, 171, 11),
(4323, 395, 1, 26, 0, NULL, NULL, 27, 177, 11),
(4324, 395, 1, 26, 0, NULL, NULL, 55, 286, 5),
(4325, 396, 3, 20, -1, NULL, 20, 56, 290, 332),
(4326, 396, 3, 20, 0, NULL, NULL, 58, 299, 226),
(4327, 396, 3, 20, -1, NULL, 20, 59, 303, 363),
(4328, 396, 3, 20, -1, NULL, 20, 60, 309, 142),
(4329, 396, 3, 19, -1, NULL, 19, 62, 314, 204),
(4330, 396, 3, 19, 0, NULL, NULL, 64, 323, 238),
(4331, 396, 3, 19, 0, NULL, NULL, 65, 326, 165),
(4332, 396, 3, 19, 0, NULL, NULL, 67, 334, 223),
(4333, 396, 3, 16, 0, NULL, NULL, 68, 339, 202),
(4334, 396, 3, 16, -1, NULL, 16, 69, 345, 51),
(4335, 397, 3, 20, -1, NULL, 20, 56, 290, 18),
(4336, 397, 3, 20, -1, NULL, 20, 58, 301, 11),
(4337, 397, 3, 20, 0, NULL, NULL, 60, 307, 82),
(4338, 397, 3, 20, 0, NULL, NULL, 61, 310, 19),
(4339, 397, 3, 19, -1, NULL, 19, 62, 317, 8),
(4340, 397, 3, 19, -1, NULL, 19, 64, 325, 3),
(4341, 397, 3, 19, 0, NULL, NULL, 66, 331, 82),
(4342, 397, 3, 19, -1, NULL, 19, 67, 337, 5),
(4343, 397, 3, 16, -1, NULL, 16, 68, 338, 16),
(4344, 397, 3, 16, 0, NULL, NULL, 70, 347, 6),
(4345, 397, 3, 16, -1, NULL, 16, 71, 353, 8),
(4346, 397, 3, 16, -1, NULL, 16, 72, 357, 46),
(4347, 397, 3, 21, -1, NULL, 21, 74, 362, 11),
(4348, 397, 3, 21, -1, NULL, 21, 76, 373, 3),
(4349, 397, 3, 21, -1, NULL, 21, 78, 381, 4),
(4350, 397, 3, 25, 0, NULL, NULL, 80, 387, 18),
(4351, 397, 3, 25, -1, NULL, 25, 81, 393, 4),
(4352, 397, 3, 25, -1, NULL, 25, 82, 397, 8),
(4353, 397, 3, 25, 0, NULL, NULL, 84, 403, 42),
(4354, 397, 3, 25, -1, NULL, 25, 85, 409, 6),
(4355, 397, 3, 22, -1, NULL, 22, 86, 410, 7),
(4356, 397, 3, 22, -1, NULL, 22, 88, 421, 9),
(4357, 397, 3, 22, 0, NULL, NULL, 90, 427, 9),
(4358, 397, 3, 22, -1, NULL, 22, 91, 433, 7),
(4359, 397, 3, 9, -1, NULL, 9, 92, 434, 8),
(4360, 397, 3, 9, -1, NULL, 9, 94, 442, 8),
(4361, 397, 3, 9, -1, NULL, 9, 96, 450, 5),
(4362, 396, 3, 16, -1, NULL, 16, 70, 346, 3451),
(4363, 396, 3, 16, -1, NULL, 16, 72, 354, 14),
(4364, 396, 3, 21, 0, NULL, NULL, 74, 363, 25),
(4365, 396, 3, 21, 0, NULL, NULL, 75, 366, 18),
(4366, 396, 3, 21, -1, NULL, 21, 77, 377, 31),
(4367, 396, 3, 21, -1, NULL, 21, 78, 381, 18),
(4368, 396, 3, 25, -1, NULL, 25, 80, 389, 23),
(4369, 396, 3, 25, -1, NULL, 25, 82, 394, 12),
(4370, 396, 3, 25, -1, NULL, 25, 84, 405, 27),
(4371, 396, 3, 22, -1, NULL, 22, 86, 410, 7),
(4372, 396, 3, 22, 0, NULL, NULL, 88, 419, 27),
(4373, 396, 3, 22, 0, NULL, NULL, 89, 422, 18),
(4374, 396, 3, 22, -1, NULL, 22, 91, 433, 17),
(4375, 396, 3, 9, -1, NULL, 9, 92, 434, 10),
(4376, 396, 3, 9, -1, NULL, 9, 94, 442, 6),
(4377, 396, 3, 9, 0, NULL, NULL, 96, 451, 8),
(4378, 396, 3, 9, 0, NULL, NULL, 97, 454, 32),
(4379, 398, 3, 20, 0, NULL, NULL, 56, 291, 88),
(4380, 398, 3, 20, 0, NULL, NULL, 57, 294, 32),
(4381, 398, 3, 20, -1, NULL, 20, 59, 303, 27),
(4382, 398, 3, 20, 0, NULL, NULL, 60, 307, 30),
(4383, 398, 3, 20, -1, NULL, 20, 61, 311, 56),
(4384, 398, 3, 19, -1, NULL, 19, 62, 316, 44),
(4385, 398, 3, 19, 0, NULL, NULL, 64, 323, 35),
(4386, 398, 3, 19, -1, NULL, 19, 65, 327, 52),
(4387, 398, 3, 19, 0, NULL, NULL, 66, 331, 34),
(4388, 398, 3, 19, 0, NULL, NULL, 67, 334, 47),
(4389, 398, 3, 16, -1, NULL, 16, 68, 338, 28),
(4390, 398, 3, 16, -1, NULL, 16, 70, 346, 24),
(4391, 398, 3, 16, 0, NULL, NULL, 72, 355, 13),
(4392, 398, 3, 16, -1, NULL, 16, 73, 359, 27),
(4393, 398, 3, 21, -1, NULL, 21, 74, 362, 12),
(4394, 398, 3, 21, 0, NULL, NULL, 76, 371, 27),
(4395, 398, 3, 21, -1, NULL, 21, 77, 375, 37),
(4396, 398, 3, 21, -1, NULL, 21, 78, 378, 15),
(4397, 398, 3, 25, 0, NULL, NULL, 80, 387, 29),
(4398, 398, 3, 25, -1, NULL, 25, 81, 392, 7),
(4399, 398, 3, 25, 0, NULL, NULL, 82, 395, 27),
(4400, 398, 3, 25, -1, NULL, 25, 83, 399, 17),
(4401, 398, 3, 25, 0, NULL, NULL, 84, 403, 29),
(4402, 398, 3, 25, -1, NULL, 25, 85, 407, 11),
(4403, 398, 3, 22, -1, NULL, 22, 86, 410, 13),
(4404, 398, 3, 22, 0, NULL, NULL, 88, 419, 20),
(4405, 398, 3, 22, 0, NULL, NULL, 89, 422, 72),
(4406, 398, 3, 22, -1, NULL, 22, 91, 431, 28),
(4407, 398, 3, 9, -1, NULL, 9, 92, 434, 13),
(4408, 398, 3, 9, 0, NULL, NULL, 94, 443, 15),
(4409, 398, 3, 9, 0, NULL, NULL, 95, 446, 30),
(4410, 398, 3, 9, 0, NULL, NULL, 97, 454, 27),
(4411, 399, 3, 20, -1, NULL, 20, 56, 290, 255),
(4412, 399, 3, 20, 0, NULL, NULL, 58, 299, 128),
(4413, 399, 3, 20, -1, NULL, 20, 59, 304, 41),
(4414, 399, 3, 20, -1, NULL, 20, 60, 306, 67),
(4415, 399, 3, 19, -1, NULL, 19, 62, 314, 10),
(4416, 399, 3, 19, 0, NULL, NULL, 64, 323, 49),
(4417, 399, 3, 19, 0, NULL, NULL, 65, 326, 21),
(4418, 399, 3, 19, -1, NULL, 19, 67, 336, 20),
(4419, 399, 3, 16, 0, NULL, NULL, 68, 339, 29),
(4420, 399, 3, 16, 0, NULL, NULL, 69, 342, 77),
(4421, 399, 3, 16, 0, NULL, NULL, 71, 350, 78),
(4422, 399, 3, 16, -1, NULL, 16, 73, 359, 53),
(4423, 399, 3, 21, 0, NULL, NULL, 74, 363, 1),
(4424, 399, 3, 21, -1, NULL, 21, 75, 367, 31),
(4425, 399, 3, 21, 0, NULL, NULL, 76, 371, 3),
(4426, 399, 3, 21, -1, NULL, 21, 77, 376, 37),
(4427, 399, 3, 21, 0, NULL, NULL, 78, 379, 51),
(4428, 399, 3, 21, 0, NULL, NULL, 79, 382, 42),
(4429, 399, 3, 25, 0, NULL, NULL, 80, 387, 48),
(4430, 399, 3, 25, 0, NULL, NULL, 81, 390, 37),
(4431, 399, 3, 25, -1, NULL, 25, 83, 399, 21),
(4432, 399, 3, 25, -1, NULL, 25, 83, 399, 21),
(4433, 399, 3, 25, 0, NULL, NULL, 84, 403, 220),
(4434, 399, 3, 25, 0, NULL, NULL, 85, 406, 63),
(4435, 399, 3, 22, -1, NULL, 22, 86, 410, 18),
(4436, 399, 3, 22, 0, NULL, NULL, 88, 419, 27),
(4437, 399, 3, 22, 0, NULL, NULL, 89, 422, 19),
(4438, 399, 3, 22, 0, NULL, NULL, 91, 430, 16),
(4439, 399, 3, 9, -1, NULL, 9, 92, 434, 12),
(4440, 399, 3, 9, -1, NULL, 9, 94, 442, 19),
(4441, 399, 3, 9, -1, NULL, 9, 96, 450, 40),
(4442, 400, 3, 20, 0, NULL, NULL, 56, 291, 34),
(4443, 400, 3, 20, 0, NULL, NULL, 57, 294, 38),
(4444, 400, 3, 20, -1, NULL, 20, 59, 303, 40),
(4445, 401, 1, 1, 0, NULL, NULL, 1, 4, 71),
(4446, 400, 3, 20, -1, NULL, 20, 60, 308, 11),
(4447, 400, 3, 19, 0, NULL, NULL, 62, 315, 15),
(4448, 400, 3, 19, -1, NULL, 19, 63, 321, 13),
(4449, 400, 3, 19, -1, NULL, 19, 64, 325, 8),
(4450, 401, 1, 3, 0, NULL, NULL, 3, 15, 55),
(4451, 400, 3, 19, 0, NULL, NULL, 66, 331, 13),
(4452, 400, 3, 19, 0, NULL, NULL, 67, 334, 12),
(4453, 400, 3, 16, 0, NULL, NULL, 68, 339, 16),
(4454, 400, 3, 16, 0, NULL, NULL, 69, 342, 10),
(4455, 401, 1, 5, -1, NULL, 28, 4, 21, 46),
(4456, 400, 3, 16, -1, NULL, 16, 71, 352, 12),
(4457, 400, 3, 16, -1, NULL, 16, 72, 354, 25),
(4458, 401, 1, 13, -1, NULL, 12, 8, 63, 38),
(4459, 400, 3, 21, -1, NULL, 21, 74, 362, 9),
(4460, 401, 1, 11, -1, NULL, 16, 10, 78, 29),
(4461, 400, 3, 21, 0, NULL, NULL, 76, 371, 33),
(4462, 400, 3, 21, -1, NULL, 21, 77, 376, 18),
(4463, 400, 3, 21, -1, NULL, 21, 78, 378, 22),
(4464, 401, 1, 12, -1, NULL, 12, 11, 87, 55),
(4465, 401, 1, 3, 0, NULL, NULL, 12, 91, 10),
(4466, 400, 3, 25, -1, NULL, 25, 80, 389, 24),
(4467, 400, 3, 25, -1, NULL, 25, 82, 397, 5),
(4468, 400, 3, 25, -1, NULL, 25, 84, 405, 9),
(4469, 400, 3, 22, -1, NULL, 22, 86, 410, 4),
(4470, 400, 3, 22, 0, NULL, NULL, 88, 419, 22),
(4471, 401, 1, 5, 0, NULL, NULL, 13, 99, 60),
(4472, 400, 3, 22, 0, NULL, NULL, 89, 422, 9),
(4473, 400, 3, 22, -1, NULL, 22, 91, 433, 15),
(4474, 401, 1, 8, -1, NULL, 1, 14, 107, 25),
(4475, 400, 3, 9, -1, NULL, 9, 92, 434, 18),
(4476, 400, 3, 9, 0, NULL, NULL, 94, 443, 3),
(4477, 400, 3, 9, 0, NULL, NULL, 95, 446, 12),
(4478, 401, 1, 12, -1, NULL, 12, 15, 124, 52),
(4479, 400, 3, 9, 0, NULL, NULL, 97, 454, 26),
(4480, 401, 1, 11, -1, NULL, 9, 16, 120, 140),
(4481, 401, 1, 2, -1, NULL, 13, 17, 127, 171),
(4482, 401, 1, 17, -1, NULL, 17, 18, 132, 141),
(4483, 401, 1, 12, -1, NULL, 12, 19, 142, 45),
(4484, 401, 1, 18, 0, NULL, NULL, 20, 149, 57),
(4485, 401, 1, 11, -1, NULL, 11, 21, 153, 128),
(4486, 401, 1, 1, 0, NULL, NULL, 98, 460, 89),
(4487, 401, 1, 3, -1, NULL, 3, 100, 475, 35),
(4488, 401, 1, 5, -1, NULL, 5, 102, 482, 45),
(4489, 401, 1, 25, 0, NULL, NULL, 103, 491, 173),
(4490, 401, 1, 27, -1, NULL, 2, 104, 500, 304),
(4491, 401, 1, 11, -1, NULL, 11, 106, 513, 344),
(4492, 401, 1, 26, 0, NULL, NULL, 23, 161, 28),
(4493, 401, 1, 26, -1, NULL, 26, 24, 165, 28),
(4494, 401, 1, 26, -1, NULL, 26, 25, 168, 15),
(4495, 401, 1, 26, -1, NULL, 26, 27, 178, 6),
(4496, 402, 3, 20, 0, NULL, NULL, 56, 291, 27),
(4497, 402, 3, 20, 0, NULL, NULL, 57, 294, 20),
(4498, 402, 3, 20, 0, NULL, NULL, 59, 302, 26),
(4499, 402, 3, 20, 0, NULL, NULL, 61, 310, 17),
(4500, 402, 3, 19, -1, NULL, 19, 62, 314, 14),
(4501, 402, 3, 19, -1, NULL, 19, 64, 324, 70),
(4502, 402, 3, 19, 0, NULL, NULL, 66, 331, 19),
(4503, 402, 3, 19, 0, NULL, NULL, 67, 334, 15),
(4504, 402, 3, 16, 0, NULL, NULL, 68, 339, 20),
(4505, 402, 3, 16, 0, NULL, NULL, 69, 342, 33),
(4506, 402, 3, 16, -1, NULL, 16, 71, 351, 31),
(4507, 402, 3, 16, 0, NULL, NULL, 72, 355, 25),
(4508, 402, 3, 16, 0, NULL, NULL, 73, 358, 88),
(4509, 402, 3, 21, -1, NULL, 21, 74, 362, 8),
(4510, 402, 3, 21, -1, NULL, 21, 76, 372, 13),
(4511, 402, 3, 21, -1, NULL, 21, 78, 378, 15),
(4512, 402, 3, 25, -1, NULL, 25, 80, 388, 40),
(4513, 402, 3, 25, -1, NULL, 25, 82, 397, 17),
(4514, 402, 3, 25, -1, NULL, 25, 84, 405, 12),
(4515, 402, 3, 22, 0, NULL, NULL, 86, 411, 16),
(4516, 402, 3, 22, 0, NULL, NULL, 87, 414, 12),
(4517, 402, 3, 22, -1, NULL, 22, 89, 424, 11),
(4518, 402, 3, 22, -1, NULL, 22, 90, 426, 16),
(4519, 402, 3, 9, -1, NULL, 9, 92, 437, 2),
(4520, 402, 3, 9, -1, NULL, 9, 94, 442, 73),
(4521, 402, 3, 9, -1, NULL, 9, 96, 450, 10),
(4522, 404, 1, 1, -1, NULL, 1, 1, 2, 172),
(4523, 404, 1, 4, 0, NULL, NULL, 2, 12, 10),
(4524, 407, 3, 20, 0, NULL, NULL, 56, 291, 37),
(4525, 408, 3, 20, 0, NULL, NULL, 56, 291, 29),
(4526, 408, 3, 20, 0, NULL, NULL, 57, 294, 12),
(4527, 406, 3, 20, 0, NULL, NULL, 56, 291, 84),
(4528, 408, 3, 20, 0, NULL, NULL, 59, 302, 23),
(4529, 407, 3, 20, -1, NULL, 20, 57, 295, 52),
(4530, 408, 3, 20, 0, NULL, NULL, 61, 310, 13),
(4531, 408, 3, 19, -1, NULL, 19, 62, 314, 11),
(4532, 408, 3, 19, 0, NULL, NULL, 64, 323, 16),
(4533, 408, 3, 19, -1, NULL, 19, 65, 327, 17),
(4534, 406, 3, 20, 0, NULL, NULL, 57, 294, 73),
(4535, 408, 3, 19, 0, NULL, NULL, 66, 331, 15),
(4536, 407, 3, 20, 0, NULL, NULL, 58, 299, 66),
(4537, 408, 3, 19, 0, NULL, NULL, 67, 334, 18),
(4538, 408, 3, 16, 0, NULL, NULL, 68, 339, 28),
(4539, 408, 3, 16, 0, NULL, NULL, 69, 342, 22),
(4540, 407, 3, 20, 0, NULL, NULL, 59, 302, 74),
(4541, 407, 3, 20, 0, NULL, NULL, 61, 310, 14),
(4542, 408, 3, 16, 0, NULL, NULL, 71, 350, 21),
(4543, 408, 3, 16, 0, NULL, NULL, 73, 358, 17),
(4544, 408, 3, 21, -1, NULL, 21, 74, 364, 10),
(4545, 406, 3, 20, 0, NULL, NULL, 59, 302, 156),
(4546, 407, 3, 19, 0, NULL, NULL, 62, 315, 58),
(4547, 408, 3, 21, 0, NULL, NULL, 76, 371, 34),
(4548, 407, 3, 19, 0, NULL, NULL, 63, 318, 34),
(4549, 408, 3, 21, 0, NULL, NULL, 77, 374, 39),
(4550, 406, 3, 20, 0, NULL, NULL, 61, 310, 52),
(4551, 408, 3, 21, -1, NULL, 21, 79, 384, 21),
(4552, 408, 3, 25, -1, NULL, 25, 80, 386, 19),
(4553, 408, 3, 25, -1, NULL, 25, 82, 396, 9),
(4554, 408, 3, 25, 0, NULL, NULL, 84, 403, 17),
(4555, 408, 3, 25, -1, NULL, 25, 85, 407, 9),
(4556, 408, 3, 22, 0, NULL, NULL, 86, 411, 17),
(4557, 407, 3, 19, 0, NULL, NULL, 65, 326, 120),
(4558, 408, 3, 22, -1, NULL, 22, 87, 415, 22),
(4559, 409, 3, 20, 0, NULL, NULL, 56, 291, 36),
(4560, 408, 3, 22, -1, NULL, 22, 88, 418, 11),
(4561, 408, 3, 22, -1, NULL, 22, 90, 426, 16),
(4562, 407, 3, 19, 0, NULL, NULL, 67, 334, 52),
(4563, 409, 3, 20, 0, NULL, NULL, 57, 294, 31),
(4564, 405, 3, 20, 0, NULL, NULL, 56, 291, 413),
(4565, 406, 3, 19, 0, NULL, NULL, 62, 315, 175),
(4566, 408, 3, 9, 0, NULL, NULL, 92, 435, 26),
(4567, 407, 3, 16, 0, NULL, NULL, 68, 339, 22),
(4568, 409, 3, 20, 0, NULL, NULL, 59, 302, 18),
(4569, 409, 3, 20, 0, NULL, NULL, 61, 310, 12),
(4570, 408, 3, 9, 0, NULL, NULL, 93, 438, 15),
(4571, 408, 3, 9, 0, NULL, NULL, 95, 446, 8),
(4572, 407, 3, 16, 0, NULL, NULL, 69, 342, 23),
(4573, 405, 3, 20, 0, NULL, NULL, 57, 294, 39),
(4574, 408, 3, 9, 0, NULL, NULL, 97, 454, 13),
(4575, 409, 3, 19, 0, NULL, NULL, 62, 315, 26),
(4576, 410, 1, 1, 0, NULL, NULL, 1, 4, 45),
(4577, 409, 3, 19, 0, NULL, NULL, 63, 318, 24),
(4578, 410, 1, 3, 0, NULL, NULL, 3, 15, 24),
(4579, 405, 3, 20, 0, NULL, NULL, 59, 302, 47),
(4580, 405, 3, 20, 0, NULL, NULL, 61, 310, 23),
(4581, 406, 3, 19, 0, NULL, NULL, 63, 318, 110),
(4582, 409, 3, 19, 0, NULL, NULL, 65, 326, 41),
(4583, 409, 3, 19, 0, NULL, NULL, 67, 334, 17),
(4584, 409, 3, 16, 0, NULL, NULL, 68, 339, 11),
(4585, 405, 3, 19, 0, NULL, NULL, 62, 315, 38),
(4586, 409, 3, 16, 0, NULL, NULL, 69, 342, 15),
(4587, 405, 3, 19, 0, NULL, NULL, 63, 318, 33),
(4588, 409, 3, 16, 0, NULL, NULL, 71, 350, 40),
(4589, 406, 3, 19, 0, NULL, NULL, 65, 326, 100),
(4590, 410, 1, 5, -1, NULL, 5, 4, 24, 141),
(4591, 409, 3, 16, 0, NULL, NULL, 73, 358, 15),
(4592, 407, 3, 16, -1, NULL, 16, 71, 351, 185),
(4593, 409, 3, 21, 0, NULL, NULL, 74, 363, 16),
(4594, 409, 3, 21, 0, NULL, NULL, 75, 366, 9),
(4595, 407, 3, 16, 0, NULL, NULL, 72, 355, 47),
(4596, 406, 3, 19, 0, NULL, NULL, 67, 334, 49),
(4597, 409, 3, 21, 0, NULL, NULL, 77, 374, 26),
(4598, 407, 3, 16, 0, NULL, NULL, 73, 358, 12),
(4599, 406, 3, 16, 0, NULL, NULL, 68, 339, 24),
(4600, 405, 3, 19, 0, NULL, NULL, 65, 326, 118),
(4601, 407, 3, 21, 0, NULL, NULL, 74, 363, 35),
(4602, 409, 3, 21, 0, NULL, NULL, 79, 382, 45),
(4603, 407, 3, 21, 0, NULL, NULL, 75, 366, 8),
(4604, 412, 3, 20, 0, NULL, NULL, 56, 291, 34),
(4605, 405, 3, 19, 0, NULL, NULL, 67, 334, 39),
(4606, 406, 3, 16, 0, NULL, NULL, 69, 342, 46),
(4607, 409, 3, 25, 0, NULL, NULL, 80, 387, 24),
(4608, 413, 3, 20, 0, NULL, NULL, 56, 291, 38),
(4609, 411, 3, 20, 0, NULL, NULL, 56, 291, 68),
(4610, 409, 3, 25, 0, NULL, NULL, 81, 390, 17),
(4611, 407, 3, 21, 0, NULL, NULL, 77, 374, 49),
(4612, 412, 3, 20, 0, NULL, NULL, 57, 294, 38),
(4613, 413, 3, 20, 0, NULL, NULL, 57, 294, 24),
(4614, 405, 3, 16, 0, NULL, NULL, 68, 339, 39),
(4615, 410, 1, 13, -1, NULL, 2, 8, 67, 169),
(4616, 409, 3, 25, 0, NULL, NULL, 83, 398, 29),
(4617, 413, 3, 20, 0, NULL, NULL, 59, 302, 24),
(4618, 409, 3, 25, 0, NULL, NULL, 85, 406, 21),
(4619, 405, 3, 16, 0, NULL, NULL, 69, 342, 34),
(4620, 413, 3, 20, 0, NULL, NULL, 61, 310, 14),
(4621, 409, 3, 22, 0, NULL, NULL, 86, 411, 4),
(4622, 411, 3, 20, 0, NULL, NULL, 57, 294, 65),
(4623, 415, 3, 20, 0, NULL, NULL, 56, 291, 80),
(4624, 410, 1, 11, -1, NULL, 16, 10, 77, 38),
(4625, 406, 3, 16, 0, NULL, NULL, 71, 350, 93),
(4626, 407, 3, 21, 0, NULL, NULL, 79, 382, 63),
(4627, 412, 3, 20, -1, NULL, 20, 59, 303, 65),
(4628, 413, 3, 19, 0, NULL, NULL, 62, 315, 30),
(4629, 409, 3, 22, 0, NULL, NULL, 87, 414, 30),
(4630, 414, 3, 20, -1, NULL, 20, 56, 290, 116),
(4631, 407, 3, 25, 0, NULL, NULL, 80, 387, 16),
(4632, 412, 3, 20, 0, NULL, NULL, 60, 307, 14),
(4633, 409, 3, 22, -1, NULL, 22, 89, 423, 9),
(4634, 412, 3, 20, 0, NULL, NULL, 61, 310, 11),
(4635, 413, 3, 19, 0, NULL, NULL, 63, 318, 22),
(4636, 417, 3, 20, 0, NULL, NULL, 56, 291, 89),
(4637, 406, 3, 16, 0, NULL, NULL, 73, 358, 53),
(4638, 407, 3, 25, 0, NULL, NULL, 81, 390, 34),
(4639, 416, 3, 20, 0, NULL, NULL, 56, 291, 98),
(4640, 412, 3, 19, 0, NULL, NULL, 62, 315, 29),
(4641, 419, 3, 20, 0, NULL, NULL, 56, 291, 53),
(4642, 413, 3, 19, 0, NULL, NULL, 65, 326, 35),
(4643, 409, 3, 22, 0, NULL, NULL, 90, 427, 46),
(4644, 410, 1, 12, -1, NULL, 13, 11, 81, 84),
(4645, 415, 3, 20, -1, NULL, 20, 57, 295, 93),
(4646, 409, 3, 22, 0, NULL, NULL, 91, 430, 13),
(4647, 412, 3, 19, 0, NULL, NULL, 63, 318, 22),
(4648, 411, 3, 20, 0, NULL, NULL, 59, 302, 103),
(4649, 419, 3, 20, 0, NULL, NULL, 57, 294, 23),
(4650, 409, 3, 9, 0, NULL, NULL, 92, 435, 8),
(4651, 420, 1, 1, 0, NULL, NULL, 1, 4, 53),
(4652, 407, 3, 25, 0, NULL, NULL, 83, 398, 44),
(4653, 418, 3, 20, 0, NULL, NULL, 56, 291, 127),
(4654, 413, 3, 19, 0, NULL, NULL, 67, 334, 31),
(4655, 409, 3, 9, 0, NULL, NULL, 93, 438, 11),
(4656, 420, 1, 3, 0, NULL, NULL, 3, 15, 6),
(4657, 417, 3, 20, 0, NULL, NULL, 57, 294, 57),
(4658, 409, 3, 9, 0, NULL, NULL, 95, 446, 7),
(4659, 411, 3, 20, 0, NULL, NULL, 61, 310, 32),
(4660, 410, 1, 3, -1, NULL, 3, 12, 92, 49),
(4661, 413, 3, 16, 0, NULL, NULL, 68, 339, 24),
(4662, 409, 3, 9, 0, NULL, NULL, 97, 454, 13),
(4663, 414, 3, 20, 0, NULL, NULL, 58, 299, 119),
(4664, 416, 3, 20, 0, NULL, NULL, 57, 294, 82),
(4665, 413, 3, 16, 0, NULL, NULL, 69, 342, 22),
(4666, 423, 3, 20, 0, NULL, NULL, 56, 291, 25),
(4667, 407, 3, 25, 0, NULL, NULL, 85, 406, 53),
(4668, 421, 3, 20, 0, NULL, NULL, 56, 291, 89),
(4669, 406, 3, 21, 0, NULL, NULL, 74, 363, 104),
(4670, 407, 3, 22, 0, NULL, NULL, 86, 411, 4),
(4671, 410, 1, 5, -1, NULL, 5, 13, 95, 33),
(4672, 422, 3, 20, 0, NULL, NULL, 56, 291, 56),
(4673, 407, 3, 22, 0, NULL, NULL, 87, 414, 9),
(4674, 419, 3, 20, 0, NULL, NULL, 59, 302, 78),
(4675, 418, 3, 20, 0, NULL, NULL, 57, 294, 72),
(4676, 420, 1, 5, -1, NULL, 5, 4, 24, 67),
(4677, 415, 3, 20, 0, NULL, NULL, 58, 299, 96),
(4678, 417, 3, 20, 0, NULL, NULL, 59, 302, 68),
(4679, 413, 3, 16, 0, NULL, NULL, 71, 350, 30),
(4680, 419, 3, 20, 0, NULL, NULL, 61, 310, 8),
(4681, 412, 3, 19, -1, NULL, 19, 65, 327, 105),
(4682, 406, 3, 21, 0, NULL, NULL, 75, 366, 34),
(4683, 413, 3, 16, 0, NULL, NULL, 73, 358, 15),
(4684, 412, 3, 19, 0, NULL, NULL, 66, 331, 11),
(4685, 416, 3, 20, 0, NULL, NULL, 59, 302, 59),
(4686, 407, 3, 22, -1, NULL, 22, 89, 423, 36),
(4687, 411, 3, 19, -1, NULL, 19, 62, 314, 85),
(4688, 419, 3, 19, 0, NULL, NULL, 62, 315, 29),
(4689, 423, 3, 20, 0, NULL, NULL, 57, 294, 60),
(4690, 420, 1, 13, -1, NULL, 12, 8, 66, 41),
(4691, 413, 3, 21, 0, NULL, NULL, 74, 363, 21),
(4692, 410, 1, 8, 0, NULL, NULL, 14, 104, 58),
(4693, 422, 3, 20, 0, NULL, NULL, 57, 294, 53),
(4694, 415, 3, 20, -1, NULL, 20, 59, 303, 46),
(4695, 417, 3, 20, 0, NULL, NULL, 61, 310, 45),
(4696, 412, 3, 19, 0, NULL, NULL, 67, 334, 21),
(4697, 421, 3, 20, 0, NULL, NULL, 57, 294, 72),
(4698, 413, 3, 21, 0, NULL, NULL, 75, 366, 15),
(4699, 407, 3, 22, -1, NULL, 22, 90, 426, 30),
(4700, 415, 3, 20, 0, NULL, NULL, 60, 307, 16),
(4701, 412, 3, 16, 0, NULL, NULL, 68, 339, 18),
(4702, 407, 3, 9, 0, NULL, NULL, 92, 435, 10),
(4703, 419, 3, 19, 0, NULL, NULL, 63, 318, 40),
(4704, 420, 1, 11, 0, NULL, NULL, 10, 79, 38),
(4705, 416, 3, 20, 0, NULL, NULL, 61, 310, 52),
(4706, 413, 3, 21, 0, NULL, NULL, 77, 374, 23),
(4707, 407, 3, 9, 0, NULL, NULL, 93, 438, 12),
(4708, 410, 1, 12, -1, NULL, 12, 15, 124, 41),
(4709, 414, 3, 20, 0, NULL, NULL, 59, 302, 126),
(4710, 415, 3, 20, 0, NULL, NULL, 61, 310, 24),
(4711, 421, 3, 20, -1, NULL, 20, 59, 303, 37),
(4712, 412, 3, 16, 0, NULL, NULL, 69, 342, 21),
(4713, 407, 3, 9, 0, NULL, NULL, 95, 446, 7),
(4714, 406, 3, 21, 0, NULL, NULL, 77, 374, 76),
(4715, 423, 3, 20, 0, NULL, NULL, 59, 302, 65),
(4716, 421, 3, 20, -1, NULL, 20, 60, 309, 18),
(4717, 410, 1, 11, -1, NULL, 11, 16, 123, 24),
(4718, 413, 3, 21, 0, NULL, NULL, 79, 382, 28),
(4719, 418, 3, 20, 0, NULL, NULL, 59, 302, 113),
(4720, 420, 1, 12, -1, NULL, 10, 11, 83, 34),
(4721, 407, 3, 9, 0, NULL, NULL, 97, 454, 22),
(4722, 422, 3, 20, 0, NULL, NULL, 59, 302, 72),
(4723, 414, 3, 20, 0, NULL, NULL, 61, 310, 29),
(4724, 419, 3, 19, 0, NULL, NULL, 65, 326, 41),
(4725, 416, 3, 19, -1, NULL, 19, 62, 314, 34),
(4726, 423, 3, 20, 0, NULL, NULL, 61, 310, 16),
(4727, 421, 3, 19, -1, NULL, 19, 62, 314, 18),
(4728, 412, 3, 16, -1, NULL, 16, 71, 351, 40),
(4729, 411, 3, 19, 0, NULL, NULL, 64, 323, 103),
(4730, 424, 1, 1, 0, NULL, NULL, 1, 4, 53),
(4731, 413, 3, 25, 0, NULL, NULL, 80, 387, 31),
(4732, 417, 3, 19, 0, NULL, NULL, 62, 315, 95),
(4733, 420, 1, 3, -1, NULL, 3, 12, 89, 29),
(4734, 422, 3, 20, 0, NULL, NULL, 61, 310, 29),
(4735, 419, 3, 19, 0, NULL, NULL, 67, 334, 29),
(4736, 412, 3, 16, -1, NULL, 16, 72, 357, 17),
(4737, 414, 3, 19, 0, NULL, NULL, 62, 315, 33),
(4738, 415, 3, 19, 0, NULL, NULL, 62, 315, 63),
(4739, 421, 3, 19, -1, NULL, 19, 64, 324, 26),
(4740, 424, 1, 3, 0, NULL, NULL, 3, 15, 16),
(4741, 423, 3, 19, 0, NULL, NULL, 62, 315, 34),
(4742, 412, 3, 21, 0, NULL, NULL, 74, 363, 9),
(4743, 419, 3, 16, 0, NULL, NULL, 68, 339, 18),
(4744, 412, 3, 21, 0, NULL, NULL, 75, 366, 8),
(4745, 421, 3, 19, -1, NULL, 19, 66, 330, 13),
(4746, 410, 1, 17, -1, NULL, 17, 18, 135, 68),
(4747, 419, 3, 16, 0, NULL, NULL, 69, 342, 18),
(4748, 415, 3, 19, 0, NULL, NULL, 63, 318, 31),
(4749, 420, 1, 5, -1, NULL, 5, 13, 95, 41),
(4750, 418, 3, 20, 0, NULL, NULL, 61, 310, 76),
(4751, 423, 3, 19, 0, NULL, NULL, 63, 318, 35),
(4752, 411, 3, 19, 0, NULL, NULL, 65, 326, 64),
(4753, 412, 3, 21, 0, NULL, NULL, 77, 374, 33),
(4754, 413, 3, 25, 0, NULL, NULL, 81, 390, 65),
(4755, 421, 3, 16, 0, NULL, NULL, 68, 339, 42),
(4756, 414, 3, 19, -1, NULL, 19, 63, 319, 62),
(4757, 416, 3, 19, 0, NULL, NULL, 64, 323, 99),
(4758, 405, 3, 16, -1, NULL, 16, 71, 351, 417),
(4759, 415, 3, 19, 0, NULL, NULL, 65, 326, 34),
(4760, 422, 3, 19, 0, NULL, NULL, 62, 315, 80),
(4761, 419, 3, 16, -1, NULL, 16, 71, 353, 42),
(4762, 423, 3, 19, 0, NULL, NULL, 65, 326, 36),
(4763, 424, 1, 5, 0, NULL, NULL, 4, 26, 78),
(4764, 420, 1, 8, -1, NULL, 1, 14, 107, 47),
(4765, 418, 3, 19, 0, NULL, NULL, 62, 315, 50),
(4766, 423, 3, 19, 0, NULL, NULL, 67, 334, 12),
(4767, 412, 3, 21, 0, NULL, NULL, 79, 382, 39),
(4768, 417, 3, 19, 0, NULL, NULL, 63, 318, 98),
(4769, 415, 3, 19, 0, NULL, NULL, 67, 334, 26),
(4770, 406, 3, 21, -1, NULL, 21, 79, 383, 154),
(4771, 410, 1, 12, 0, NULL, NULL, 19, 141, 72),
(4772, 419, 3, 16, -1, NULL, 16, 72, 357, 23),
(4773, 423, 3, 16, 0, NULL, NULL, 68, 339, 14),
(4774, 420, 1, 12, -1, NULL, 12, 15, 110, 25),
(4775, 421, 3, 16, 0, NULL, NULL, 69, 342, 51),
(4776, 419, 3, 21, -1, NULL, 21, 74, 365, 14),
(4777, 412, 3, 25, 0, NULL, NULL, 80, 387, 25),
(4778, 412, 3, 25, -1, NULL, 25, 81, 392, 8),
(4779, 416, 3, 19, 0, NULL, NULL, 65, 326, 61),
(4780, 410, 1, 18, -1, NULL, 12, 20, 151, 32),
(4781, 412, 3, 25, -1, NULL, 25, 82, 397, 7),
(4782, 405, 3, 16, 0, NULL, NULL, 72, 355, 68),
(4783, 423, 3, 16, 0, NULL, NULL, 69, 342, 33),
(4784, 422, 3, 19, 0, NULL, NULL, 63, 318, 66),
(4785, 412, 3, 25, -1, NULL, 25, 84, 405, 11),
(4786, 413, 3, 25, -1, NULL, 25, 83, 400, 88),
(4787, 417, 3, 19, 0, NULL, NULL, 65, 326, 54),
(4788, 424, 1, 13, -1, NULL, 12, 8, 63, 66),
(4789, 405, 3, 16, 0, NULL, NULL, 73, 358, 13),
(4790, 412, 3, 22, 0, NULL, NULL, 86, 411, 7),
(4791, 419, 3, 21, 0, NULL, NULL, 76, 371, 43),
(4792, 414, 3, 19, 0, NULL, NULL, 64, 323, 97),
(4793, 420, 1, 11, -1, NULL, 16, 16, 117, 50),
(4794, 412, 3, 22, 0, NULL, NULL, 87, 414, 10),
(4795, 421, 3, 16, -1, NULL, 16, 71, 353, 54),
(4796, 412, 3, 22, 0, NULL, NULL, 89, 422, 6),
(4797, 405, 3, 21, 0, NULL, NULL, 74, 363, 20),
(4798, 410, 1, 1, -1, NULL, 1, 98, 464, 42),
(4799, 416, 3, 19, 0, NULL, NULL, 67, 334, 47),
(4800, 412, 3, 22, 0, NULL, NULL, 91, 430, 11),
(4801, 410, 1, 5, -1, NULL, 5, 102, 489, 6),
(4802, 419, 3, 21, 0, NULL, NULL, 77, 374, 30),
(4803, 424, 1, 11, 0, NULL, NULL, 10, 79, 38),
(4804, 405, 3, 21, 0, NULL, NULL, 75, 366, 15),
(4805, 417, 3, 19, 0, NULL, NULL, 67, 334, 44),
(4806, 412, 3, 9, -1, NULL, 9, 92, 434, 13),
(4807, 422, 3, 19, 0, NULL, NULL, 65, 326, 56),
(4808, 412, 3, 9, 0, NULL, NULL, 94, 443, 3),
(4809, 410, 1, 25, -1, NULL, 2, 103, 493, 17),
(4810, 420, 1, 2, -1, NULL, 13, 17, 127, 39),
(4811, 421, 3, 16, -1, NULL, 16, 72, 354, 35),
(4812, 423, 3, 16, 0, NULL, NULL, 71, 350, 68),
(4813, 418, 3, 19, 0, NULL, NULL, 63, 318, 120),
(4814, 415, 3, 16, 0, NULL, NULL, 68, 339, 113),
(4815, 411, 3, 19, 0, NULL, NULL, 67, 334, 161),
(4816, 414, 3, 19, 0, NULL, NULL, 65, 326, 48),
(4817, 416, 3, 16, 0, NULL, NULL, 68, 339, 32),
(4818, 410, 1, 27, -1, NULL, 27, 104, 501, 11),
(4819, 412, 3, 9, 0, NULL, NULL, 95, 446, 11),
(4820, 423, 3, 16, 0, NULL, NULL, 73, 358, 10),
(4821, 410, 1, 11, -1, NULL, 11, 106, 513, 8),
(4822, 405, 3, 21, 0, NULL, NULL, 77, 374, 32),
(4823, 415, 3, 16, 0, NULL, NULL, 69, 342, 16),
(4824, 421, 3, 21, 0, NULL, NULL, 74, 363, 22),
(4825, 420, 1, 17, -1, NULL, 17, 18, 132, 25),
(4826, 410, 1, 26, -1, NULL, 26, 23, 160, 11),
(4827, 417, 3, 16, 0, NULL, NULL, 68, 339, 39),
(4828, 423, 3, 21, 0, NULL, NULL, 74, 363, 15),
(4829, 419, 3, 21, 0, NULL, NULL, 79, 382, 47),
(4830, 410, 1, 26, -1, NULL, 26, 25, 168, 3),
(4831, 410, 1, 26, 0, NULL, NULL, 27, 177, 3),
(4832, 414, 3, 19, 0, NULL, NULL, 67, 334, 33),
(4833, 413, 3, 25, 0, NULL, NULL, 84, 403, 100),
(4834, 410, 1, 26, -1, NULL, 26, 55, 287, 6),
(4835, 423, 3, 21, 0, NULL, NULL, 75, 366, 15),
(4836, 421, 3, 21, -1, NULL, 21, 75, 368, 23),
(4837, 422, 3, 19, 0, NULL, NULL, 67, 334, 55),
(4838, 416, 3, 16, 0, NULL, NULL, 69, 342, 43),
(4839, 418, 3, 19, -1, NULL, 19, 65, 327, 51),
(4840, 421, 3, 21, -1, NULL, 21, 76, 373, 10),
(4841, 419, 3, 25, -1, NULL, 25, 80, 389, 29),
(4842, 411, 3, 16, 0, NULL, NULL, 68, 339, 60),
(4843, 413, 3, 25, 0, NULL, NULL, 85, 406, 23),
(4844, 422, 3, 16, 0, NULL, NULL, 68, 339, 17),
(4845, 424, 1, 12, 0, NULL, NULL, 11, 84, 84),
(4846, 423, 3, 21, -1, NULL, 21, 77, 376, 23),
(4847, 421, 3, 21, -1, NULL, 21, 78, 381, 14),
(4848, 414, 3, 16, 0, NULL, NULL, 68, 339, 33),
(4849, 405, 3, 21, 0, NULL, NULL, 79, 382, 55),
(4850, 419, 3, 25, -1, NULL, 25, 82, 397, 12),
(4851, 417, 3, 16, 0, NULL, NULL, 69, 342, 46),
(4852, 420, 1, 12, -1, NULL, 13, 19, 139, 57),
(4853, 415, 3, 16, 0, NULL, NULL, 71, 350, 64),
(4854, 413, 3, 22, 0, NULL, NULL, 86, 411, 22),
(4855, 422, 3, 16, 0, NULL, NULL, 69, 342, 21),
(4856, 419, 3, 25, -1, NULL, 25, 84, 405, 14),
(4857, 421, 3, 25, -1, NULL, 25, 80, 389, 19),
(4858, 414, 3, 16, 0, NULL, NULL, 69, 342, 24),
(4859, 421, 3, 25, -1, NULL, 25, 82, 396, 7),
(4860, 413, 3, 22, 0, NULL, NULL, 87, 414, 15),
(4861, 419, 3, 22, -1, NULL, 22, 86, 410, 14),
(4862, 421, 3, 25, -1, NULL, 25, 84, 405, 6),
(4863, 420, 1, 18, -1, NULL, 12, 20, 146, 28),
(4864, 413, 3, 22, 0, NULL, NULL, 89, 422, 10),
(4865, 416, 3, 16, -1, NULL, 16, 71, 351, 62),
(4866, 421, 3, 22, -1, NULL, 22, 86, 410, 8),
(4867, 405, 3, 25, 0, NULL, NULL, 80, 387, 46),
(4868, 412, 3, 9, -1, NULL, 9, 97, 455, 113),
(4869, 415, 3, 16, 0, NULL, NULL, 73, 358, 38),
(4870, 424, 1, 11, 0, NULL, NULL, 9, 72, 63),
(4871, 416, 3, 16, 0, NULL, NULL, 72, 355, 17),
(4872, 413, 3, 22, 0, NULL, NULL, 91, 430, 20),
(4873, 417, 3, 16, 0, NULL, NULL, 71, 350, 0),
(4874, 405, 3, 25, 0, NULL, NULL, 81, 390, 19),
(4875, 420, 1, 11, -1, NULL, 11, 21, 154, 31),
(4876, 421, 3, 22, -1, NULL, 22, 88, 418, 24),
(4877, 419, 3, 22, -1, NULL, 22, 88, 421, 37),
(4878, 422, 3, 16, -1, NULL, 16, 71, 351, 57),
(4879, 415, 3, 21, 0, NULL, NULL, 74, 363, 21),
(4880, 413, 3, 9, 0, NULL, NULL, 92, 435, 16),
(4881, 423, 3, 21, -1, NULL, 21, 78, 378, 83),
(4882, 419, 3, 22, -1, NULL, 22, 90, 426, 14),
(4883, 411, 3, 16, 0, NULL, NULL, 69, 342, 94),
(4884, 423, 3, 25, -1, NULL, 25, 80, 388, 7),
(4885, 415, 3, 21, 0, NULL, NULL, 75, 366, 17),
(4886, 423, 3, 25, -1, NULL, 25, 82, 394, 3),
(4887, 419, 3, 9, -1, NULL, 9, 92, 434, 11),
(4888, 416, 3, 16, 0, NULL, NULL, 73, 358, 37),
(4889, 419, 3, 9, -1, NULL, 9, 94, 442, 4),
(4890, 414, 3, 16, 0, NULL, NULL, 71, 350, 78),
(4891, 413, 3, 9, 0, NULL, NULL, 93, 438, 25),
(4892, 424, 1, 3, -1, NULL, 3, 12, 90, 48),
(4893, 423, 3, 25, -1, NULL, 25, 84, 404, 26),
(4894, 414, 3, 16, 0, NULL, NULL, 73, 358, 16),
(4895, 416, 3, 21, 0, NULL, NULL, 74, 363, 20),
(4896, 413, 3, 9, 0, NULL, NULL, 95, 446, 17),
(4897, 423, 3, 22, -1, NULL, 22, 86, 410, 3),
(4898, 419, 3, 9, 0, NULL, NULL, 96, 451, 22),
(4899, 422, 3, 16, 0, NULL, NULL, 72, 355, 54),
(4900, 415, 3, 21, 0, NULL, NULL, 77, 374, 40),
(4901, 416, 3, 21, 0, NULL, NULL, 75, 366, 18),
(4902, 424, 1, 5, 0, NULL, NULL, 13, 99, 33),
(4903, 422, 3, 16, 0, NULL, NULL, 73, 358, 20),
(4904, 423, 3, 22, -1, NULL, 22, 88, 418, 26),
(4905, 418, 3, 19, 0, NULL, NULL, 66, 331, 168),
(4906, 423, 3, 22, 0, NULL, NULL, 90, 427, 12),
(4907, 413, 3, 9, 0, NULL, NULL, 97, 454, 43),
(4908, 423, 3, 22, 0, NULL, NULL, 91, 430, 7),
(4909, 415, 3, 21, 0, NULL, NULL, 79, 382, 40),
(4910, 417, 3, 16, -1, NULL, 16, 73, 359, 113),
(4911, 405, 3, 25, 0, NULL, NULL, 83, 398, 109),
(4912, 423, 3, 9, -1, NULL, 9, 92, 434, 6),
(4913, 419, 3, 9, -1, NULL, 9, 97, 455, 57),
(4914, 423, 3, 9, -1, NULL, 9, 94, 442, 3),
(4915, 420, 1, 1, -1, NULL, 28, 98, 459, 118),
(4916, 416, 3, 21, 0, NULL, NULL, 77, 374, 46),
(4917, 422, 3, 21, 0, NULL, NULL, 74, 363, 41),
(4918, 418, 3, 19, 0, NULL, NULL, 67, 334, 43),
(4919, 405, 3, 25, 0, NULL, NULL, 85, 406, 19),
(4920, 417, 3, 21, 0, NULL, NULL, 74, 363, 22),
(4921, 411, 3, 16, 0, NULL, NULL, 71, 350, 113),
(4922, 423, 3, 9, 0, NULL, NULL, 96, 451, 20),
(4923, 415, 3, 25, -1, NULL, 25, 80, 386, 30),
(4924, 406, 3, 25, 0, NULL, NULL, 80, 387, 385),
(4925, 422, 3, 21, 0, NULL, NULL, 75, 366, 16),
(4926, 424, 1, 8, 0, NULL, NULL, 14, 104, 68),
(4927, 423, 3, 9, 0, NULL, NULL, 97, 454, 9),
(4928, 415, 3, 25, 0, NULL, NULL, 82, 395, 10),
(4929, 415, 3, 25, 0, NULL, NULL, 83, 398, 7),
(4930, 405, 3, 22, 0, NULL, NULL, 86, 411, 29),
(4931, 417, 3, 21, 0, NULL, NULL, 75, 366, 32),
(4932, 405, 3, 22, 0, NULL, NULL, 87, 414, 8),
(4933, 420, 1, 5, 0, NULL, NULL, 102, 484, 54),
(4934, 415, 3, 25, -1, NULL, 25, 85, 408, 20),
(4935, 405, 3, 22, 0, NULL, NULL, 89, 422, 8),
(4936, 416, 3, 21, 0, NULL, NULL, 79, 382, 58),
(4937, 415, 3, 22, 0, NULL, NULL, 86, 411, 9),
(4938, 405, 3, 22, 0, NULL, NULL, 91, 430, 13),
(4939, 414, 3, 21, 0, NULL, NULL, 74, 363, 137),
(4940, 418, 3, 16, 0, NULL, NULL, 68, 339, 68),
(4941, 405, 3, 9, -1, NULL, 9, 92, 434, 9),
(4942, 422, 3, 21, 0, NULL, NULL, 77, 374, 62),
(4943, 420, 1, 25, 0, NULL, NULL, 103, 491, 26),
(4944, 405, 3, 9, 0, NULL, NULL, 94, 443, 7),
(4945, 420, 1, 27, 0, NULL, NULL, 104, 497, 8),
(4946, 421, 3, 22, -1, NULL, 22, 90, 429, 217),
(4947, 418, 3, 16, 0, NULL, NULL, 69, 342, 26),
(4948, 414, 3, 21, 0, NULL, NULL, 75, 366, 35),
(4949, 405, 3, 9, 0, NULL, NULL, 95, 446, 18),
(4950, 416, 3, 25, 0, NULL, NULL, 80, 387, 48),
(4951, 417, 3, 21, 0, NULL, NULL, 77, 374, 63),
(4952, 420, 1, 27, -1, NULL, 11, 105, 504, 20),
(4953, 421, 3, 9, -1, NULL, 9, 92, 434, 14),
(4954, 424, 1, 12, 0, NULL, NULL, 15, 116, 94),
(4955, 411, 3, 16, -1, NULL, 16, 73, 359, 109),
(4956, 406, 3, 25, -1, NULL, 25, 81, 391, 105),
(4957, 420, 1, 12, 0, NULL, NULL, 107, 515, 12),
(4958, 421, 3, 9, -1, NULL, 9, 94, 442, 11),
(4959, 415, 3, 22, -1, NULL, 22, 87, 415, 61),
(4960, 421, 3, 9, -1, NULL, 9, 96, 450, 5),
(4961, 420, 1, 11, -1, NULL, 11, 106, 509, 11),
(4962, 418, 3, 16, -1, NULL, 16, 71, 353, 50),
(4963, 414, 3, 21, 0, NULL, NULL, 77, 374, 48),
(4964, 415, 3, 22, 0, NULL, NULL, 88, 419, 33),
(4965, 420, 1, 26, -1, NULL, 26, 23, 160, 23),
(4966, 422, 3, 21, 0, NULL, NULL, 79, 382, 79),
(4967, 406, 3, 25, -1, NULL, 25, 82, 397, 45),
(4968, 420, 1, 26, -1, NULL, 26, 25, 168, 12),
(4969, 415, 3, 22, 0, NULL, NULL, 89, 422, 14),
(4970, 420, 1, 26, 0, NULL, NULL, 27, 177, 11),
(4971, 415, 3, 22, 0, NULL, NULL, 91, 430, 11),
(4972, 420, 1, 26, 0, NULL, NULL, 55, 286, 10),
(4973, 422, 3, 25, 0, NULL, NULL, 80, 387, 36),
(4974, 406, 3, 25, -1, NULL, 25, 84, 405, 33),
(4975, 411, 3, 21, 0, NULL, NULL, 74, 363, 88),
(4976, 415, 3, 9, 0, NULL, NULL, 92, 435, 23),
(4977, 418, 3, 16, -1, NULL, 16, 72, 357, 57),
(4978, 406, 3, 22, 0, NULL, NULL, 86, 411, 11),
(4979, 415, 3, 9, 0, NULL, NULL, 93, 438, 13),
(4980, 415, 3, 9, 0, NULL, NULL, 95, 446, 6),
(4981, 414, 3, 21, -1, NULL, 21, 79, 383, 91),
(4982, 422, 3, 25, -1, NULL, 25, 81, 391, 47),
(4983, 415, 3, 9, -1, NULL, 9, 97, 455, 21),
(4984, 417, 3, 21, -1, NULL, 21, 79, 383, 157),
(4985, 406, 3, 22, 0, NULL, NULL, 87, 414, 71),
(4986, 422, 3, 25, -1, NULL, 25, 82, 396, 45),
(4987, 411, 3, 21, 0, NULL, NULL, 75, 366, 88),
(4988, 405, 3, 9, -1, NULL, 9, 97, 455, 199),
(4989, 422, 3, 25, 0, NULL, NULL, 84, 403, 18),
(4990, 418, 3, 21, 0, NULL, NULL, 74, 363, 109),
(4991, 417, 3, 25, 0, NULL, NULL, 80, 387, 56),
(4992, 422, 3, 25, 0, NULL, NULL, 85, 406, 24),
(4993, 426, 3, 20, 0, NULL, NULL, 56, 291, 14),
(4994, 418, 3, 21, 0, NULL, NULL, 75, 366, 31),
(4995, 411, 3, 21, 0, NULL, NULL, 77, 374, 57),
(4996, 426, 3, 20, 0, NULL, NULL, 57, 294, 22),
(4997, 406, 3, 22, 0, NULL, NULL, 89, 422, 74),
(4998, 425, 3, 20, 0, NULL, NULL, 56, 291, 44),
(4999, 422, 3, 22, 0, NULL, NULL, 86, 411, 29),
(5000, 426, 3, 20, 0, NULL, NULL, 59, 302, 7),
(5001, 426, 3, 20, 0, NULL, NULL, 61, 310, 5),
(5002, 422, 3, 22, 0, NULL, NULL, 87, 414, 14),
(5003, 427, 3, 20, -1, NULL, 20, 56, 290, 20),
(5004, 422, 3, 22, 0, NULL, NULL, 89, 422, 9),
(5005, 426, 3, 19, 0, NULL, NULL, 62, 315, 32),
(5006, 425, 3, 20, 0, NULL, NULL, 57, 294, 41),
(5007, 427, 3, 20, 0, NULL, NULL, 58, 299, 23),
(5008, 406, 3, 22, 0, NULL, NULL, 91, 430, 48),
(5009, 426, 3, 19, 0, NULL, NULL, 63, 318, 15),
(5010, 417, 3, 25, 0, NULL, NULL, 81, 390, 103),
(5011, 422, 3, 22, 0, NULL, NULL, 91, 430, 34),
(5012, 427, 3, 20, -1, NULL, 20, 59, 303, 17),
(5013, 418, 3, 21, 0, NULL, NULL, 77, 374, 79),
(5014, 422, 3, 9, -1, NULL, 9, 92, 434, 9),
(5015, 422, 3, 9, 0, NULL, NULL, 94, 443, 6),
(5016, 427, 3, 20, -1, NULL, 20, 60, 306, 15),
(5017, 414, 3, 25, -1, NULL, 25, 80, 388, 6),
(5018, 422, 3, 9, 0, NULL, NULL, 95, 446, 6),
(5019, 426, 3, 19, 0, NULL, NULL, 65, 326, 29),
(5020, 416, 3, 25, 0, NULL, NULL, 81, 390, 351),
(5021, 422, 3, 9, -1, NULL, 9, 97, 455, 16),
(5022, 426, 3, 19, 0, NULL, NULL, 67, 334, 17),
(5023, 426, 3, 16, 0, NULL, NULL, 68, 339, 8),
(5024, 426, 3, 16, 0, NULL, NULL, 69, 342, 13),
(5025, 406, 3, 9, -1, NULL, 9, 92, 436, 82),
(5026, 427, 3, 19, -1, NULL, 19, 62, 314, 55),
(5027, 414, 3, 25, 0, NULL, NULL, 82, 395, 60),
(5028, 406, 3, 9, 0, NULL, NULL, 94, 443, 17),
(5029, 424, 1, 11, -1, NULL, 11, 16, 123, 405),
(5030, 417, 3, 25, 0, NULL, NULL, 83, 398, 105),
(5031, 426, 3, 16, 0, NULL, NULL, 71, 350, 38),
(5032, 406, 3, 9, 0, NULL, NULL, 95, 446, 19),
(5033, 418, 3, 21, -1, NULL, 21, 79, 385, 105),
(5034, 414, 3, 25, -1, NULL, 25, 83, 400, 35),
(5035, 426, 3, 16, 0, NULL, NULL, 73, 358, 19),
(5036, 427, 3, 19, 0, NULL, NULL, 64, 323, 51),
(5037, 417, 3, 25, -1, NULL, 25, 85, 408, 23),
(5038, 426, 3, 21, 0, NULL, NULL, 74, 363, 6),
(5039, 406, 3, 9, 0, NULL, NULL, 97, 454, 35),
(5040, 426, 3, 21, 0, NULL, NULL, 75, 366, 15),
(5041, 417, 3, 22, 0, NULL, NULL, 86, 411, 28),
(5042, 414, 3, 25, 0, NULL, NULL, 84, 403, 43),
(5043, 417, 3, 22, -1, NULL, 22, 87, 415, 5),
(5044, 414, 3, 25, -1, NULL, 25, 85, 408, 5),
(5045, 426, 3, 21, 0, NULL, NULL, 77, 374, 22),
(5046, 411, 3, 21, -1, NULL, 21, 79, 383, 261),
(5047, 414, 3, 22, 0, NULL, NULL, 86, 411, 26),
(5048, 428, 1, 1, 0, NULL, NULL, 1, 4, 59),
(5049, 430, 3, 20, 0, NULL, NULL, 56, 291, 31),
(5050, 426, 3, 21, 0, NULL, NULL, 79, 382, 32),
(5051, 430, 3, 20, 0, NULL, NULL, 57, 294, 4),
(5052, 428, 1, 3, 0, NULL, NULL, 3, 15, 11),
(5053, 427, 3, 19, -1, NULL, 19, 65, 327, 79),
(5054, 430, 3, 20, -1, NULL, 20, 59, 303, 5),
(5055, 416, 3, 25, -1, NULL, 25, 83, 401, 174),
(5056, 430, 3, 20, -1, NULL, 20, 60, 306, 4),
(5057, 417, 3, 22, -1, NULL, 22, 88, 418, 56),
(5058, 430, 3, 19, 0, NULL, NULL, 62, 315, 4),
(5059, 427, 3, 19, 0, NULL, NULL, 66, 331, 4),
(5060, 430, 3, 19, 0, NULL, NULL, 63, 318, 5),
(5061, 414, 3, 22, -1, NULL, 22, 87, 416, 37),
(5062, 430, 3, 19, -1, NULL, 19, 65, 327, 3),
(5063, 424, 1, 17, 0, NULL, NULL, 18, 134, 137),
(5064, 431, 1, 1, -1, NULL, 1, 1, 1, 37),
(5065, 426, 3, 25, 0, NULL, NULL, 80, 387, 33),
(5066, 427, 3, 19, 0, NULL, NULL, 67, 334, 15),
(5067, 417, 3, 22, -1, NULL, 22, 90, 426, 21),
(5068, 416, 3, 25, 0, NULL, NULL, 84, 403, 26),
(5069, 418, 3, 25, -1, NULL, 25, 80, 388, 131),
(5070, 431, 1, 4, -1, NULL, 4, 2, 8, 11),
(5071, 426, 3, 25, 0, NULL, NULL, 81, 390, 11),
(5072, 417, 3, 9, -1, NULL, 9, 92, 434, 9),
(5073, 426, 3, 25, 0, NULL, NULL, 83, 398, 3),
(5074, 411, 3, 25, 0, NULL, NULL, 80, 387, 64),
(5075, 424, 1, 12, 0, NULL, NULL, 19, 141, 25),
(5076, 417, 3, 9, -1, NULL, 9, 94, 442, 9),
(5077, 418, 3, 25, -1, NULL, 25, 82, 397, 18),
(5078, 426, 3, 25, 0, NULL, NULL, 85, 406, 13),
(5079, 418, 3, 25, -1, NULL, 25, 84, 405, 11),
(5080, 426, 3, 22, 0, NULL, NULL, 86, 411, 6),
(5081, 431, 1, 3, -1, NULL, 3, 6, 51, 25),
(5082, 417, 3, 9, 0, NULL, NULL, 96, 451, 19),
(5083, 418, 3, 22, -1, NULL, 22, 86, 410, 8),
(5084, 426, 3, 22, 0, NULL, NULL, 87, 414, 8),
(5085, 411, 3, 25, -1, NULL, 25, 81, 392, 28),
(5086, 426, 3, 22, 0, NULL, NULL, 89, 422, 4),
(5087, 417, 3, 9, -1, NULL, 9, 97, 455, 8),
(5088, 424, 1, 18, 0, NULL, NULL, 20, 149, 30),
(5089, 427, 3, 16, -1, NULL, 16, 68, 338, 54),
(5090, 426, 3, 22, 0, NULL, NULL, 91, 430, 8),
(5091, 431, 1, 13, -1, NULL, 12, 8, 66, 22),
(5092, 426, 3, 9, -1, NULL, 9, 92, 434, 4),
(5093, 418, 3, 22, -1, NULL, 22, 88, 420, 19),
(5094, 427, 3, 16, -1, NULL, 16, 70, 346, 12),
(5095, 426, 3, 9, -1, NULL, 9, 94, 442, 5),
(5096, 431, 1, 11, -1, NULL, 16, 10, 76, 10),
(5097, 411, 3, 25, -1, NULL, 25, 82, 394, 27),
(5098, 427, 3, 16, -1, NULL, 16, 72, 354, 11),
(5099, 426, 3, 9, 0, NULL, NULL, 96, 451, 10),
(5100, 426, 3, 9, 0, NULL, NULL, 97, 454, 4),
(5101, 418, 3, 22, -1, NULL, 22, 90, 426, 22),
(5102, 418, 3, 9, -1, NULL, 9, 92, 434, 6),
(5103, 414, 3, 22, -1, NULL, 22, 88, 418, 103),
(5104, 411, 3, 25, -1, NULL, 25, 84, 404, 25),
(5105, 416, 3, 25, 0, NULL, NULL, 85, 406, 96),
(5106, 427, 3, 21, -1, NULL, 21, 74, 362, 19),
(5107, 431, 1, 12, -1, NULL, 13, 11, 81, 30),
(5108, 427, 3, 21, -1, NULL, 21, 76, 373, 5),
(5109, 427, 3, 21, -1, NULL, 21, 78, 381, 5),
(5110, 425, 3, 20, 0, NULL, NULL, 59, 302, 376),
(5111, 431, 1, 3, -1, NULL, 3, 12, 88, 16),
(5112, 414, 3, 22, -1, NULL, 22, 90, 426, 32),
(5113, 427, 3, 25, -1, NULL, 25, 80, 388, 18),
(5114, 431, 1, 5, -1, NULL, 5, 13, 102, 8),
(5115, 429, 1, 1, 0, NULL, NULL, 1, 4, 223),
(5116, 416, 3, 22, 0, NULL, NULL, 86, 411, 27),
(5117, 427, 3, 25, -1, NULL, 25, 82, 397, 6),
(5118, 411, 3, 22, 0, NULL, NULL, 86, 411, 43),
(5119, 429, 1, 3, -1, NULL, 3, 3, 19, 10),
(5120, 427, 3, 25, -1, NULL, 25, 84, 405, 5),
(5121, 427, 3, 22, -1, NULL, 22, 86, 410, 5),
(5122, 425, 3, 20, -1, NULL, 20, 61, 311, 34),
(5123, 427, 3, 22, 0, NULL, NULL, 88, 419, 16),
(5124, 411, 3, 22, 0, NULL, NULL, 87, 414, 26),
(5125, 414, 3, 9, 0, NULL, NULL, 92, 435, 47),
(5126, 427, 3, 22, -1, NULL, 22, 89, 424, 9),
(5127, 428, 1, 5, 0, NULL, NULL, 4, 26, 212),
(5128, 427, 3, 22, -1, NULL, 22, 90, 429, 7),
(5129, 429, 1, 3, 0, NULL, NULL, 6, 52, 50),
(5130, 427, 3, 9, -1, NULL, 9, 92, 434, 10),
(5131, 411, 3, 22, 0, NULL, NULL, 89, 422, 28),
(5132, 418, 3, 9, -1, NULL, 9, 94, 442, 115),
(5133, 425, 3, 19, -1, NULL, 19, 62, 314, 58),
(5134, 427, 3, 9, 0, NULL, NULL, 94, 443, 14),
(5135, 418, 3, 9, 0, NULL, NULL, 96, 451, 11),
(5136, 427, 3, 9, 0, NULL, NULL, 95, 446, 15),
(5137, 427, 3, 9, -1, NULL, 9, 97, 455, 9),
(5138, 411, 3, 22, 0, NULL, NULL, 91, 430, 44),
(5139, 428, 1, 13, 0, NULL, NULL, 8, 65, 73),
(5140, 424, 1, 11, 0, NULL, NULL, 21, 155, 203),
(5141, 418, 3, 9, 0, NULL, NULL, 97, 454, 37),
(5142, 429, 1, 13, 0, NULL, NULL, 8, 65, 65),
(5143, 414, 3, 9, -1, NULL, 9, 93, 440, 106),
(5144, 414, 3, 9, 0, NULL, NULL, 94, 443, 7),
(5145, 414, 3, 9, 0, NULL, NULL, 95, 446, 12),
(5146, 414, 3, 9, 0, NULL, NULL, 97, 454, 29),
(5147, 416, 3, 22, -1, NULL, 22, 87, 415, 201),
(5148, 429, 1, 10, -1, NULL, 10, 7, 59, 76);
INSERT INTO `resultado` (`cod_resultado`, `cod_usuario`, `cod_tst`, `cod_conceito`, `score`, `certeza_score`, `motivo`, `cod_perg`, `cod_item`, `tempo`) VALUES
(5149, 411, 3, 9, 0, NULL, NULL, 92, 435, 98),
(5150, 429, 1, 11, -1, NULL, 16, 10, 78, 27),
(5151, 411, 3, 9, 0, NULL, NULL, 93, 438, 44),
(5152, 424, 1, 1, -1, NULL, 1, 98, 464, 136),
(5153, 425, 3, 19, 0, NULL, NULL, 64, 323, 190),
(5154, 416, 3, 22, -1, NULL, 22, 88, 418, 64),
(5155, 411, 3, 9, 0, NULL, NULL, 95, 446, 21),
(5156, 411, 3, 9, -1, NULL, 9, 97, 455, 15),
(5157, 416, 3, 22, 0, NULL, NULL, 90, 427, 26),
(5158, 428, 1, 10, -1, NULL, 10, 7, 57, 179),
(5159, 433, 1, 1, 0, NULL, NULL, 1, 4, 55),
(5160, 416, 3, 22, 0, NULL, NULL, 91, 430, 36),
(5161, 433, 1, 3, -1, NULL, 3, 3, 14, 16),
(5162, 416, 3, 9, -1, NULL, 9, 92, 434, 11),
(5163, 424, 1, 5, 0, NULL, NULL, 102, 484, 97),
(5164, 425, 3, 19, 0, NULL, NULL, 65, 326, 88),
(5165, 416, 3, 9, 0, NULL, NULL, 94, 443, 11),
(5166, 433, 1, 3, -1, NULL, 3, 6, 51, 28),
(5167, 428, 1, 11, 0, NULL, NULL, 10, 79, 74),
(5168, 416, 3, 9, 0, NULL, NULL, 95, 446, 26),
(5169, 433, 1, 13, -1, NULL, 2, 8, 68, 29),
(5170, 425, 3, 19, 0, NULL, NULL, 67, 334, 45),
(5171, 429, 1, 12, -1, NULL, 10, 11, 83, 174),
(5172, 433, 1, 11, -1, NULL, 16, 10, 78, 34),
(5173, 433, 1, 12, -1, NULL, 12, 11, 82, 29),
(5174, 424, 1, 25, 0, NULL, NULL, 103, 491, 112),
(5175, 429, 1, 3, -1, NULL, 3, 12, 92, 74),
(5176, 424, 1, 27, 0, NULL, NULL, 104, 497, 14),
(5177, 428, 1, 12, 0, NULL, NULL, 11, 84, 124),
(5178, 433, 1, 3, 0, NULL, NULL, 12, 91, 51),
(5179, 424, 1, 27, 0, NULL, NULL, 105, 503, 69),
(5180, 416, 3, 9, 0, NULL, NULL, 97, 454, 171),
(5181, 429, 1, 5, -1, NULL, 5, 13, 96, 84),
(5182, 433, 1, 5, -1, NULL, 5, 13, 97, 46),
(5183, 425, 3, 16, 0, NULL, NULL, 68, 339, 190),
(5184, 429, 1, 8, -1, NULL, 1, 14, 107, 28),
(5185, 433, 1, 8, -1, NULL, 1, 14, 107, 29),
(5186, 424, 1, 12, 0, NULL, NULL, 107, 515, 52),
(5187, 429, 1, 12, -1, NULL, 2, 15, 125, 30),
(5188, 433, 1, 12, -1, NULL, 13, 15, 115, 40),
(5189, 433, 1, 11, -1, NULL, 11, 16, 122, 28),
(5190, 425, 3, 16, 0, NULL, NULL, 69, 342, 78),
(5191, 424, 1, 11, 0, NULL, NULL, 106, 508, 84),
(5192, 433, 1, 17, -1, NULL, 17, 18, 132, 37),
(5193, 428, 1, 11, 0, NULL, NULL, 9, 72, 209),
(5194, 424, 1, 26, 0, NULL, NULL, 23, 161, 21),
(5195, 424, 1, 26, 0, NULL, NULL, 24, 164, 21),
(5196, 424, 1, 26, 0, NULL, NULL, 26, 172, 11),
(5197, 425, 3, 16, 0, NULL, NULL, 71, 350, 80),
(5198, 424, 1, 26, 0, NULL, NULL, 55, 286, 10),
(5199, 428, 1, 3, -1, NULL, 3, 12, 92, 52),
(5200, 433, 1, 12, -1, NULL, 12, 19, 142, 60),
(5201, 434, 1, 1, 0, NULL, NULL, 1, 4, 51),
(5202, 433, 1, 18, -1, NULL, 12, 20, 148, 27),
(5203, 434, 1, 3, 0, NULL, NULL, 3, 15, 12),
(5204, 433, 1, 11, -1, NULL, 2, 21, 159, 15),
(5205, 425, 3, 16, 0, NULL, NULL, 73, 358, 91),
(5206, 433, 1, 1, -1, NULL, 1, 98, 463, 67),
(5207, 433, 1, 3, -1, NULL, 3, 101, 481, 7),
(5208, 433, 1, 5, -1, NULL, 5, 102, 489, 33),
(5209, 435, 1, 1, 0, NULL, NULL, 1, 4, 67),
(5210, 433, 1, 25, -1, NULL, 25, 103, 490, 29),
(5211, 433, 1, 27, -1, NULL, 27, 104, 501, 7),
(5212, 425, 3, 21, 0, NULL, NULL, 74, 363, 115),
(5213, 433, 1, 11, -1, NULL, 11, 106, 513, 12),
(5214, 435, 1, 3, 0, NULL, NULL, 3, 15, 31),
(5215, 428, 1, 5, -1, NULL, 5, 13, 95, 217),
(5216, 433, 1, 26, -1, NULL, 11, 23, 163, 9),
(5217, 433, 1, 26, -1, NULL, 26, 25, 168, 14),
(5218, 433, 1, 26, 0, NULL, NULL, 27, 177, 6),
(5219, 433, 1, 26, 0, NULL, NULL, 55, 286, 7),
(5220, 425, 3, 21, 0, NULL, NULL, 75, 366, 60),
(5221, 429, 1, 11, -1, NULL, 9, 16, 119, 415),
(5222, 428, 1, 8, 0, NULL, NULL, 14, 104, 79),
(5223, 429, 1, 2, -1, NULL, 13, 17, 127, 55),
(5224, 425, 3, 21, 0, NULL, NULL, 77, 374, 79),
(5225, 435, 1, 5, -1, NULL, 5, 4, 24, 129),
(5226, 429, 1, 17, -1, NULL, 17, 18, 132, 88),
(5227, 428, 1, 12, -1, NULL, 12, 15, 114, 162),
(5228, 429, 1, 12, -1, NULL, 12, 19, 142, 61),
(5229, 429, 1, 18, -1, NULL, 12, 20, 150, 19),
(5230, 435, 1, 13, -1, NULL, 9, 8, 64, 181),
(5231, 429, 1, 11, -1, NULL, 2, 21, 159, 18),
(5232, 435, 1, 11, -1, NULL, 16, 10, 78, 47),
(5233, 429, 1, 1, -1, NULL, 1, 98, 464, 66),
(5234, 434, 1, 5, 0, NULL, NULL, 4, 26, 18),
(5235, 429, 1, 5, -1, NULL, 5, 102, 489, 28),
(5236, 429, 1, 25, -1, NULL, 2, 103, 493, 39),
(5237, 429, 1, 27, -1, NULL, 27, 104, 501, 12),
(5238, 429, 1, 11, 0, NULL, NULL, 106, 508, 6),
(5239, 425, 3, 21, -1, NULL, 21, 79, 383, 364),
(5240, 434, 1, 13, 0, NULL, NULL, 8, 65, 144),
(5241, 429, 1, 26, 0, NULL, NULL, 23, 161, 67),
(5242, 428, 1, 11, 0, NULL, NULL, 16, 121, 281),
(5243, 425, 3, 25, 0, NULL, NULL, 80, 387, 74),
(5244, 429, 1, 26, 0, NULL, NULL, 24, 164, 27),
(5245, 429, 1, 26, -1, NULL, 26, 26, 174, 4),
(5246, 429, 1, 26, -1, NULL, 26, 27, 176, 10),
(5247, 435, 1, 12, -1, NULL, 13, 11, 81, 228),
(5248, 435, 1, 3, -1, NULL, 3, 12, 92, 47),
(5249, 428, 1, 2, -1, NULL, 13, 17, 127, 123),
(5250, 425, 3, 25, -1, NULL, 25, 81, 393, 130),
(5251, 425, 3, 25, -1, NULL, 25, 82, 394, 28),
(5252, 425, 3, 25, -1, NULL, 25, 84, 405, 10),
(5253, 425, 3, 22, -1, NULL, 22, 86, 410, 7),
(5254, 428, 1, 17, -1, NULL, 17, 18, 135, 87),
(5255, 425, 3, 22, 0, NULL, NULL, 88, 419, 43),
(5256, 428, 1, 12, -1, NULL, 13, 19, 139, 62),
(5257, 425, 3, 22, 0, NULL, NULL, 89, 422, 36),
(5258, 425, 3, 22, 0, NULL, NULL, 91, 430, 44),
(5259, 428, 1, 18, -1, NULL, 18, 20, 145, 54),
(5260, 425, 3, 9, -1, NULL, 9, 92, 434, 11),
(5261, 425, 3, 9, -1, NULL, 9, 94, 442, 8),
(5262, 425, 3, 9, -1, NULL, 9, 96, 450, 19),
(5263, 435, 1, 5, -1, NULL, 5, 13, 96, 334),
(5264, 428, 1, 11, -1, NULL, 11, 21, 153, 108),
(5265, 434, 1, 10, -1, NULL, 10, 7, 57, 478),
(5266, 435, 1, 8, -1, NULL, 1, 14, 107, 66),
(5267, 435, 1, 12, 0, NULL, NULL, 15, 116, 45),
(5268, 404, 1, 6, -1, NULL, 6, 5, 29, 41),
(5269, 435, 1, 11, -1, NULL, 9, 16, 120, 76),
(5270, 434, 1, 11, 0, NULL, NULL, 10, 79, 158),
(5271, 404, 1, 3, 0, NULL, NULL, 6, 52, 56),
(5272, 435, 1, 2, 0, NULL, NULL, 17, 126, 44),
(5273, 428, 1, 1, -1, NULL, 1, 98, 458, 228),
(5274, 404, 1, 13, 0, NULL, NULL, 8, 65, 33),
(5275, 428, 1, 3, 0, NULL, NULL, 99, 466, 19),
(5276, 434, 1, 12, 0, NULL, NULL, 11, 84, 93),
(5277, 428, 1, 5, 0, NULL, NULL, 102, 484, 87),
(5278, 428, 1, 25, -1, NULL, 11, 103, 492, 62),
(5279, 428, 1, 27, 0, NULL, NULL, 104, 497, 45),
(5280, 436, 1, 1, 0, NULL, NULL, 1, 4, 35),
(5281, 436, 1, 3, 0, NULL, NULL, 3, 15, 8),
(5282, 428, 1, 27, 0, NULL, NULL, 105, 503, 78),
(5283, 436, 1, 5, -1, NULL, 5, 4, 22, 55),
(5284, 430, 3, 19, 0, NULL, NULL, 66, 331, 31),
(5285, 430, 3, 19, 0, NULL, NULL, 67, 334, 17),
(5286, 404, 1, 10, -1, NULL, 10, 7, 57, 356),
(5287, 430, 3, 16, 0, NULL, NULL, 68, 339, 14),
(5288, 436, 1, 13, 0, NULL, NULL, 8, 65, 41),
(5289, 430, 3, 16, 0, NULL, NULL, 69, 342, 21),
(5290, 404, 1, 11, 0, NULL, NULL, 10, 79, 31),
(5291, 428, 1, 12, -1, NULL, 12, 107, 514, 126),
(5292, 430, 3, 16, 0, NULL, NULL, 71, 350, 35),
(5293, 430, 3, 16, 0, NULL, NULL, 73, 358, 16),
(5294, 434, 1, 11, -1, NULL, 13, 9, 69, 400),
(5295, 430, 3, 21, 0, NULL, NULL, 74, 363, 54),
(5296, 436, 1, 10, 0, NULL, NULL, 7, 60, 125),
(5297, 430, 3, 21, 0, NULL, NULL, 75, 366, 21),
(5298, 434, 1, 3, -1, NULL, 3, 12, 92, 63),
(5299, 436, 1, 11, -1, NULL, 16, 10, 78, 27),
(5300, 404, 1, 12, 0, NULL, NULL, 11, 84, 141),
(5301, 428, 1, 11, 0, NULL, NULL, 106, 508, 118),
(5302, 430, 3, 21, 0, NULL, NULL, 77, 374, 27),
(5303, 430, 3, 21, 0, NULL, NULL, 79, 382, 28),
(5304, 436, 1, 12, -1, NULL, 13, 11, 81, 56),
(5305, 430, 3, 25, 0, NULL, NULL, 80, 387, 24),
(5306, 430, 3, 25, 0, NULL, NULL, 81, 390, 10),
(5307, 436, 1, 3, -1, NULL, 3, 12, 93, 31),
(5308, 430, 3, 25, -1, NULL, 25, 83, 399, 17),
(5309, 428, 1, 26, 0, NULL, NULL, 23, 161, 93),
(5310, 430, 3, 25, 0, NULL, NULL, 84, 403, 12),
(5311, 430, 3, 25, 0, NULL, NULL, 85, 406, 5),
(5312, 430, 3, 22, 0, NULL, NULL, 86, 411, 6),
(5313, 428, 1, 26, 0, NULL, NULL, 24, 164, 24),
(5314, 436, 1, 8, -1, NULL, 1, 14, 107, 46),
(5315, 430, 3, 22, 0, NULL, NULL, 87, 414, 27),
(5316, 434, 1, 5, 0, NULL, NULL, 13, 99, 163),
(5317, 430, 3, 22, 0, NULL, NULL, 89, 422, 9),
(5318, 430, 3, 22, 0, NULL, NULL, 91, 430, 6),
(5319, 404, 1, 11, 0, NULL, NULL, 9, 72, 168),
(5320, 430, 3, 9, 0, NULL, NULL, 92, 435, 5),
(5321, 430, 3, 9, 0, NULL, NULL, 93, 438, 14),
(5322, 430, 3, 9, 0, NULL, NULL, 95, 446, 5),
(5323, 404, 1, 3, 0, NULL, NULL, 12, 91, 25),
(5324, 430, 3, 9, 0, NULL, NULL, 97, 454, 10),
(5325, 428, 1, 26, 0, NULL, NULL, 26, 172, 80),
(5326, 428, 1, 26, 0, NULL, NULL, 55, 286, 15),
(5327, 404, 1, 5, 0, NULL, NULL, 13, 99, 51),
(5328, 434, 1, 8, 0, NULL, NULL, 14, 104, 97),
(5329, 437, 1, 1, 0, NULL, NULL, 1, 4, 13),
(5330, 437, 1, 3, 0, NULL, NULL, 3, 15, 6),
(5331, 404, 1, 8, -1, NULL, 12, 14, 106, 33),
(5332, 437, 1, 5, 0, NULL, NULL, 4, 26, 14),
(5333, 437, 1, 13, 0, NULL, NULL, 8, 65, 64),
(5334, 437, 1, 10, 0, NULL, NULL, 7, 60, 70),
(5335, 434, 1, 12, -1, NULL, 12, 15, 110, 196),
(5336, 437, 1, 11, 0, NULL, NULL, 10, 79, 29),
(5337, 436, 1, 12, -1, NULL, 12, 15, 124, 321),
(5338, 437, 1, 12, 0, NULL, NULL, 11, 84, 27),
(5339, 437, 1, 11, 0, NULL, NULL, 9, 72, 41),
(5340, 437, 1, 3, 0, NULL, NULL, 12, 91, 19),
(5341, 437, 1, 5, 0, NULL, NULL, 13, 99, 12),
(5342, 437, 1, 8, 0, NULL, NULL, 14, 104, 63),
(5343, 437, 1, 12, 0, NULL, NULL, 15, 116, 46),
(5344, 434, 1, 11, 0, NULL, NULL, 16, 121, 400),
(5345, 438, 3, 20, 0, NULL, NULL, 56, 291, 29),
(5346, 438, 3, 20, 0, NULL, NULL, 57, 294, 9),
(5347, 437, 1, 11, 0, NULL, NULL, 16, 121, 277),
(5348, 438, 3, 20, 0, NULL, NULL, 59, 302, 26),
(5349, 438, 3, 20, 0, NULL, NULL, 61, 310, 58),
(5350, 438, 3, 19, 0, NULL, NULL, 62, 315, 10),
(5351, 437, 1, 2, -1, NULL, 10, 17, 129, 85),
(5352, 438, 3, 19, 0, NULL, NULL, 63, 318, 7),
(5353, 438, 3, 19, 0, NULL, NULL, 65, 326, 7),
(5354, 438, 3, 19, 0, NULL, NULL, 67, 334, 10),
(5355, 438, 3, 16, 0, NULL, NULL, 68, 339, 8),
(5356, 437, 1, 17, 0, NULL, NULL, 18, 134, 34),
(5357, 438, 3, 16, 0, NULL, NULL, 69, 342, 7),
(5358, 438, 3, 16, 0, NULL, NULL, 71, 350, 5),
(5359, 437, 1, 12, 0, NULL, NULL, 19, 141, 18),
(5360, 438, 3, 16, 0, NULL, NULL, 73, 358, 10),
(5361, 438, 3, 21, 0, NULL, NULL, 74, 363, 8),
(5362, 438, 3, 21, 0, NULL, NULL, 75, 366, 8),
(5363, 437, 1, 18, 0, NULL, NULL, 20, 149, 22),
(5364, 438, 3, 21, 0, NULL, NULL, 77, 374, 5),
(5365, 438, 3, 21, 0, NULL, NULL, 79, 382, 4),
(5366, 437, 1, 11, 0, NULL, NULL, 21, 155, 10),
(5367, 438, 3, 25, 0, NULL, NULL, 80, 387, 5),
(5368, 434, 1, 2, -1, NULL, 13, 17, 127, 274),
(5369, 438, 3, 25, 0, NULL, NULL, 81, 390, 4),
(5370, 438, 3, 25, 0, NULL, NULL, 83, 398, 6),
(5371, 437, 1, 1, 0, NULL, NULL, 98, 460, 20),
(5372, 437, 1, 3, 0, NULL, NULL, 100, 473, 7),
(5373, 438, 3, 25, 0, NULL, NULL, 85, 406, 20),
(5374, 437, 1, 5, 0, NULL, NULL, 102, 484, 13),
(5375, 438, 3, 22, 0, NULL, NULL, 86, 411, 8),
(5376, 438, 3, 22, 0, NULL, NULL, 87, 414, 5),
(5377, 438, 3, 22, 0, NULL, NULL, 89, 422, 4),
(5378, 437, 1, 25, 0, NULL, NULL, 103, 491, 18),
(5379, 437, 1, 27, 0, NULL, NULL, 104, 497, 9),
(5380, 438, 3, 22, 0, NULL, NULL, 91, 430, 17),
(5381, 437, 1, 27, 0, NULL, NULL, 105, 503, 10),
(5382, 438, 3, 9, 0, NULL, NULL, 92, 435, 9),
(5383, 437, 1, 12, 0, NULL, NULL, 107, 515, 10),
(5384, 438, 3, 9, 0, NULL, NULL, 93, 438, 8),
(5385, 438, 3, 9, 0, NULL, NULL, 95, 446, 5),
(5386, 438, 3, 9, 0, NULL, NULL, 97, 454, 4),
(5387, 437, 1, 11, 0, NULL, NULL, 106, 508, 17),
(5388, 437, 1, 26, 0, NULL, NULL, 23, 161, 10),
(5389, 437, 1, 26, 0, NULL, NULL, 24, 164, 11),
(5390, 437, 1, 26, 0, NULL, NULL, 26, 172, 8),
(5391, 437, 1, 26, 0, NULL, NULL, 55, 286, 6),
(5392, 434, 1, 17, -1, NULL, 17, 18, 136, 183),
(5393, 439, 3, 20, -1, NULL, 20, 56, 290, 2),
(5394, 439, 3, 20, -1, NULL, 20, 58, 300, 2),
(5395, 439, 3, 20, -1, NULL, 20, 60, 309, 3),
(5396, 439, 3, 19, -1, NULL, 19, 62, 314, 2),
(5397, 439, 3, 19, -1, NULL, 19, 64, 324, 2),
(5398, 439, 3, 19, -1, NULL, 19, 66, 333, 2),
(5399, 439, 3, 16, 0, NULL, NULL, 68, 339, 2),
(5400, 439, 3, 16, 0, NULL, NULL, 69, 342, 1),
(5401, 439, 3, 16, 0, NULL, NULL, 71, 350, 1),
(5402, 439, 3, 16, 0, NULL, NULL, 73, 358, 2),
(5403, 439, 3, 21, -1, NULL, 21, 74, 364, 2),
(5404, 439, 3, 21, -1, NULL, 21, 76, 372, 3),
(5405, 439, 3, 21, -1, NULL, 21, 78, 378, 3),
(5406, 439, 3, 25, -1, NULL, 25, 80, 389, 3),
(5407, 439, 3, 25, 0, NULL, NULL, 82, 395, 1),
(5408, 439, 3, 25, 0, NULL, NULL, 83, 398, 1),
(5409, 439, 3, 25, -1, NULL, 25, 85, 407, 1),
(5410, 439, 3, 22, -1, NULL, 22, 86, 410, 1),
(5411, 439, 3, 22, -1, NULL, 22, 88, 420, 1),
(5412, 439, 3, 22, -1, NULL, 22, 90, 429, 1),
(5413, 439, 3, 9, -1, NULL, 9, 92, 436, 1),
(5414, 439, 3, 9, -1, NULL, 9, 94, 445, 1),
(5415, 439, 3, 9, -1, NULL, 9, 96, 452, 2),
(5416, 434, 1, 12, 0, NULL, NULL, 19, 141, 83),
(5417, 440, 1, 1, 0, NULL, NULL, 1, 4, 8),
(5418, 440, 1, 3, 0, NULL, NULL, 3, 15, 5),
(5419, 440, 1, 5, 0, NULL, NULL, 4, 26, 6),
(5420, 440, 1, 13, 0, NULL, NULL, 8, 65, 6),
(5421, 440, 1, 10, 0, NULL, NULL, 7, 60, 5),
(5422, 440, 1, 11, 0, NULL, NULL, 10, 79, 6),
(5423, 440, 1, 12, 0, NULL, NULL, 11, 84, 9),
(5424, 440, 1, 11, 0, NULL, NULL, 9, 72, 9),
(5425, 440, 1, 3, 0, NULL, NULL, 12, 91, 6),
(5426, 434, 1, 18, 0, NULL, NULL, 20, 149, 81),
(5427, 440, 1, 5, 0, NULL, NULL, 13, 99, 6),
(5428, 440, 1, 8, 0, NULL, NULL, 14, 104, 11),
(5429, 440, 1, 12, 0, NULL, NULL, 15, 116, 9),
(5430, 440, 1, 11, 0, NULL, NULL, 16, 121, 10),
(5431, 440, 1, 2, 0, NULL, NULL, 17, 126, 23),
(5432, 440, 1, 17, 0, NULL, NULL, 18, 134, 16),
(5433, 440, 1, 12, 0, NULL, NULL, 19, 141, 7),
(5434, 440, 1, 18, 0, NULL, NULL, 20, 149, 16),
(5435, 440, 1, 11, 0, NULL, NULL, 21, 155, 5),
(5436, 440, 1, 1, 0, NULL, NULL, 98, 460, 15),
(5437, 440, 1, 3, 0, NULL, NULL, 100, 473, 3),
(5438, 440, 1, 5, 0, NULL, NULL, 102, 484, 6),
(5439, 440, 1, 25, 0, NULL, NULL, 103, 491, 5),
(5440, 440, 1, 27, 0, NULL, NULL, 104, 497, 5),
(5441, 440, 1, 27, 0, NULL, NULL, 105, 503, 8),
(5442, 440, 1, 12, 0, NULL, NULL, 107, 515, 4),
(5443, 440, 1, 11, 0, NULL, NULL, 106, 508, 5),
(5444, 440, 1, 26, 0, NULL, NULL, 23, 161, 4),
(5445, 440, 1, 26, 0, NULL, NULL, 24, 164, 6),
(5446, 440, 1, 26, 0, NULL, NULL, 26, 172, 4),
(5447, 440, 1, 26, 0, NULL, NULL, 55, 286, 5),
(5448, 404, 1, 12, 0, NULL, NULL, 15, 116, 1922),
(5449, 404, 1, 11, -1, NULL, 9, 16, 119, 113),
(5450, 404, 1, 2, -1, NULL, 10, 17, 129, 77),
(5451, 404, 1, 17, 0, NULL, NULL, 18, 134, 51),
(5452, 404, 1, 12, 0, NULL, NULL, 19, 141, 21),
(5453, 434, 1, 11, -1, NULL, 11, 21, 158, 1020),
(5454, 404, 1, 18, 0, NULL, NULL, 20, 149, 167),
(5455, 434, 1, 1, 0, NULL, NULL, 98, 460, 148),
(5456, 434, 1, 3, 0, NULL, NULL, 100, 473, 203),
(5457, 434, 1, 5, 0, NULL, NULL, 102, 484, 38),
(5458, 404, 1, 11, -1, NULL, 11, 21, 156, 314),
(5459, 434, 1, 25, 0, NULL, NULL, 103, 491, 657),
(5460, 434, 1, 27, -1, NULL, 27, 104, 496, 234),
(5461, 434, 1, 11, -1, NULL, 11, 106, 509, 104),
(5462, 434, 1, 26, -1, NULL, 26, 23, 160, 55),
(5463, 434, 1, 26, 0, NULL, NULL, 25, 169, 102),
(5464, 434, 1, 26, 0, NULL, NULL, 26, 172, 78),
(5465, 434, 1, 26, 0, NULL, NULL, 55, 286, 50),
(5466, 404, 1, 1, -1, NULL, 28, 98, 461, 977),
(5467, 404, 1, 5, 0, NULL, NULL, 102, 484, 45),
(5468, 404, 1, 25, 0, NULL, NULL, 103, 491, 31),
(5469, 404, 1, 27, 0, NULL, NULL, 104, 497, 29),
(5470, 404, 1, 27, 0, NULL, NULL, 105, 503, 36),
(5471, 404, 1, 12, 0, NULL, NULL, 107, 515, 17),
(5472, 404, 1, 11, 0, NULL, NULL, 106, 508, 36),
(5473, 404, 1, 26, 0, NULL, NULL, 23, 161, 11),
(5474, 404, 1, 26, 0, NULL, NULL, 24, 164, 12),
(5475, 404, 1, 26, 0, NULL, NULL, 26, 172, 15),
(5476, 404, 1, 26, 0, NULL, NULL, 55, 286, 12),
(5477, 441, 3, 20, 0, NULL, NULL, 56, 291, 24),
(5478, 441, 3, 20, 0, NULL, NULL, 57, 294, 9),
(5479, 441, 3, 20, 0, NULL, NULL, 59, 302, 10),
(5480, 441, 3, 20, 0, NULL, NULL, 61, 310, 6),
(5481, 441, 3, 19, 0, NULL, NULL, 62, 315, 26),
(5482, 441, 3, 19, 0, NULL, NULL, 63, 318, 14),
(5483, 441, 3, 19, 0, NULL, NULL, 65, 326, 10),
(5484, 441, 3, 19, 0, NULL, NULL, 67, 334, 10),
(5485, 441, 3, 16, -1, NULL, 16, 68, 338, 6),
(5486, 441, 3, 16, 0, NULL, NULL, 70, 347, 6),
(5487, 441, 3, 16, 0, NULL, NULL, 71, 350, 29),
(5488, 441, 3, 16, 0, NULL, NULL, 73, 358, 11),
(5489, 441, 3, 21, 0, NULL, NULL, 74, 363, 12),
(5490, 441, 3, 21, 0, NULL, NULL, 75, 366, 9),
(5491, 441, 3, 21, 0, NULL, NULL, 77, 374, 27),
(5492, 441, 3, 21, -1, NULL, 21, 79, 383, 34),
(5493, 441, 3, 25, 0, NULL, NULL, 80, 387, 11),
(5494, 441, 3, 25, 0, NULL, NULL, 81, 390, 5),
(5495, 441, 3, 25, 0, NULL, NULL, 83, 398, 15),
(5496, 441, 3, 25, 0, NULL, NULL, 85, 406, 12),
(5497, 441, 3, 22, 0, NULL, NULL, 86, 411, 3),
(5498, 441, 3, 22, 0, NULL, NULL, 87, 414, 15),
(5499, 441, 3, 22, 0, NULL, NULL, 89, 422, 4),
(5500, 441, 3, 22, 0, NULL, NULL, 91, 430, 5),
(5501, 441, 3, 9, 0, NULL, NULL, 92, 435, 5),
(5502, 441, 3, 9, 0, NULL, NULL, 93, 438, 8),
(5503, 441, 3, 9, 0, NULL, NULL, 95, 446, 6),
(5504, 441, 3, 9, 0, NULL, NULL, 97, 454, 40),
(5505, 442, 3, 20, 0, NULL, NULL, 56, 291, 25),
(5506, 442, 3, 20, 0, NULL, NULL, 57, 294, 44),
(5507, 442, 3, 20, 0, NULL, NULL, 59, 302, 14),
(5508, 442, 3, 20, 0, NULL, NULL, 61, 310, 6),
(5509, 442, 3, 19, 0, NULL, NULL, 62, 315, 23),
(5510, 442, 3, 19, 0, NULL, NULL, 63, 318, 19),
(5511, 442, 3, 19, 0, NULL, NULL, 65, 326, 19),
(5512, 442, 3, 19, 0, NULL, NULL, 67, 334, 18),
(5513, 442, 3, 16, 0, NULL, NULL, 68, 339, 306),
(5514, 442, 3, 16, 0, NULL, NULL, 69, 342, 15),
(5515, 442, 3, 16, 0, NULL, NULL, 71, 350, 36),
(5516, 442, 3, 16, 0, NULL, NULL, 73, 358, 8),
(5517, 442, 3, 21, 0, NULL, NULL, 74, 363, 8),
(5518, 442, 3, 21, 0, NULL, NULL, 75, 366, 56),
(5519, 442, 3, 21, 0, NULL, NULL, 77, 374, 8),
(5520, 442, 3, 21, 0, NULL, NULL, 79, 382, 20),
(5521, 442, 3, 25, 0, NULL, NULL, 80, 387, 6),
(5522, 442, 3, 25, 0, NULL, NULL, 81, 390, 8),
(5523, 442, 3, 25, 0, NULL, NULL, 83, 398, 33),
(5524, 442, 3, 25, 0, NULL, NULL, 85, 406, 5),
(5525, 442, 3, 22, 0, NULL, NULL, 86, 411, 3),
(5526, 442, 3, 22, 0, NULL, NULL, 87, 414, 35),
(5527, 442, 3, 22, -1, NULL, 22, 89, 423, 15),
(5528, 442, 3, 22, -1, NULL, 22, 90, 426, 15),
(5529, 442, 3, 9, 0, NULL, NULL, 92, 435, 5),
(5530, 442, 3, 9, 0, NULL, NULL, 93, 438, 149),
(5531, 442, 3, 9, 0, NULL, NULL, 95, 446, 4),
(5532, 442, 3, 9, 0, NULL, NULL, 97, 454, 12),
(5533, 443, 1, 1, 0, NULL, NULL, 1, 4, 34),
(5534, 443, 1, 3, 0, NULL, NULL, 3, 15, 10),
(5535, 443, 1, 5, -1, NULL, 5, 4, 24, 86),
(5536, 443, 1, 13, 0, NULL, NULL, 8, 65, 53),
(5537, 443, 1, 10, -1, NULL, 10, 7, 57, 49),
(5538, 443, 1, 11, 0, NULL, NULL, 10, 79, 185),
(5539, 443, 1, 12, -1, NULL, 10, 11, 83, 111),
(5540, 443, 1, 3, -1, NULL, 3, 12, 92, 16),
(5541, 443, 1, 5, -1, NULL, 5, 13, 95, 16),
(5542, 443, 1, 8, 0, NULL, NULL, 14, 104, 40),
(5543, 443, 1, 12, -1, NULL, 13, 15, 111, 32),
(5544, 443, 1, 11, -1, NULL, 16, 16, 118, 220),
(5545, 443, 1, 2, -1, NULL, 9, 17, 128, 18),
(5546, 443, 1, 17, -1, NULL, 17, 18, 137, 12),
(5547, 443, 1, 12, -1, NULL, 13, 19, 140, 36),
(5548, 443, 1, 18, 0, NULL, NULL, 20, 149, 13),
(5549, 443, 1, 11, -1, NULL, 2, 21, 159, 15),
(5550, 443, 1, 1, -1, NULL, 28, 98, 459, 31),
(5551, 443, 1, 5, 0, NULL, NULL, 102, 484, 10),
(5552, 443, 1, 25, -1, NULL, 11, 103, 492, 144),
(5553, 443, 1, 27, -1, NULL, 27, 104, 499, 87),
(5554, 443, 1, 11, -1, NULL, 11, 106, 509, 35),
(5555, 443, 1, 26, 0, NULL, NULL, 23, 161, 18),
(5556, 443, 1, 26, 0, NULL, NULL, 24, 164, 9),
(5557, 443, 1, 26, 0, NULL, NULL, 26, 172, 4),
(5558, 443, 1, 26, 0, NULL, NULL, 55, 286, 6),
(5559, 444, 1, 1, -1, NULL, 1, 1, 3, 112),
(5560, 444, 1, 4, -1, NULL, 4, 2, 8, 15),
(5561, 444, 1, 3, 0, NULL, NULL, 6, 52, 117),
(5562, 444, 1, 13, 0, NULL, NULL, 8, 65, 70),
(5563, 444, 1, 10, 0, NULL, NULL, 7, 60, 208),
(5564, 444, 1, 11, -1, NULL, 16, 10, 78, 62),
(5565, 444, 1, 12, -1, NULL, 12, 11, 86, 372),
(5566, 444, 1, 3, -1, NULL, 3, 12, 93, 194),
(5567, 444, 1, 8, -1, NULL, 1, 14, 107, 63),
(5568, 444, 1, 12, -1, NULL, 13, 15, 109, 133),
(5569, 444, 1, 11, -1, NULL, 9, 16, 120, 250),
(5570, 444, 1, 2, -1, NULL, 13, 17, 127, 51),
(5571, 444, 1, 17, -1, NULL, 17, 18, 135, 191),
(5572, 444, 1, 12, -1, NULL, 12, 19, 142, 88),
(5573, 444, 1, 18, -1, NULL, 18, 20, 145, 51),
(5574, 444, 1, 11, -1, NULL, 2, 21, 159, 30),
(5575, 444, 1, 1, -1, NULL, 1, 98, 464, 177),
(5576, 444, 1, 5, -1, NULL, 5, 102, 482, 170),
(5577, 444, 1, 25, -1, NULL, 25, 103, 494, 115),
(5578, 444, 1, 27, -1, NULL, 27, 104, 496, 97),
(5579, 444, 1, 11, -1, NULL, 11, 106, 509, 106),
(5580, 444, 1, 26, 0, NULL, NULL, 23, 161, 189),
(5581, 444, 1, 26, -1, NULL, 26, 24, 165, 92),
(5582, 444, 1, 26, -1, NULL, 11, 25, 170, 11),
(5583, 444, 1, 26, -1, NULL, 26, 27, 176, 40),
(5584, 445, 1, 1, 0, NULL, NULL, 1, 4, 51),
(5585, 445, 1, 3, 0, NULL, NULL, 3, 15, 10),
(5586, 445, 1, 5, 0, NULL, NULL, 4, 26, 111),
(5587, 445, 1, 13, 0, NULL, NULL, 8, 65, 352),
(5588, 445, 1, 10, 0, NULL, NULL, 7, 60, 237),
(5589, 445, 1, 11, 0, NULL, NULL, 10, 79, 72),
(5590, 445, 1, 12, 0, NULL, NULL, 11, 84, 129),
(5591, 445, 1, 11, 0, NULL, NULL, 9, 72, 134),
(5592, 445, 1, 3, 0, NULL, NULL, 12, 91, 358),
(5593, 445, 1, 5, -1, NULL, 6, 13, 100, 174),
(5594, 445, 1, 8, 0, NULL, NULL, 14, 104, 301),
(5595, 445, 1, 12, -1, NULL, 12, 15, 112, 164),
(5596, 445, 1, 11, 0, NULL, NULL, 16, 121, 427),
(5597, 445, 1, 2, 0, NULL, NULL, 17, 126, 182),
(5598, 445, 1, 17, 0, NULL, NULL, 18, 134, 92),
(5599, 445, 1, 12, 0, NULL, NULL, 19, 141, 37),
(5600, 445, 1, 18, 0, NULL, NULL, 20, 149, 28),
(5601, 445, 1, 11, 0, NULL, NULL, 21, 155, 454),
(5602, 445, 1, 1, 0, NULL, NULL, 98, 460, 245),
(5603, 445, 1, 3, 0, NULL, NULL, 100, 473, 111),
(5604, 445, 1, 5, 0, NULL, NULL, 102, 484, 162),
(5605, 445, 1, 25, 0, NULL, NULL, 103, 491, 169),
(5606, 445, 1, 27, 0, NULL, NULL, 104, 497, 41),
(5607, 445, 1, 27, 0, NULL, NULL, 105, 503, 64),
(5608, 445, 1, 12, 0, NULL, NULL, 107, 515, 60),
(5609, 445, 1, 11, 0, NULL, NULL, 106, 508, 79),
(5610, 445, 1, 26, 0, NULL, NULL, 23, 161, 55),
(5611, 445, 1, 26, 0, NULL, NULL, 24, 164, 26),
(5612, 445, 1, 26, 0, NULL, NULL, 26, 172, 19),
(5613, 445, 1, 26, 0, NULL, NULL, 55, 286, 10),
(5614, 446, 3, 20, 0, NULL, NULL, 56, 291, 125),
(5615, 446, 3, 20, 0, NULL, NULL, 57, 294, 33),
(5616, 446, 3, 20, 0, NULL, NULL, 59, 302, 52),
(5617, 446, 3, 20, 0, NULL, NULL, 61, 310, 29),
(5618, 446, 3, 19, 0, NULL, NULL, 62, 315, 34),
(5619, 446, 3, 19, 0, NULL, NULL, 63, 318, 35),
(5620, 446, 3, 19, 0, NULL, NULL, 65, 326, 476),
(5621, 446, 3, 19, 0, NULL, NULL, 67, 334, 27),
(5622, 446, 3, 16, 0, NULL, NULL, 68, 339, 9),
(5623, 446, 3, 16, 0, NULL, NULL, 69, 342, 46),
(5624, 446, 3, 16, 0, NULL, NULL, 71, 350, 86),
(5625, 446, 3, 16, 0, NULL, NULL, 73, 358, 55),
(5626, 446, 3, 21, 0, NULL, NULL, 74, 363, 14),
(5627, 446, 3, 21, 0, NULL, NULL, 75, 366, 11),
(5628, 446, 3, 21, 0, NULL, NULL, 77, 374, 49),
(5629, 446, 3, 21, 0, NULL, NULL, 79, 382, 53),
(5630, 446, 3, 25, -1, NULL, 25, 80, 386, 15),
(5631, 446, 3, 25, -1, NULL, 25, 82, 394, 9),
(5632, 446, 3, 25, -1, NULL, 25, 84, 402, 11),
(5633, 446, 3, 22, -1, NULL, 22, 86, 410, 8),
(5634, 446, 3, 22, -1, NULL, 22, 88, 418, 18),
(5635, 446, 3, 22, 0, NULL, NULL, 90, 427, 23),
(5636, 446, 3, 22, 0, NULL, NULL, 91, 430, 9),
(5637, 446, 3, 9, -1, NULL, 9, 92, 434, 5),
(5638, 446, 3, 9, 0, NULL, NULL, 94, 443, 18),
(5639, 446, 3, 9, 0, NULL, NULL, 95, 446, 7),
(5640, 446, 3, 9, 0, NULL, NULL, 97, 454, 7),
(5641, 447, 1, 1, 0, NULL, NULL, 1, 4, 26),
(5642, 447, 1, 3, 0, NULL, NULL, 3, 15, 13),
(5643, 447, 1, 5, 0, NULL, NULL, 4, 26, 61),
(5644, 447, 1, 13, 0, NULL, NULL, 8, 65, 53),
(5645, 447, 1, 10, 0, NULL, NULL, 7, 60, 64),
(5646, 447, 1, 11, 0, NULL, NULL, 10, 79, 41),
(5647, 447, 1, 12, -1, NULL, 13, 11, 81, 47),
(5648, 447, 1, 3, -1, NULL, 3, 12, 92, 37),
(5649, 447, 1, 5, -1, NULL, 5, 13, 95, 23),
(5650, 447, 1, 8, -1, NULL, 1, 14, 107, 43),
(5651, 447, 1, 12, -1, NULL, 12, 15, 110, 42),
(5652, 447, 1, 11, -1, NULL, 16, 16, 118, 171),
(5653, 447, 1, 2, -1, NULL, 9, 17, 128, 55),
(5654, 447, 1, 17, -1, NULL, 17, 18, 133, 46),
(5655, 447, 1, 12, 0, NULL, NULL, 19, 141, 37),
(5656, 447, 1, 18, -1, NULL, 12, 20, 150, 24),
(5657, 447, 1, 11, -1, NULL, 11, 21, 154, 128),
(5658, 447, 1, 1, -1, NULL, 1, 98, 458, 99),
(5659, 447, 1, 3, 0, NULL, NULL, 99, 466, 25),
(5660, 447, 1, 5, -1, NULL, 5, 102, 486, 27),
(5661, 447, 1, 25, 0, NULL, NULL, 103, 491, 228),
(5662, 447, 1, 27, 0, NULL, NULL, 104, 497, 22),
(5663, 447, 1, 27, -1, NULL, 27, 105, 507, 188),
(5664, 447, 1, 11, 0, NULL, NULL, 106, 508, 36),
(5665, 447, 1, 26, -1, NULL, 26, 23, 160, 45),
(5666, 447, 1, 26, -1, NULL, 26, 25, 168, 15),
(5667, 447, 1, 26, -1, NULL, 26, 27, 176, 16),
(5668, 448, 3, 20, 0, NULL, NULL, 56, 291, 10),
(5669, 448, 3, 20, 0, NULL, NULL, 57, 294, 10),
(5670, 448, 3, 20, 0, NULL, NULL, 59, 302, 8),
(5671, 448, 3, 20, 0, NULL, NULL, 61, 310, 14),
(5672, 448, 3, 19, 0, NULL, NULL, 62, 315, 32),
(5673, 448, 3, 19, 0, NULL, NULL, 63, 318, 11),
(5674, 448, 3, 19, 0, NULL, NULL, 65, 326, 17),
(5675, 448, 3, 19, 0, NULL, NULL, 67, 334, 6),
(5676, 448, 3, 16, 0, NULL, NULL, 68, 339, 9),
(5677, 448, 3, 16, 0, NULL, NULL, 69, 342, 10),
(5678, 448, 3, 16, 0, NULL, NULL, 71, 350, 20),
(5679, 448, 3, 16, 0, NULL, NULL, 73, 358, 9),
(5680, 448, 3, 21, 0, NULL, NULL, 74, 363, 7),
(5681, 448, 3, 21, 0, NULL, NULL, 75, 366, 5),
(5682, 448, 3, 21, 0, NULL, NULL, 77, 374, 14),
(5683, 448, 3, 21, 0, NULL, NULL, 79, 382, 15),
(5684, 448, 3, 25, 0, NULL, NULL, 80, 387, 11),
(5685, 448, 3, 25, 0, NULL, NULL, 81, 390, 8),
(5686, 448, 3, 25, 0, NULL, NULL, 83, 398, 8),
(5687, 448, 3, 25, 0, NULL, NULL, 85, 406, 8),
(5688, 448, 3, 22, 0, NULL, NULL, 86, 411, 10),
(5689, 448, 3, 22, 0, NULL, NULL, 87, 414, 7),
(5690, 448, 3, 22, 0, NULL, NULL, 89, 422, 5),
(5691, 448, 3, 22, 0, NULL, NULL, 91, 430, 9),
(5692, 448, 3, 9, 0, NULL, NULL, 92, 435, 10),
(5693, 448, 3, 9, 0, NULL, NULL, 93, 438, 30),
(5694, 448, 3, 9, 0, NULL, NULL, 95, 446, 5),
(5695, 448, 3, 9, 0, NULL, NULL, 97, 454, 15),
(5696, 449, 3, 20, -1, NULL, 20, 56, 290, 20),
(5697, 449, 3, 20, 0, NULL, NULL, 58, 299, 16),
(5698, 449, 3, 20, 0, NULL, NULL, 59, 302, 77),
(5699, 449, 3, 20, -1, NULL, 20, 61, 311, 26),
(5700, 449, 3, 19, -1, NULL, 19, 62, 314, 73),
(5701, 449, 3, 19, 0, NULL, NULL, 64, 323, 19),
(5702, 449, 3, 19, 0, NULL, NULL, 65, 326, 8),
(5703, 449, 3, 19, 0, NULL, NULL, 67, 334, 6),
(5704, 449, 3, 16, -1, NULL, 16, 68, 338, 31),
(5705, 449, 3, 16, 0, NULL, NULL, 70, 347, 9),
(5706, 449, 3, 16, 0, NULL, NULL, 71, 350, 4),
(5707, 449, 3, 16, 0, NULL, NULL, 73, 358, 13),
(5708, 449, 3, 21, -1, NULL, 21, 74, 362, 11),
(5709, 449, 3, 21, 0, NULL, NULL, 76, 371, 2),
(5710, 449, 3, 21, 0, NULL, NULL, 77, 374, 2),
(5711, 449, 3, 21, 0, NULL, NULL, 79, 382, 2),
(5712, 449, 3, 25, 0, NULL, NULL, 80, 387, 4),
(5713, 449, 3, 25, 0, NULL, NULL, 81, 390, 7),
(5714, 449, 3, 25, -1, NULL, 25, 83, 399, 7),
(5715, 449, 3, 25, -1, NULL, 25, 84, 402, 4),
(5716, 449, 3, 22, 0, NULL, NULL, 86, 411, 4),
(5717, 449, 3, 22, 0, NULL, NULL, 87, 414, 9),
(5718, 449, 3, 22, 0, NULL, NULL, 89, 422, 8),
(5719, 449, 3, 22, 0, NULL, NULL, 91, 430, 9),
(5720, 449, 3, 9, -1, NULL, 9, 92, 434, 5),
(5721, 449, 3, 9, 0, NULL, NULL, 94, 443, 8),
(5722, 449, 3, 9, -1, NULL, 9, 95, 447, 5),
(5723, 449, 3, 9, 0, NULL, NULL, 96, 451, 5),
(5724, 449, 3, 9, -1, NULL, 9, 97, 455, 14),
(5725, 450, 1, 1, 0, NULL, NULL, 1, 4, 59),
(5726, 450, 1, 3, 0, NULL, NULL, 3, 15, 8),
(5727, 450, 1, 5, -1, NULL, 5, 4, 27, 101),
(5728, 450, 1, 13, 0, NULL, NULL, 8, 65, 212),
(5729, 450, 1, 10, 0, NULL, NULL, 7, 60, 181),
(5730, 450, 1, 11, 0, NULL, NULL, 10, 79, 345),
(5731, 450, 1, 12, -1, NULL, 13, 11, 81, 155),
(5732, 450, 1, 3, 0, NULL, NULL, 12, 91, 95),
(5733, 450, 1, 5, 0, NULL, NULL, 13, 99, 165),
(5734, 450, 1, 8, -1, NULL, 1, 14, 107, 41),
(5735, 450, 1, 12, -1, NULL, 12, 15, 124, 73),
(5736, 450, 1, 11, -1, NULL, 11, 16, 123, 330),
(5737, 450, 1, 17, -1, NULL, 17, 18, 137, 42),
(5738, 450, 1, 12, -1, NULL, 12, 19, 144, 94),
(5739, 450, 1, 1, -1, NULL, 28, 98, 461, 252),
(5740, 450, 1, 5, -1, NULL, 5, 102, 489, 55),
(5741, 450, 1, 25, -1, NULL, 25, 103, 494, 706),
(5742, 450, 1, 27, 0, NULL, NULL, 104, 497, 77),
(5743, 450, 1, 27, -1, NULL, 27, 105, 507, 51),
(5744, 450, 1, 11, -1, NULL, 11, 106, 513, 209),
(5745, 450, 1, 26, 0, NULL, NULL, 23, 161, 75),
(5746, 450, 1, 26, -1, NULL, 11, 24, 166, 55),
(5747, 450, 1, 26, 0, NULL, NULL, 25, 169, 26),
(5748, 450, 1, 26, -1, NULL, 26, 26, 175, 5),
(5749, 450, 1, 26, 0, NULL, NULL, 27, 177, 15),
(5750, 450, 1, 26, -1, NULL, 26, 55, 288, 12),
(5751, 451, 3, 20, 0, NULL, NULL, 56, 291, 88),
(5752, 451, 3, 20, -1, NULL, 20, 57, 295, 77),
(5753, 451, 3, 20, 0, NULL, NULL, 58, 299, 86),
(5754, 451, 3, 20, 0, NULL, NULL, 59, 302, 55),
(5755, 451, 3, 20, 0, NULL, NULL, 61, 310, 51),
(5756, 451, 3, 19, 0, NULL, NULL, 62, 315, 64),
(5757, 451, 3, 19, -1, NULL, 19, 63, 319, 91),
(5758, 451, 3, 19, 0, NULL, NULL, 64, 323, 88),
(5759, 451, 3, 19, -1, NULL, 19, 65, 327, 78),
(5760, 451, 3, 19, 0, NULL, NULL, 66, 331, 38),
(5761, 451, 3, 19, 0, NULL, NULL, 67, 334, 34),
(5762, 451, 3, 16, 0, NULL, NULL, 68, 339, 80),
(5763, 451, 3, 16, 0, NULL, NULL, 69, 342, 56),
(5764, 451, 3, 16, 0, NULL, NULL, 71, 350, 70),
(5765, 451, 3, 16, -1, NULL, 16, 73, 359, 45),
(5766, 451, 3, 21, 0, NULL, NULL, 74, 363, 68),
(5767, 451, 3, 21, 0, NULL, NULL, 75, 366, 2),
(5768, 451, 3, 21, 0, NULL, NULL, 77, 374, 2),
(5769, 451, 3, 21, -1, NULL, 21, 79, 384, 3),
(5770, 451, 3, 25, -1, NULL, 25, 80, 388, 2),
(5771, 451, 3, 25, -1, NULL, 25, 82, 396, 3),
(5772, 451, 3, 25, -1, NULL, 25, 84, 404, 2),
(5773, 451, 3, 22, -1, NULL, 22, 86, 412, 2),
(5774, 451, 3, 22, -1, NULL, 22, 88, 420, 2),
(5775, 451, 3, 22, -1, NULL, 22, 90, 428, 4),
(5776, 451, 3, 9, -1, NULL, 9, 92, 436, 2),
(5777, 451, 3, 9, -1, NULL, 9, 94, 444, 1),
(5778, 451, 3, 9, -1, NULL, 9, 96, 452, 2),
(5779, 453, 3, 20, 0, NULL, NULL, 56, 291, 19),
(5780, 453, 3, 20, 0, NULL, NULL, 57, 294, 14),
(5781, 453, 3, 20, 0, NULL, NULL, 59, 302, 14),
(5782, 453, 3, 20, 0, NULL, NULL, 61, 310, 9),
(5783, 452, 1, 1, 0, NULL, NULL, 1, 4, 75),
(5784, 453, 3, 19, 0, NULL, NULL, 62, 315, 24),
(5785, 452, 1, 3, 0, NULL, NULL, 3, 15, 13),
(5786, 453, 3, 19, 0, NULL, NULL, 63, 318, 14),
(5787, 452, 1, 5, -1, NULL, 28, 4, 21, 43),
(5788, 453, 3, 19, -1, NULL, 19, 65, 327, 85),
(5789, 453, 3, 19, 0, NULL, NULL, 66, 331, 20),
(5790, 452, 1, 13, 0, NULL, NULL, 8, 65, 87),
(5791, 453, 3, 19, 0, NULL, NULL, 67, 334, 30),
(5792, 453, 3, 16, -1, NULL, 16, 68, 338, 13),
(5793, 454, 3, 20, 0, NULL, NULL, 56, 291, 44),
(5794, 453, 3, 16, 0, NULL, NULL, 70, 347, 27),
(5795, 453, 3, 16, 0, NULL, NULL, 71, 350, 24),
(5796, 453, 3, 16, -1, NULL, 16, 73, 359, 11),
(5797, 453, 3, 21, 0, NULL, NULL, 74, 363, 8),
(5798, 453, 3, 21, 0, NULL, NULL, 75, 366, 21),
(5799, 453, 3, 21, -1, NULL, 21, 77, 375, 33),
(5800, 453, 3, 21, 0, NULL, NULL, 78, 379, 40),
(5801, 453, 3, 21, 0, NULL, NULL, 79, 382, 37),
(5802, 453, 3, 25, 0, NULL, NULL, 80, 387, 56),
(5803, 453, 3, 25, -1, NULL, 25, 81, 391, 16),
(5804, 453, 3, 25, -1, NULL, 25, 82, 394, 14),
(5805, 453, 3, 25, 0, NULL, NULL, 84, 403, 49),
(5806, 453, 3, 25, 0, NULL, NULL, 85, 406, 67),
(5807, 455, 3, 20, 0, NULL, NULL, 56, 291, 55),
(5808, 456, 1, 1, 0, NULL, NULL, 1, 4, 40),
(5809, 456, 1, 3, 0, NULL, NULL, 3, 15, 11),
(5810, 456, 1, 5, -1, NULL, 5, 4, 27, 94),
(5811, 456, 1, 13, 0, NULL, NULL, 8, 65, 59),
(5812, 456, 1, 10, -1, NULL, 10, 7, 59, 97),
(5813, 456, 1, 11, -1, NULL, 16, 10, 78, 17),
(5814, 456, 1, 12, -1, NULL, 12, 11, 82, 276),
(5815, 456, 1, 3, -1, NULL, 3, 12, 92, 75),
(5816, 456, 1, 5, 0, NULL, NULL, 13, 99, 130),
(5817, 456, 1, 8, -1, NULL, 12, 14, 106, 42),
(5818, 456, 1, 12, -1, NULL, 12, 15, 124, 103),
(5819, 456, 1, 11, -1, NULL, 11, 16, 122, 8),
(5820, 456, 1, 17, -1, NULL, 17, 18, 137, 16),
(5821, 456, 1, 12, -1, NULL, 13, 19, 139, 32),
(5822, 456, 1, 18, -1, NULL, 12, 20, 151, 24),
(5823, 457, 3, 20, 0, NULL, NULL, 56, 291, 39),
(5824, 458, 1, 1, 0, NULL, NULL, 1, 4, 30),
(5825, 458, 1, 3, 0, NULL, NULL, 3, 15, 16),
(5826, 457, 3, 20, 0, NULL, NULL, 57, 294, 51),
(5827, 458, 1, 5, -1, NULL, 5, 4, 24, 56),
(5828, 457, 3, 20, 0, NULL, NULL, 59, 302, 90),
(5829, 457, 3, 20, 0, NULL, NULL, 61, 310, 24),
(5830, 459, 1, 1, 0, NULL, NULL, 1, 4, 52),
(5831, 459, 1, 3, 0, NULL, NULL, 3, 15, 8),
(5832, 457, 3, 19, 0, NULL, NULL, 62, 315, 40),
(5833, 459, 1, 5, -1, NULL, 5, 4, 27, 27),
(5834, 457, 3, 19, 0, NULL, NULL, 63, 318, 38),
(5835, 458, 1, 13, 0, NULL, NULL, 8, 65, 177),
(5836, 459, 1, 13, -1, NULL, 12, 8, 63, 60),
(5837, 457, 3, 19, 0, NULL, NULL, 65, 326, 58),
(5838, 457, 3, 19, 0, NULL, NULL, 67, 334, 32),
(5839, 458, 1, 10, -1, NULL, 10, 7, 57, 78),
(5840, 459, 1, 11, -1, NULL, 16, 10, 78, 58),
(5841, 457, 3, 16, 0, NULL, NULL, 68, 339, 36),
(5842, 459, 1, 12, -1, NULL, 12, 11, 87, 54),
(5843, 458, 1, 11, 0, NULL, NULL, 10, 79, 65),
(5844, 457, 3, 16, 0, NULL, NULL, 69, 342, 40),
(5845, 459, 1, 3, -1, NULL, 3, 12, 92, 43),
(5846, 457, 3, 16, -1, NULL, 16, 71, 351, 43),
(5847, 457, 3, 16, 0, NULL, NULL, 72, 355, 26),
(5848, 459, 1, 5, -1, NULL, 5, 13, 96, 67),
(5849, 457, 3, 16, -1, NULL, 16, 73, 359, 29),
(5850, 457, 3, 21, 0, NULL, NULL, 74, 363, 26),
(5851, 459, 1, 8, -1, NULL, 1, 14, 107, 43),
(5852, 457, 3, 21, 0, NULL, NULL, 75, 366, 37),
(5853, 459, 1, 12, -1, NULL, 12, 15, 124, 44),
(5854, 457, 3, 21, 0, NULL, NULL, 77, 374, 37),
(5855, 458, 1, 12, 0, NULL, NULL, 11, 84, 211),
(5856, 457, 3, 21, -1, NULL, 21, 79, 383, 48),
(5857, 459, 1, 11, -1, NULL, 11, 16, 122, 90),
(5858, 457, 3, 25, 0, NULL, NULL, 80, 387, 43),
(5859, 459, 1, 17, -1, NULL, 18, 18, 138, 33),
(5860, 459, 1, 12, -1, NULL, 12, 19, 144, 10),
(5861, 457, 3, 25, -1, NULL, 25, 81, 391, 45),
(5862, 457, 3, 25, -1, NULL, 25, 82, 396, 33),
(5863, 458, 1, 11, 0, NULL, NULL, 9, 72, 166),
(5864, 457, 3, 25, 0, NULL, NULL, 84, 403, 15),
(5865, 459, 1, 1, -1, NULL, 1, 98, 458, 83),
(5866, 457, 3, 25, -1, NULL, 25, 85, 408, 13),
(5867, 457, 3, 22, 0, NULL, NULL, 86, 411, 15),
(5868, 459, 1, 3, 0, NULL, NULL, 99, 466, 26),
(5869, 457, 3, 22, -1, NULL, 22, 87, 415, 16),
(5870, 457, 3, 22, -1, NULL, 22, 88, 418, 35),
(5871, 459, 1, 5, -1, NULL, 5, 102, 489, 60),
(5872, 459, 1, 25, -1, NULL, 25, 103, 494, 14),
(5873, 459, 1, 27, -1, NULL, 27, 104, 501, 8),
(5874, 459, 1, 11, -1, NULL, 11, 106, 513, 9),
(5875, 457, 3, 22, 0, NULL, NULL, 90, 427, 57),
(5876, 459, 1, 26, 0, NULL, NULL, 23, 161, 35),
(5877, 457, 3, 22, -1, NULL, 22, 91, 432, 46),
(5878, 459, 1, 26, -1, NULL, 11, 24, 167, 18),
(5879, 458, 1, 3, -1, NULL, 3, 12, 90, 219),
(5880, 457, 3, 9, -1, NULL, 9, 92, 434, 20),
(5881, 457, 3, 9, 0, NULL, NULL, 94, 443, 11),
(5882, 459, 1, 26, -1, NULL, 11, 25, 171, 30),
(5883, 459, 1, 26, -1, NULL, 26, 27, 179, 12),
(5884, 457, 3, 9, 0, NULL, NULL, 95, 446, 18),
(5885, 457, 3, 9, 0, NULL, NULL, 97, 454, 62),
(5886, 458, 1, 5, 0, NULL, NULL, 13, 99, 125),
(5887, 458, 1, 8, 0, NULL, NULL, 14, 104, 107),
(5888, 458, 1, 12, -1, NULL, 12, 15, 110, 162),
(5889, 461, 1, 1, 0, NULL, NULL, 1, 4, 65),
(5890, 461, 1, 3, 0, NULL, NULL, 3, 15, 8),
(5891, 461, 1, 5, -1, NULL, 28, 4, 21, 92),
(5892, 458, 1, 11, -1, NULL, 9, 16, 119, 347),
(5893, 461, 1, 13, -1, NULL, 9, 8, 64, 152),
(5894, 461, 1, 11, -1, NULL, 11, 10, 80, 64),
(5895, 461, 1, 12, -1, NULL, 10, 11, 83, 77),
(5896, 461, 1, 3, -1, NULL, 3, 12, 88, 42),
(5897, 461, 1, 5, -1, NULL, 5, 13, 96, 178),
(5898, 461, 1, 8, -1, NULL, 1, 14, 107, 54),
(5899, 458, 1, 2, -1, NULL, 10, 17, 129, 460),
(5900, 461, 1, 12, -1, NULL, 12, 15, 110, 46),
(5901, 458, 1, 17, -1, NULL, 17, 18, 132, 56),
(5902, 462, 3, 20, 0, NULL, NULL, 56, 291, 13),
(5903, 461, 1, 11, -1, NULL, 11, 16, 122, 61),
(5904, 458, 1, 12, 0, NULL, NULL, 19, 141, 63),
(5905, 462, 3, 20, 0, NULL, NULL, 57, 294, 36),
(5906, 461, 1, 17, -1, NULL, 17, 18, 137, 62),
(5907, 462, 3, 20, 0, NULL, NULL, 59, 302, 43),
(5908, 462, 3, 20, 0, NULL, NULL, 61, 310, 28),
(5909, 458, 1, 18, -1, NULL, 12, 20, 150, 101),
(5910, 462, 3, 19, 0, NULL, NULL, 62, 315, 37),
(5911, 461, 1, 12, -1, NULL, 12, 19, 143, 97),
(5912, 461, 1, 18, -1, NULL, 12, 20, 151, 10),
(5913, 462, 3, 19, 0, NULL, NULL, 63, 318, 48),
(5914, 462, 3, 19, 0, NULL, NULL, 65, 326, 32),
(5915, 462, 3, 19, 0, NULL, NULL, 67, 334, 22),
(5916, 462, 3, 16, 0, NULL, NULL, 68, 339, 17),
(5917, 462, 3, 16, 0, NULL, NULL, 69, 342, 39),
(5918, 461, 1, 1, -1, NULL, 1, 98, 458, 151),
(5919, 461, 1, 3, 0, NULL, NULL, 99, 466, 57),
(5920, 461, 1, 5, -1, NULL, 5, 102, 489, 41),
(5921, 462, 3, 16, 0, NULL, NULL, 71, 350, 207),
(5922, 461, 1, 25, -1, NULL, 25, 103, 494, 122),
(5923, 462, 3, 16, 0, NULL, NULL, 73, 358, 45),
(5924, 461, 1, 27, -1, NULL, 27, 104, 496, 68),
(5925, 461, 1, 11, -1, NULL, 11, 106, 513, 15),
(5926, 462, 3, 21, 0, NULL, NULL, 74, 363, 90),
(5927, 462, 3, 21, 0, NULL, NULL, 75, 366, 16),
(5928, 461, 1, 26, 0, NULL, NULL, 23, 161, 53),
(5929, 461, 1, 26, 0, NULL, NULL, 24, 164, 19),
(5930, 462, 3, 21, 0, NULL, NULL, 77, 374, 68),
(5931, 461, 1, 26, -1, NULL, 26, 26, 173, 94),
(5932, 462, 3, 21, 0, NULL, NULL, 79, 382, 170),
(5933, 461, 1, 26, 0, NULL, NULL, 27, 177, 137),
(5934, 461, 1, 26, 0, NULL, NULL, 55, 286, 46),
(5935, 458, 1, 11, -1, NULL, 11, 21, 153, 915),
(5936, 462, 3, 25, 0, NULL, NULL, 80, 387, 131),
(5937, 462, 3, 25, 0, NULL, NULL, 81, 390, 22),
(5938, 463, 3, 20, 0, NULL, NULL, 56, 291, 62),
(5939, 463, 3, 20, 0, NULL, NULL, 57, 294, 62),
(5940, 458, 1, 1, -1, NULL, 28, 98, 459, 236),
(5941, 462, 3, 25, -1, NULL, 25, 83, 400, 249),
(5942, 463, 3, 20, 0, NULL, NULL, 59, 302, 92),
(5943, 458, 1, 5, 0, NULL, NULL, 102, 484, 107),
(5944, 463, 3, 20, 0, NULL, NULL, 61, 310, 28),
(5945, 458, 1, 25, -1, NULL, 25, 103, 490, 31),
(5946, 458, 1, 27, 0, NULL, NULL, 104, 497, 50),
(5947, 462, 3, 25, 0, NULL, NULL, 84, 403, 148),
(5948, 463, 3, 19, 0, NULL, NULL, 62, 315, 63),
(5949, 458, 1, 27, -1, NULL, 11, 105, 504, 17),
(5950, 463, 3, 19, 0, NULL, NULL, 63, 318, 51),
(5951, 458, 1, 12, -1, NULL, 12, 107, 514, 64),
(5952, 458, 1, 11, -1, NULL, 11, 106, 513, 23),
(5953, 462, 3, 25, 0, NULL, NULL, 85, 406, 130),
(5954, 458, 1, 26, -1, NULL, 26, 23, 160, 25),
(5955, 462, 3, 22, 0, NULL, NULL, 86, 411, 20),
(5956, 463, 3, 19, 0, NULL, NULL, 65, 326, 113),
(5957, 458, 1, 26, 0, NULL, NULL, 25, 169, 65),
(5958, 463, 3, 19, 0, NULL, NULL, 67, 334, 33),
(5959, 458, 1, 26, 0, NULL, NULL, 26, 172, 15),
(5960, 462, 3, 22, 0, NULL, NULL, 87, 414, 81),
(5961, 463, 3, 16, 0, NULL, NULL, 68, 339, 37),
(5962, 463, 3, 16, 0, NULL, NULL, 69, 342, 54),
(5963, 462, 3, 22, 0, NULL, NULL, 89, 422, 73),
(5964, 464, 1, 1, 0, NULL, NULL, 1, 4, 55),
(5965, 462, 3, 22, 0, NULL, NULL, 91, 430, 31),
(5966, 462, 3, 9, 0, NULL, NULL, 92, 435, 28),
(5967, 462, 3, 9, 0, NULL, NULL, 93, 438, 26),
(5968, 462, 3, 9, 0, NULL, NULL, 95, 446, 11),
(5969, 463, 3, 16, 0, NULL, NULL, 71, 350, 110),
(5970, 458, 1, 26, 0, NULL, NULL, 55, 286, 209),
(5971, 464, 1, 3, 0, NULL, NULL, 3, 15, 101),
(5972, 462, 3, 9, 0, NULL, NULL, 97, 454, 53),
(5973, 464, 1, 5, -1, NULL, 28, 4, 23, 28),
(5974, 463, 3, 16, 0, NULL, NULL, 73, 358, 59),
(5975, 463, 3, 21, 0, NULL, NULL, 74, 363, 77),
(5976, 463, 3, 21, 0, NULL, NULL, 75, 366, 36),
(5977, 463, 3, 21, 0, NULL, NULL, 77, 374, 60),
(5978, 464, 1, 13, 0, NULL, NULL, 8, 65, 181),
(5979, 463, 3, 21, 0, NULL, NULL, 79, 382, 82),
(5980, 468, 3, 20, -1, NULL, 20, 56, 290, 12),
(5981, 468, 3, 20, 0, NULL, NULL, 58, 299, 13),
(5982, 468, 3, 20, 0, NULL, NULL, 59, 302, 9),
(5983, 467, 1, 1, -1, NULL, 1, 1, 5, 101),
(5984, 468, 3, 20, 0, NULL, NULL, 61, 310, 9),
(5985, 468, 3, 19, 0, NULL, NULL, 62, 315, 45),
(5986, 468, 3, 19, 0, NULL, NULL, 63, 318, 14),
(5987, 464, 1, 10, -1, NULL, 10, 7, 57, 223),
(5988, 463, 3, 25, 0, NULL, NULL, 80, 387, 177),
(5989, 468, 3, 19, 0, NULL, NULL, 65, 326, 49),
(5990, 468, 3, 19, 0, NULL, NULL, 67, 334, 13),
(5991, 468, 3, 16, 0, NULL, NULL, 68, 339, 15),
(5992, 467, 1, 5, -1, NULL, 5, 4, 27, 147),
(5993, 468, 3, 16, 0, NULL, NULL, 69, 342, 18),
(5994, 468, 3, 16, 0, NULL, NULL, 71, 350, 34),
(5995, 468, 3, 16, 0, NULL, NULL, 73, 358, 17),
(5996, 468, 3, 21, 0, NULL, NULL, 74, 363, 6),
(5997, 468, 3, 21, -1, NULL, 21, 75, 367, 23),
(5998, 463, 3, 25, -1, NULL, 25, 81, 391, 160),
(5999, 468, 3, 21, 0, NULL, NULL, 76, 371, 17),
(6000, 464, 1, 11, 0, NULL, NULL, 10, 79, 194),
(6001, 468, 3, 21, 0, NULL, NULL, 77, 374, 19),
(6002, 467, 1, 13, -1, NULL, 12, 8, 66, 155),
(6003, 468, 3, 21, 0, NULL, NULL, 79, 382, 24),
(6004, 468, 3, 25, 0, NULL, NULL, 80, 387, 12),
(6005, 464, 1, 12, -1, NULL, 13, 11, 81, 87),
(6006, 467, 1, 11, -1, NULL, 16, 10, 78, 64),
(6007, 464, 1, 3, -1, NULL, 3, 12, 88, 27),
(6008, 468, 3, 25, -1, NULL, 25, 81, 391, 60),
(6009, 468, 3, 25, -1, NULL, 25, 82, 394, 15),
(6010, 463, 3, 25, 0, NULL, NULL, 82, 395, 140),
(6011, 464, 1, 5, -1, NULL, 5, 13, 95, 20),
(6012, 468, 3, 25, 0, NULL, NULL, 84, 403, 12),
(6013, 468, 3, 25, 0, NULL, NULL, 85, 406, 36),
(6014, 468, 3, 22, 0, NULL, NULL, 86, 411, 5),
(6015, 468, 3, 22, 0, NULL, NULL, 87, 414, 7),
(6016, 463, 3, 25, -1, NULL, 25, 83, 401, 68),
(6017, 468, 3, 22, 0, NULL, NULL, 89, 422, 10),
(6018, 467, 1, 12, -1, NULL, 12, 11, 86, 107),
(6019, 468, 3, 22, 0, NULL, NULL, 91, 430, 10),
(6020, 468, 3, 9, -1, NULL, 9, 92, 434, 4),
(6021, 468, 3, 9, 0, NULL, NULL, 94, 443, 4),
(6022, 468, 3, 9, 0, NULL, NULL, 95, 446, 6),
(6023, 468, 3, 9, -1, NULL, 9, 97, 455, 14),
(6024, 464, 1, 8, -1, NULL, 2, 14, 108, 133),
(6025, 464, 1, 12, -1, NULL, 13, 15, 111, 57),
(6026, 467, 1, 3, -1, NULL, 3, 12, 88, 217),
(6027, 463, 3, 25, 0, NULL, NULL, 84, 403, 260),
(6028, 467, 1, 5, -1, NULL, 5, 13, 96, 124),
(6029, 463, 3, 25, -1, NULL, 25, 85, 408, 143),
(6030, 463, 3, 22, 0, NULL, NULL, 86, 411, 15),
(6031, 467, 1, 8, -1, NULL, 13, 14, 103, 2),
(6032, 464, 1, 11, -1, NULL, 11, 16, 123, 344),
(6033, 463, 3, 22, -1, NULL, 22, 87, 415, 68),
(6034, 464, 1, 17, -1, NULL, 18, 18, 138, 57),
(6035, 464, 1, 12, 0, NULL, NULL, 19, 141, 26),
(6036, 463, 3, 22, -1, NULL, 22, 88, 418, 98),
(6037, 463, 3, 22, 0, NULL, NULL, 90, 427, 37),
(6038, 464, 1, 18, -1, NULL, 18, 20, 152, 74),
(6039, 463, 3, 22, 0, NULL, NULL, 91, 430, 44),
(6040, 467, 1, 12, -1, NULL, 13, 15, 111, 204),
(6041, 463, 3, 9, -1, NULL, 9, 92, 434, 22),
(6042, 463, 3, 9, 0, NULL, NULL, 94, 443, 7),
(6043, 463, 3, 9, 0, NULL, NULL, 95, 446, 29),
(6044, 464, 1, 1, -1, NULL, 1, 98, 458, 121),
(6045, 464, 1, 3, 0, NULL, NULL, 99, 466, 15),
(6046, 467, 1, 11, -1, NULL, 9, 16, 120, 112),
(6047, 463, 3, 9, 0, NULL, NULL, 97, 454, 91),
(6048, 464, 1, 5, -1, NULL, 5, 102, 482, 123),
(6049, 467, 1, 2, 0, NULL, NULL, 17, 126, 124),
(6050, 467, 1, 17, -1, NULL, 17, 18, 137, 79),
(6051, 464, 1, 25, -1, NULL, 25, 103, 494, 186),
(6052, 467, 1, 12, -1, NULL, 13, 19, 139, 111),
(6053, 464, 1, 27, -1, NULL, 27, 104, 501, 30),
(6054, 464, 1, 11, -1, NULL, 2, 106, 512, 30),
(6055, 464, 1, 26, -1, NULL, 26, 23, 160, 32),
(6056, 464, 1, 26, -1, NULL, 26, 25, 168, 30),
(6057, 464, 1, 26, -1, NULL, 26, 27, 178, 31),
(6058, 469, 3, 20, 0, NULL, NULL, 56, 291, 32),
(6059, 469, 3, 20, 0, NULL, NULL, 57, 294, 35),
(6060, 467, 1, 18, -1, NULL, 12, 20, 146, 370),
(6061, 469, 3, 20, 0, NULL, NULL, 59, 302, 100),
(6062, 469, 3, 20, 0, NULL, NULL, 61, 310, 17),
(6063, 469, 3, 19, 0, NULL, NULL, 62, 315, 33),
(6064, 467, 1, 11, -1, NULL, 11, 21, 153, 131),
(6065, 469, 3, 19, 0, NULL, NULL, 63, 318, 93),
(6066, 469, 3, 19, 0, NULL, NULL, 65, 326, 63),
(6067, 469, 3, 19, 0, NULL, NULL, 67, 334, 31),
(6068, 467, 1, 1, -1, NULL, 28, 98, 461, 133),
(6069, 467, 1, 5, -1, NULL, 5, 102, 489, 74),
(6070, 467, 1, 25, 0, NULL, NULL, 103, 491, 69),
(6071, 467, 1, 27, -1, NULL, 27, 104, 499, 72),
(6072, 467, 1, 11, -1, NULL, 11, 106, 511, 75),
(6073, 467, 1, 26, -1, NULL, 11, 23, 162, 54),
(6074, 467, 1, 26, 0, NULL, NULL, 25, 169, 44),
(6075, 467, 1, 26, -1, NULL, 26, 26, 174, 32),
(6076, 467, 1, 26, 0, NULL, NULL, 27, 177, 56),
(6077, 467, 1, 26, -1, NULL, 26, 55, 287, 3),
(6078, 470, 3, 20, 0, NULL, NULL, 56, 291, 47),
(6079, 470, 3, 20, -1, NULL, 20, 57, 295, 43),
(6080, 470, 3, 20, 0, NULL, NULL, 58, 299, 47),
(6081, 470, 3, 20, 0, NULL, NULL, 59, 302, 16),
(6082, 470, 3, 20, -1, NULL, 20, 61, 311, 47),
(6083, 470, 3, 19, 0, NULL, NULL, 62, 315, 39),
(6084, 470, 3, 19, -1, NULL, 19, 63, 319, 30),
(6085, 470, 3, 19, -1, NULL, 19, 64, 322, 14),
(6086, 470, 3, 19, -1, NULL, 19, 66, 330, 14),
(6087, 470, 3, 16, -1, NULL, 16, 68, 338, 12),
(6088, 470, 3, 16, 0, NULL, NULL, 70, 347, 28),
(6089, 470, 3, 16, -1, NULL, 16, 71, 351, 32),
(6090, 470, 3, 16, -1, NULL, 16, 72, 354, 44),
(6091, 470, 3, 21, 0, NULL, NULL, 74, 363, 19),
(6092, 470, 3, 21, 0, NULL, NULL, 75, 366, 14),
(6093, 470, 3, 21, -1, NULL, 21, 77, 375, 23),
(6094, 470, 3, 21, -1, NULL, 21, 78, 378, 11),
(6095, 469, 3, 16, 0, NULL, NULL, 68, 339, 622),
(6096, 470, 3, 25, 0, NULL, NULL, 80, 387, 24),
(6097, 470, 3, 25, -1, NULL, 25, 81, 391, 20),
(6098, 469, 3, 16, 0, NULL, NULL, 69, 342, 52),
(6099, 470, 3, 25, 0, NULL, NULL, 82, 395, 19),
(6100, 470, 3, 25, 0, NULL, NULL, 83, 398, 24),
(6101, 469, 3, 16, 0, NULL, NULL, 71, 350, 38),
(6102, 470, 3, 25, -1, NULL, 25, 85, 407, 15),
(6103, 470, 3, 22, -1, NULL, 22, 86, 410, 11),
(6104, 469, 3, 16, 0, NULL, NULL, 73, 358, 41),
(6105, 469, 3, 21, 0, NULL, NULL, 74, 363, 16),
(6106, 470, 3, 22, -1, NULL, 22, 88, 418, 44),
(6107, 469, 3, 21, 0, NULL, NULL, 75, 366, 11),
(6108, 470, 3, 22, 0, NULL, NULL, 90, 427, 19),
(6109, 469, 3, 21, 0, NULL, NULL, 77, 374, 34),
(6110, 470, 3, 22, 0, NULL, NULL, 91, 430, 26),
(6111, 470, 3, 9, -1, NULL, 9, 92, 434, 14),
(6112, 470, 3, 9, 0, NULL, NULL, 94, 443, 37),
(6113, 469, 3, 21, 0, NULL, NULL, 79, 382, 57),
(6114, 469, 3, 25, 0, NULL, NULL, 80, 387, 30),
(6115, 469, 3, 25, -1, NULL, 25, 81, 392, 14),
(6116, 469, 3, 25, 0, NULL, NULL, 82, 395, 10),
(6117, 469, 3, 25, -1, NULL, 25, 83, 400, 10),
(6118, 469, 3, 25, -1, NULL, 25, 84, 405, 4),
(6119, 469, 3, 22, 0, NULL, NULL, 86, 411, 4),
(6120, 469, 3, 22, 0, NULL, NULL, 87, 414, 5),
(6121, 469, 3, 22, 0, NULL, NULL, 89, 422, 6),
(6122, 469, 3, 22, 0, NULL, NULL, 91, 430, 29),
(6123, 469, 3, 9, 0, NULL, NULL, 92, 435, 32),
(6124, 470, 3, 9, -1, NULL, 9, 95, 447, 184),
(6125, 470, 3, 9, 0, NULL, NULL, 96, 451, 17),
(6126, 470, 3, 9, -1, NULL, 9, 97, 455, 13),
(6127, 469, 3, 9, -1, NULL, 9, 93, 439, 64),
(6128, 469, 3, 9, 0, NULL, NULL, 94, 443, 5),
(6129, 469, 3, 9, 0, NULL, NULL, 95, 446, 9),
(6130, 469, 3, 9, 0, NULL, NULL, 97, 454, 57),
(6131, 471, 1, 1, 0, NULL, NULL, 1, 4, 139),
(6132, 471, 1, 3, 0, NULL, NULL, 3, 15, 81),
(6133, 471, 1, 5, -1, NULL, 5, 4, 27, 270),
(6134, 471, 1, 13, 0, NULL, NULL, 8, 65, 69),
(6135, 471, 1, 10, -1, NULL, 10, 7, 59, 157),
(6136, 471, 1, 11, 0, NULL, NULL, 10, 79, 548),
(6137, 471, 1, 12, -1, NULL, 13, 11, 81, 297),
(6138, 471, 1, 3, -1, NULL, 3, 12, 89, 260),
(6139, 471, 1, 5, -1, NULL, 5, 13, 95, 274),
(6140, 471, 1, 8, -1, NULL, 1, 14, 107, 41),
(6141, 471, 1, 12, -1, NULL, 12, 15, 124, 109),
(6142, 472, 1, 1, 0, NULL, NULL, 1, 4, 87),
(6143, 472, 1, 3, 0, NULL, NULL, 3, 15, 8),
(6144, 471, 1, 11, 0, NULL, NULL, 16, 121, 397),
(6145, 472, 1, 5, -1, NULL, 28, 4, 23, 102),
(6146, 472, 1, 13, -1, NULL, 9, 8, 64, 83),
(6147, 472, 1, 11, -1, NULL, 11, 10, 80, 72),
(6148, 471, 1, 2, -1, NULL, 9, 17, 128, 296),
(6149, 472, 1, 12, -1, NULL, 12, 11, 82, 140),
(6150, 472, 1, 3, -1, NULL, 3, 12, 92, 33),
(6151, 472, 1, 5, -1, NULL, 5, 13, 95, 101),
(6152, 472, 1, 8, -1, NULL, 13, 14, 105, 73),
(6153, 472, 1, 12, -1, NULL, 12, 15, 112, 23),
(6154, 472, 1, 11, -1, NULL, 11, 16, 122, 4),
(6155, 472, 1, 17, -1, NULL, 17, 18, 137, 22),
(6156, 471, 1, 17, 0, NULL, NULL, 18, 134, 411),
(6157, 472, 1, 12, -1, NULL, 12, 19, 142, 93),
(6158, 472, 1, 18, -1, NULL, 18, 20, 145, 41),
(6159, 472, 1, 11, -1, NULL, 11, 21, 158, 18),
(6160, 471, 1, 12, 0, NULL, NULL, 19, 141, 135),
(6161, 472, 1, 1, -1, NULL, 1, 98, 464, 71),
(6162, 472, 1, 5, 0, NULL, NULL, 102, 484, 22),
(6163, 472, 1, 25, 0, NULL, NULL, 103, 491, 8),
(6164, 472, 1, 27, -1, NULL, 2, 104, 500, 14),
(6165, 472, 1, 11, -1, NULL, 11, 106, 513, 6),
(6166, 472, 1, 26, -1, NULL, 11, 23, 163, 5),
(6167, 472, 1, 26, -1, NULL, 11, 25, 171, 3),
(6168, 472, 1, 26, -1, NULL, 26, 27, 179, 2),
(6169, 471, 1, 18, 0, NULL, NULL, 20, 149, 74),
(6170, 473, 3, 20, 0, NULL, NULL, 56, 291, 71),
(6171, 473, 3, 20, 0, NULL, NULL, 57, 294, 69),
(6172, 473, 3, 20, -1, NULL, 20, 59, 303, 47),
(6173, 473, 3, 20, -1, NULL, 20, 60, 306, 127),
(6174, 473, 3, 19, 0, NULL, NULL, 62, 315, 22),
(6175, 473, 3, 19, -1, NULL, 19, 63, 320, 10),
(6176, 473, 3, 19, -1, NULL, 19, 64, 324, 15),
(6177, 473, 3, 19, 0, NULL, NULL, 66, 331, 20),
(6178, 473, 3, 19, 0, NULL, NULL, 67, 334, 35),
(6179, 473, 3, 16, 0, NULL, NULL, 68, 339, 20),
(6180, 473, 3, 16, -1, NULL, 16, 69, 343, 28),
(6181, 473, 3, 16, -1, NULL, 16, 70, 346, 64),
(6182, 473, 3, 16, 0, NULL, NULL, 72, 355, 32),
(6183, 473, 3, 16, -1, NULL, 16, 73, 359, 41),
(6184, 473, 3, 21, 0, NULL, NULL, 74, 363, 35),
(6185, 473, 3, 21, -1, NULL, 21, 75, 367, 20),
(6186, 473, 3, 21, 0, NULL, NULL, 76, 371, 37),
(6187, 473, 3, 21, 0, NULL, NULL, 77, 374, 53),
(6188, 471, 1, 11, 0, NULL, NULL, 21, 155, 915),
(6189, 473, 3, 21, -1, NULL, 21, 79, 383, 119),
(6190, 473, 3, 25, -1, NULL, 25, 80, 386, 32),
(6191, 473, 3, 25, -1, NULL, 25, 82, 396, 17),
(6192, 473, 3, 25, -1, NULL, 25, 84, 404, 7),
(6193, 473, 3, 22, -1, NULL, 22, 86, 410, 7),
(6194, 473, 3, 22, -1, NULL, 22, 88, 418, 49),
(6195, 473, 3, 22, 0, NULL, NULL, 90, 427, 32),
(6196, 471, 1, 1, -1, NULL, 1, 98, 463, 177),
(6197, 473, 3, 22, 0, NULL, NULL, 91, 430, 57),
(6198, 471, 1, 3, 0, NULL, NULL, 101, 480, 43),
(6199, 473, 3, 9, -1, NULL, 9, 92, 434, 28),
(6200, 473, 3, 9, 0, NULL, NULL, 94, 443, 24),
(6201, 473, 3, 9, 0, NULL, NULL, 95, 446, 16),
(6202, 473, 3, 9, -1, NULL, 9, 97, 456, 12),
(6203, 471, 1, 5, -1, NULL, 5, 102, 486, 178),
(6204, 471, 1, 25, -1, NULL, 25, 103, 494, 325),
(6205, 471, 1, 27, 0, NULL, NULL, 104, 497, 316),
(6206, 471, 1, 27, -1, NULL, 11, 105, 504, 101),
(6207, 471, 1, 12, -1, NULL, 12, 107, 517, 76),
(6208, 471, 1, 11, 0, NULL, NULL, 106, 508, 551),
(6209, 471, 1, 26, 0, NULL, NULL, 23, 161, 78),
(6210, 471, 1, 26, -1, NULL, 11, 24, 166, 111),
(6211, 471, 1, 26, 0, NULL, NULL, 25, 169, 51),
(6212, 471, 1, 26, 0, NULL, NULL, 26, 172, 61),
(6213, 471, 1, 26, 0, NULL, NULL, 55, 286, 43),
(6214, 474, 1, 1, 0, NULL, NULL, 1, 4, 10),
(6215, 474, 1, 3, 0, NULL, NULL, 3, 15, 7),
(6216, 474, 1, 5, -1, NULL, 5, 4, 22, 29),
(6217, 474, 1, 13, -1, NULL, 2, 8, 67, 23),
(6218, 474, 1, 11, -1, NULL, 16, 10, 77, 54),
(6219, 474, 1, 12, -1, NULL, 12, 11, 87, 12),
(6220, 474, 1, 3, -1, NULL, 3, 12, 92, 13),
(6221, 474, 1, 5, -1, NULL, 5, 13, 97, 20),
(6222, 474, 1, 8, -1, NULL, 2, 14, 108, 13),
(6223, 474, 1, 12, -1, NULL, 2, 15, 125, 15),
(6224, 474, 1, 11, -1, NULL, 11, 16, 122, 4),
(6225, 474, 1, 17, -1, NULL, 18, 18, 138, 6),
(6226, 474, 1, 12, -1, NULL, 12, 19, 144, 14),
(6227, 474, 1, 1, -1, NULL, 1, 98, 464, 39),
(6228, 474, 1, 5, -1, NULL, 5, 102, 489, 9),
(6229, 474, 1, 25, -1, NULL, 25, 103, 494, 6),
(6230, 474, 1, 27, -1, NULL, 27, 104, 501, 3),
(6231, 474, 1, 11, -1, NULL, 11, 106, 513, 2),
(6232, 474, 1, 26, -1, NULL, 11, 23, 162, 42),
(6233, 474, 1, 26, -1, NULL, 11, 25, 171, 10),
(6234, 474, 1, 26, -1, NULL, 26, 27, 179, 2),
(6235, 475, 3, 20, 0, NULL, NULL, 56, 291, 21),
(6236, 475, 3, 20, 0, NULL, NULL, 57, 294, 19),
(6237, 475, 3, 20, -1, NULL, 20, 59, 303, 35),
(6238, 475, 3, 20, -1, NULL, 20, 60, 309, 12),
(6239, 475, 3, 19, 0, NULL, NULL, 62, 315, 20),
(6240, 475, 3, 19, 0, NULL, NULL, 63, 318, 19),
(6241, 475, 3, 19, 0, NULL, NULL, 65, 326, 29),
(6242, 475, 3, 19, 0, NULL, NULL, 67, 334, 17),
(6243, 475, 3, 16, 0, NULL, NULL, 68, 339, 9),
(6244, 475, 3, 16, 0, NULL, NULL, 69, 342, 13),
(6245, 475, 3, 16, -1, NULL, 16, 71, 351, 43),
(6246, 475, 3, 16, 0, NULL, NULL, 72, 355, 21),
(6247, 475, 3, 16, -1, NULL, 16, 73, 359, 26),
(6248, 475, 3, 21, 0, NULL, NULL, 74, 363, 16),
(6249, 475, 3, 21, 0, NULL, NULL, 75, 366, 9),
(6250, 475, 3, 21, 0, NULL, NULL, 77, 374, 37),
(6251, 475, 3, 21, 0, NULL, NULL, 79, 382, 26),
(6252, 475, 3, 25, 0, NULL, NULL, 80, 387, 23),
(6253, 475, 3, 25, -1, NULL, 25, 81, 392, 18),
(6254, 475, 3, 25, -1, NULL, 25, 82, 397, 9),
(6255, 475, 3, 25, -1, NULL, 25, 84, 405, 7);
INSERT INTO `resultado` (`cod_resultado`, `cod_usuario`, `cod_tst`, `cod_conceito`, `score`, `certeza_score`, `motivo`, `cod_perg`, `cod_item`, `tempo`) VALUES
(6256, 475, 3, 22, -1, NULL, 22, 86, 410, 15),
(6257, 475, 3, 22, 0, NULL, NULL, 88, 419, 14),
(6258, 475, 3, 22, 0, NULL, NULL, 89, 422, 6),
(6259, 475, 3, 22, 0, NULL, NULL, 91, 430, 6),
(6260, 475, 3, 9, -1, NULL, 9, 92, 434, 6),
(6261, 475, 3, 9, 0, NULL, NULL, 94, 443, 4),
(6262, 475, 3, 9, 0, NULL, NULL, 95, 446, 8),
(6263, 475, 3, 9, -1, NULL, 9, 97, 455, 13),
(6264, 477, 1, 1, 0, NULL, NULL, 1, 4, 16),
(6265, 477, 1, 3, 0, NULL, NULL, 3, 15, 35),
(6266, 477, 1, 5, -1, NULL, 5, 4, 22, 130),
(6267, 477, 1, 13, 0, NULL, NULL, 8, 65, 42),
(6268, 477, 1, 10, -1, NULL, 10, 7, 59, 23),
(6269, 477, 1, 11, -1, NULL, 16, 10, 78, 17),
(6270, 477, 1, 12, -1, NULL, 13, 11, 81, 189),
(6271, 477, 1, 3, -1, NULL, 3, 12, 92, 17),
(6272, 477, 1, 5, -1, NULL, 5, 13, 95, 23),
(6273, 477, 1, 8, -1, NULL, 1, 14, 107, 28),
(6274, 477, 1, 12, -1, NULL, 12, 15, 124, 45),
(6275, 477, 1, 11, -1, NULL, 16, 16, 117, 370),
(6276, 477, 1, 2, -1, NULL, 10, 17, 129, 375),
(6277, 477, 1, 17, -1, NULL, 17, 18, 135, 94),
(6278, 477, 1, 12, -1, NULL, 12, 19, 142, 82),
(6279, 477, 1, 18, -1, NULL, 12, 20, 148, 88),
(6280, 477, 1, 11, -1, NULL, 11, 21, 158, 15),
(6281, 477, 1, 1, -1, NULL, 1, 98, 463, 98),
(6282, 477, 1, 3, -1, NULL, 3, 101, 478, 9),
(6283, 477, 1, 5, -1, NULL, 5, 102, 489, 14),
(6284, 478, 3, 20, 0, NULL, NULL, 56, 291, 57),
(6285, 478, 3, 20, 0, NULL, NULL, 57, 294, 36),
(6286, 478, 3, 20, -1, NULL, 20, 59, 303, 67),
(6287, 478, 3, 20, 0, NULL, NULL, 60, 307, 33),
(6288, 478, 3, 20, 0, NULL, NULL, 61, 310, 27),
(6289, 478, 3, 19, -1, NULL, 19, 62, 314, 46),
(6290, 478, 3, 19, 0, NULL, NULL, 64, 323, 43),
(6291, 478, 3, 19, -1, NULL, 19, 65, 327, 44),
(6292, 478, 3, 19, 0, NULL, NULL, 66, 331, 41),
(6293, 477, 1, 25, -1, NULL, 11, 103, 492, 421),
(6294, 477, 1, 27, -1, NULL, 27, 104, 501, 10),
(6295, 477, 1, 11, -1, NULL, 11, 106, 509, 11),
(6296, 478, 3, 19, 0, NULL, NULL, 67, 334, 37),
(6297, 478, 3, 16, 0, NULL, NULL, 68, 339, 10),
(6298, 477, 1, 26, 0, NULL, NULL, 23, 161, 56),
(6299, 477, 1, 26, -1, NULL, 11, 24, 166, 4),
(6300, 478, 3, 16, 0, NULL, NULL, 69, 342, 42),
(6301, 477, 1, 26, -1, NULL, 11, 25, 171, 7),
(6302, 477, 1, 26, -1, NULL, 26, 27, 179, 6),
(6303, 478, 3, 16, -1, NULL, 16, 71, 351, 36),
(6304, 478, 3, 16, 0, NULL, NULL, 72, 355, 25),
(6305, 478, 3, 16, 0, NULL, NULL, 73, 358, 13),
(6306, 478, 3, 21, 0, NULL, NULL, 74, 363, 43),
(6307, 478, 3, 21, -1, NULL, 21, 75, 367, 77),
(6308, 480, 3, 20, 0, NULL, NULL, 56, 291, 81),
(6309, 478, 3, 21, 0, NULL, NULL, 76, 371, 48),
(6310, 480, 3, 20, 0, NULL, NULL, 57, 294, 37),
(6311, 478, 3, 21, 0, NULL, NULL, 77, 374, 38),
(6312, 480, 3, 20, 0, NULL, NULL, 59, 302, 68),
(6313, 480, 3, 20, 0, NULL, NULL, 61, 310, 31),
(6314, 478, 3, 21, -1, NULL, 21, 79, 383, 113),
(6315, 480, 3, 19, 0, NULL, NULL, 62, 315, 43),
(6316, 478, 3, 25, 0, NULL, NULL, 80, 387, 34),
(6317, 480, 3, 19, 0, NULL, NULL, 63, 318, 44),
(6318, 478, 3, 25, 0, NULL, NULL, 81, 390, 36),
(6319, 480, 3, 19, 0, NULL, NULL, 65, 326, 60),
(6320, 480, 3, 19, 0, NULL, NULL, 67, 334, 32),
(6321, 478, 3, 25, -1, NULL, 25, 83, 400, 105),
(6322, 480, 3, 16, 0, NULL, NULL, 68, 339, 35),
(6323, 480, 3, 16, -1, NULL, 16, 69, 343, 60),
(6324, 478, 3, 25, 0, NULL, NULL, 84, 403, 63),
(6325, 480, 3, 16, 0, NULL, NULL, 70, 347, 75),
(6326, 480, 3, 16, 0, NULL, NULL, 71, 350, 30),
(6327, 478, 3, 25, -1, NULL, 25, 85, 407, 130),
(6328, 480, 3, 16, 0, NULL, NULL, 73, 358, 44),
(6329, 480, 3, 21, 0, NULL, NULL, 74, 363, 26),
(6330, 478, 3, 22, -1, NULL, 22, 86, 410, 65),
(6331, 480, 3, 21, 0, NULL, NULL, 75, 366, 39),
(6332, 478, 3, 22, 0, NULL, NULL, 88, 419, 40),
(6333, 478, 3, 22, 0, NULL, NULL, 89, 422, 10),
(6334, 478, 3, 22, 0, NULL, NULL, 91, 430, 57),
(6335, 478, 3, 9, -1, NULL, 9, 92, 434, 9),
(6336, 478, 3, 9, 0, NULL, NULL, 94, 443, 7),
(6337, 478, 3, 9, 0, NULL, NULL, 95, 446, 8),
(6338, 480, 3, 21, 0, NULL, NULL, 77, 374, 129),
(6339, 480, 3, 21, 0, NULL, NULL, 79, 382, 36),
(6340, 478, 3, 9, -1, NULL, 9, 97, 455, 113),
(6341, 480, 3, 25, 0, NULL, NULL, 80, 387, 221),
(6342, 480, 3, 25, 0, NULL, NULL, 81, 390, 29),
(6343, 481, 1, 1, -1, NULL, 1, 1, 3, 61),
(6344, 481, 1, 4, -1, NULL, 4, 2, 8, 41),
(6345, 481, 1, 3, -1, NULL, 3, 6, 50, 127),
(6346, 481, 1, 13, -1, NULL, 9, 8, 64, 151),
(6347, 481, 1, 11, 0, NULL, NULL, 10, 79, 149),
(6348, 480, 3, 25, -1, NULL, 25, 83, 399, 932),
(6349, 481, 1, 12, -1, NULL, 10, 11, 83, 316),
(6350, 481, 1, 3, 0, NULL, NULL, 12, 91, 25),
(6351, 481, 1, 5, -1, NULL, 6, 13, 100, 64),
(6352, 481, 1, 8, 0, NULL, NULL, 14, 104, 111),
(6353, 481, 1, 12, -1, NULL, 12, 15, 112, 152),
(6354, 481, 1, 11, -1, NULL, 11, 16, 123, 345),
(6355, 481, 1, 17, -1, NULL, 17, 18, 135, 162),
(6356, 481, 1, 12, -1, NULL, 13, 19, 139, 49),
(6357, 481, 1, 18, -1, NULL, 18, 20, 145, 31),
(6358, 480, 3, 25, 0, NULL, NULL, 84, 403, 1126),
(6359, 480, 3, 25, 0, NULL, NULL, 85, 406, 49),
(6360, 481, 1, 11, 0, NULL, NULL, 21, 155, 109),
(6361, 480, 3, 22, 0, NULL, NULL, 86, 411, 15),
(6362, 480, 3, 22, 0, NULL, NULL, 87, 414, 14),
(6363, 480, 3, 22, 0, NULL, NULL, 89, 422, 14),
(6364, 480, 3, 22, 0, NULL, NULL, 91, 430, 14),
(6365, 481, 1, 1, -1, NULL, 28, 98, 459, 88),
(6366, 480, 3, 9, 0, NULL, NULL, 92, 435, 40),
(6367, 480, 3, 9, 0, NULL, NULL, 93, 438, 43),
(6368, 480, 3, 9, 0, NULL, NULL, 95, 446, 6),
(6369, 481, 1, 5, -1, NULL, 5, 102, 482, 93),
(6370, 481, 1, 25, 0, NULL, NULL, 103, 491, 114),
(6371, 480, 3, 9, 0, NULL, NULL, 97, 454, 218),
(6372, 481, 1, 27, 0, NULL, NULL, 104, 497, 92),
(6373, 481, 1, 27, -1, NULL, 11, 105, 504, 10),
(6374, 481, 1, 12, 0, NULL, NULL, 107, 515, 55),
(6375, 481, 1, 11, -1, NULL, 11, 106, 509, 45),
(6376, 481, 1, 26, 0, NULL, NULL, 23, 161, 109),
(6377, 481, 1, 26, 0, NULL, NULL, 24, 164, 225),
(6378, 481, 1, 26, -1, NULL, 26, 26, 173, 156),
(6379, 481, 1, 26, 0, NULL, NULL, 27, 177, 145),
(6380, 481, 1, 26, 0, NULL, NULL, 55, 286, 60),
(6381, 482, 3, 20, 0, NULL, NULL, 56, 291, 200),
(6382, 482, 3, 20, -1, NULL, 20, 57, 295, 26),
(6383, 482, 3, 20, -1, NULL, 20, 58, 298, 61),
(6384, 482, 3, 20, -1, NULL, 20, 60, 306, 56),
(6385, 482, 3, 19, 0, NULL, NULL, 62, 315, 40),
(6386, 482, 3, 19, 0, NULL, NULL, 63, 318, 18),
(6387, 482, 3, 19, -1, NULL, 19, 65, 327, 225),
(6388, 482, 3, 19, 0, NULL, NULL, 66, 331, 13),
(6389, 482, 3, 19, 0, NULL, NULL, 67, 334, 28),
(6390, 482, 3, 16, 0, NULL, NULL, 68, 339, 34),
(6391, 482, 3, 16, 0, NULL, NULL, 69, 342, 16),
(6392, 482, 3, 16, -1, NULL, 16, 71, 352, 26),
(6393, 482, 3, 16, 0, NULL, NULL, 72, 355, 28),
(6394, 482, 3, 16, 0, NULL, NULL, 73, 358, 55),
(6395, 482, 3, 21, -1, NULL, 21, 74, 364, 42),
(6396, 482, 3, 21, 0, NULL, NULL, 76, 371, 81),
(6397, 482, 3, 21, 0, NULL, NULL, 77, 374, 70),
(6398, 482, 3, 21, 0, NULL, NULL, 79, 382, 70),
(6399, 482, 3, 25, -1, NULL, 25, 80, 389, 21),
(6400, 482, 3, 25, -1, NULL, 25, 82, 397, 5),
(6401, 482, 3, 25, -1, NULL, 25, 84, 404, 30),
(6402, 482, 3, 22, -1, NULL, 22, 86, 410, 80),
(6403, 482, 3, 22, 0, NULL, NULL, 88, 419, 14),
(6404, 482, 3, 22, 0, NULL, NULL, 89, 422, 17),
(6405, 482, 3, 22, -1, NULL, 22, 91, 431, 57),
(6406, 482, 3, 9, -1, NULL, 9, 92, 434, 116),
(6407, 482, 3, 9, 0, NULL, NULL, 94, 443, 7),
(6408, 482, 3, 9, -1, NULL, 9, 95, 447, 46),
(6409, 482, 3, 9, 0, NULL, NULL, 96, 451, 26),
(6410, 482, 3, 9, 0, NULL, NULL, 97, 454, 27),
(6411, 483, 3, 20, -1, NULL, 20, 56, 290, 59),
(6412, 483, 3, 20, 0, NULL, NULL, 58, 299, 27),
(6413, 483, 3, 20, 0, NULL, NULL, 59, 302, 108),
(6414, 483, 3, 20, -1, NULL, 20, 61, 311, 17),
(6415, 483, 3, 19, 0, NULL, NULL, 62, 315, 43),
(6416, 483, 3, 19, 0, NULL, NULL, 63, 318, 24),
(6417, 483, 3, 19, -1, NULL, 19, 65, 327, 20),
(6418, 483, 3, 19, 0, NULL, NULL, 66, 331, 14),
(6419, 483, 3, 19, 0, NULL, NULL, 67, 334, 23),
(6420, 483, 3, 16, 0, NULL, NULL, 68, 339, 11),
(6421, 483, 3, 16, 0, NULL, NULL, 69, 342, 19),
(6422, 483, 3, 16, 0, NULL, NULL, 71, 350, 16),
(6423, 483, 3, 16, -1, NULL, 16, 73, 359, 9),
(6424, 483, 3, 21, 0, NULL, NULL, 74, 363, 22),
(6425, 483, 3, 21, 0, NULL, NULL, 75, 366, 14),
(6426, 483, 3, 21, -1, NULL, 21, 77, 375, 13),
(6427, 483, 3, 21, 0, NULL, NULL, 78, 379, 21),
(6428, 483, 3, 21, -1, NULL, 21, 79, 383, 14),
(6429, 483, 3, 25, 0, NULL, NULL, 80, 387, 14),
(6430, 483, 3, 25, 0, NULL, NULL, 81, 390, 7),
(6431, 483, 3, 25, 0, NULL, NULL, 83, 398, 8),
(6432, 483, 3, 25, -1, NULL, 25, 85, 407, 6),
(6433, 483, 3, 22, -1, NULL, 22, 86, 410, 16),
(6434, 483, 3, 22, 0, NULL, NULL, 88, 419, 21),
(6435, 483, 3, 22, 0, NULL, NULL, 89, 422, 14),
(6436, 483, 3, 22, 0, NULL, NULL, 91, 430, 14),
(6437, 483, 3, 9, -1, NULL, 9, 92, 434, 13),
(6438, 483, 3, 9, 0, NULL, NULL, 94, 443, 9),
(6439, 483, 3, 9, 0, NULL, NULL, 95, 446, 18),
(6440, 483, 3, 9, -1, NULL, 9, 97, 455, 32),
(6441, 485, 3, 20, 0, NULL, NULL, 56, 291, 38),
(6442, 485, 3, 20, -1, NULL, 20, 57, 296, 50),
(6443, 485, 3, 20, -1, NULL, 20, 58, 298, 16),
(6444, 485, 3, 20, 0, NULL, NULL, 60, 307, 31),
(6445, 485, 3, 20, 0, NULL, NULL, 61, 310, 16),
(6446, 485, 3, 19, 0, NULL, NULL, 62, 315, 17),
(6447, 485, 3, 19, 0, NULL, NULL, 63, 318, 37),
(6448, 485, 3, 19, 0, NULL, NULL, 65, 326, 23),
(6449, 485, 3, 19, 0, NULL, NULL, 67, 334, 32),
(6450, 485, 3, 16, 0, NULL, NULL, 68, 339, 27),
(6451, 485, 3, 16, 0, NULL, NULL, 69, 342, 21),
(6452, 485, 3, 16, -1, NULL, 16, 71, 351, 16),
(6453, 485, 3, 16, -1, NULL, 16, 72, 356, 12),
(6454, 485, 3, 21, 0, NULL, NULL, 74, 363, 19),
(6455, 485, 3, 21, 0, NULL, NULL, 75, 366, 21),
(6456, 485, 3, 21, 0, NULL, NULL, 77, 374, 26),
(6457, 485, 3, 21, -1, NULL, 21, 79, 385, 5),
(6458, 485, 3, 25, -1, NULL, 25, 80, 389, 12),
(6459, 485, 3, 25, -1, NULL, 25, 82, 397, 4),
(6460, 485, 3, 25, -1, NULL, 25, 84, 405, 3),
(6461, 485, 3, 22, -1, NULL, 22, 86, 410, 6),
(6462, 485, 3, 22, -1, NULL, 22, 88, 418, 14),
(6463, 484, 1, 1, 0, NULL, NULL, 1, 4, 70),
(6464, 485, 3, 22, -1, NULL, 22, 90, 428, 17),
(6465, 485, 3, 9, -1, NULL, 9, 92, 434, 19),
(6466, 485, 3, 9, -1, NULL, 9, 94, 442, 6),
(6467, 485, 3, 9, 0, NULL, NULL, 96, 451, 6),
(6468, 484, 1, 3, 0, NULL, NULL, 3, 15, 47),
(6469, 485, 3, 9, 0, NULL, NULL, 97, 454, 22),
(6470, 484, 1, 5, -1, NULL, 5, 4, 27, 29),
(6471, 484, 1, 13, -1, NULL, 12, 8, 63, 174),
(6472, 484, 1, 11, -1, NULL, 11, 10, 80, 32),
(6473, 484, 1, 12, -1, NULL, 12, 11, 87, 31),
(6474, 484, 1, 3, -1, NULL, 3, 12, 89, 68),
(6475, 484, 1, 5, -1, NULL, 5, 13, 102, 23),
(6476, 484, 1, 8, -1, NULL, 2, 14, 108, 47),
(6477, 484, 1, 12, -1, NULL, 2, 15, 125, 22),
(6478, 484, 1, 11, -1, NULL, 11, 16, 123, 11),
(6479, 484, 1, 17, -1, NULL, 17, 18, 137, 9),
(6480, 484, 1, 12, -1, NULL, 12, 19, 144, 14),
(6481, 484, 1, 1, -1, NULL, 1, 98, 464, 19),
(6482, 484, 1, 5, -1, NULL, 5, 102, 489, 8),
(6483, 484, 1, 25, -1, NULL, 2, 103, 493, 13),
(6484, 484, 1, 27, -1, NULL, 27, 104, 495, 26),
(6485, 484, 1, 11, -1, NULL, 2, 106, 512, 15),
(6486, 484, 1, 26, -1, NULL, 11, 23, 162, 8),
(6487, 484, 1, 26, -1, NULL, 11, 25, 171, 10),
(6488, 484, 1, 26, -1, NULL, 26, 27, 179, 5),
(6489, 487, 1, 1, 0, NULL, NULL, 1, 4, 33),
(6490, 487, 1, 3, 0, NULL, NULL, 3, 15, 14),
(6491, 487, 1, 5, -1, NULL, 28, 4, 21, 123),
(6492, 487, 1, 13, 0, NULL, NULL, 8, 65, 54),
(6493, 487, 1, 10, -1, NULL, 10, 7, 57, 83),
(6494, 487, 1, 11, -1, NULL, 16, 10, 78, 524),
(6495, 487, 1, 12, 0, NULL, NULL, 11, 84, 295),
(6496, 487, 1, 11, -1, NULL, 8, 9, 73, 62),
(6497, 487, 1, 3, -1, NULL, 3, 12, 92, 173),
(6498, 487, 1, 5, 0, NULL, NULL, 13, 99, 113),
(6499, 487, 1, 8, -1, NULL, 13, 14, 103, 125),
(6500, 487, 1, 12, -1, NULL, 12, 15, 110, 82),
(6501, 487, 1, 11, -1, NULL, 9, 16, 119, 823),
(6502, 487, 1, 2, -1, NULL, 13, 17, 127, 30),
(6503, 487, 1, 17, -1, NULL, 17, 18, 136, 45),
(6504, 487, 1, 12, -1, NULL, 13, 19, 139, 37),
(6505, 487, 1, 18, -1, NULL, 12, 20, 148, 12),
(6506, 487, 1, 11, -1, NULL, 11, 21, 154, 63),
(6507, 487, 1, 1, -1, NULL, 1, 98, 464, 59),
(6508, 487, 1, 5, 0, NULL, NULL, 102, 484, 41),
(6509, 487, 1, 25, 0, NULL, NULL, 103, 491, 33),
(6510, 487, 1, 27, -1, NULL, 27, 104, 499, 46),
(6511, 487, 1, 11, -1, NULL, 11, 106, 511, 46),
(6512, 487, 1, 26, 0, NULL, NULL, 23, 161, 41),
(6513, 487, 1, 26, -1, NULL, 26, 24, 165, 89),
(6514, 487, 1, 26, 0, NULL, NULL, 25, 169, 84),
(6515, 487, 1, 26, 0, NULL, NULL, 26, 172, 6),
(6516, 487, 1, 26, 0, NULL, NULL, 55, 286, 19),
(6517, 489, 1, 1, 0, NULL, NULL, 1, 4, 32),
(6518, 490, 3, 20, 0, NULL, NULL, 56, 291, 36),
(6519, 489, 1, 3, 0, NULL, NULL, 3, 15, 9),
(6520, 490, 3, 20, 0, NULL, NULL, 57, 294, 47),
(6521, 489, 1, 5, 0, NULL, NULL, 4, 26, 82),
(6522, 490, 3, 20, 0, NULL, NULL, 59, 302, 55),
(6523, 491, 3, 20, 0, NULL, NULL, 56, 291, 127),
(6524, 492, 3, 20, 0, NULL, NULL, 56, 291, 22),
(6525, 492, 3, 20, -1, NULL, 20, 57, 295, 14),
(6526, 490, 3, 20, 0, NULL, NULL, 61, 310, 33),
(6527, 492, 3, 20, 0, NULL, NULL, 58, 299, 29),
(6528, 491, 3, 20, 0, NULL, NULL, 57, 294, 64),
(6529, 489, 1, 13, 0, NULL, NULL, 8, 65, 86),
(6530, 490, 3, 19, 0, NULL, NULL, 62, 315, 37),
(6531, 492, 3, 20, 0, NULL, NULL, 59, 302, 32),
(6532, 492, 3, 20, -1, NULL, 20, 61, 311, 13),
(6533, 490, 3, 19, 0, NULL, NULL, 63, 318, 41),
(6534, 493, 3, 20, 0, NULL, NULL, 56, 291, 147),
(6535, 492, 3, 19, -1, NULL, 19, 62, 314, 47),
(6536, 490, 3, 19, 0, NULL, NULL, 65, 326, 45),
(6537, 489, 1, 10, -1, NULL, 10, 7, 59, 94),
(6538, 490, 3, 19, 0, NULL, NULL, 67, 334, 28),
(6539, 491, 3, 20, 0, NULL, NULL, 59, 302, 128),
(6540, 492, 3, 19, 0, NULL, NULL, 64, 323, 54),
(6541, 490, 3, 16, 0, NULL, NULL, 68, 339, 12),
(6542, 493, 3, 20, 0, NULL, NULL, 57, 294, 72),
(6543, 490, 3, 16, 0, NULL, NULL, 69, 342, 17),
(6544, 492, 3, 19, -1, NULL, 19, 65, 327, 29),
(6545, 491, 3, 20, 0, NULL, NULL, 61, 310, 44),
(6546, 489, 1, 11, 0, NULL, NULL, 10, 79, 83),
(6547, 490, 3, 16, -1, NULL, 16, 71, 351, 57),
(6548, 492, 3, 19, 0, NULL, NULL, 66, 331, 62),
(6549, 489, 1, 12, 0, NULL, NULL, 11, 84, 45),
(6550, 493, 3, 20, 0, NULL, NULL, 59, 302, 111),
(6551, 491, 3, 19, 0, NULL, NULL, 62, 315, 77),
(6552, 492, 3, 19, 0, NULL, NULL, 67, 334, 40),
(6553, 490, 3, 16, 0, NULL, NULL, 72, 355, 68),
(6554, 493, 3, 20, 0, NULL, NULL, 61, 310, 36),
(6555, 492, 3, 16, 0, NULL, NULL, 68, 339, 27),
(6556, 490, 3, 16, 0, NULL, NULL, 73, 358, 22),
(6557, 492, 3, 16, 0, NULL, NULL, 69, 342, 24),
(6558, 490, 3, 21, 0, NULL, NULL, 74, 363, 18),
(6559, 490, 3, 21, 0, NULL, NULL, 75, 366, 9),
(6560, 492, 3, 16, -1, NULL, 16, 71, 351, 17),
(6561, 491, 3, 19, 0, NULL, NULL, 63, 318, 101),
(6562, 492, 3, 16, -1, NULL, 16, 72, 354, 31),
(6563, 493, 3, 19, 0, NULL, NULL, 62, 315, 82),
(6564, 490, 3, 21, 0, NULL, NULL, 77, 374, 51),
(6565, 492, 3, 21, 0, NULL, NULL, 74, 363, 26),
(6566, 492, 3, 21, 0, NULL, NULL, 75, 366, 22),
(6567, 492, 3, 21, -1, NULL, 21, 77, 375, 29),
(6568, 491, 3, 19, 0, NULL, NULL, 65, 326, 88),
(6569, 490, 3, 21, 0, NULL, NULL, 79, 382, 77),
(6570, 492, 3, 21, -1, NULL, 21, 78, 378, 26),
(6571, 489, 1, 11, -1, NULL, 11, 9, 71, 258),
(6572, 492, 3, 25, -1, NULL, 25, 80, 386, 19),
(6573, 494, 3, 20, 0, NULL, NULL, 56, 291, 524),
(6574, 492, 3, 25, -1, NULL, 25, 82, 397, 6),
(6575, 491, 3, 19, 0, NULL, NULL, 67, 334, 62),
(6576, 492, 3, 25, -1, NULL, 25, 84, 404, 12),
(6577, 492, 3, 22, -1, NULL, 22, 86, 410, 8),
(6578, 489, 1, 3, 0, NULL, NULL, 12, 91, 45),
(6579, 490, 3, 25, 0, NULL, NULL, 80, 387, 75),
(6580, 491, 3, 16, 0, NULL, NULL, 68, 339, 31),
(6581, 492, 3, 22, 0, NULL, NULL, 88, 419, 31),
(6582, 490, 3, 25, -1, NULL, 25, 81, 393, 19),
(6583, 492, 3, 22, 0, NULL, NULL, 89, 422, 10),
(6584, 490, 3, 25, -1, NULL, 25, 82, 397, 17),
(6585, 489, 1, 5, 0, NULL, NULL, 13, 99, 42),
(6586, 492, 3, 22, -1, NULL, 22, 91, 431, 17),
(6587, 492, 3, 9, -1, NULL, 9, 92, 434, 10),
(6588, 490, 3, 25, -1, NULL, 25, 84, 405, 19),
(6589, 490, 3, 22, -1, NULL, 22, 86, 410, 6),
(6590, 491, 3, 16, 0, NULL, NULL, 69, 342, 63),
(6591, 493, 3, 19, 0, NULL, NULL, 63, 318, 239),
(6592, 492, 3, 9, 0, NULL, NULL, 94, 443, 26),
(6593, 492, 3, 9, 0, NULL, NULL, 95, 446, 10),
(6594, 489, 1, 8, -1, NULL, 12, 14, 106, 69),
(6595, 490, 3, 22, -1, NULL, 22, 88, 418, 67),
(6596, 492, 3, 9, -1, NULL, 9, 97, 455, 40),
(6597, 490, 3, 22, -1, NULL, 22, 90, 426, 35),
(6598, 489, 1, 12, -1, NULL, 12, 15, 112, 66),
(6599, 494, 3, 20, 0, NULL, NULL, 57, 294, 224),
(6600, 490, 3, 9, -1, NULL, 9, 92, 434, 17),
(6601, 490, 3, 9, 0, NULL, NULL, 94, 443, 6),
(6602, 490, 3, 9, 0, NULL, NULL, 95, 446, 13),
(6603, 493, 3, 19, 0, NULL, NULL, 65, 326, 165),
(6604, 491, 3, 16, 0, NULL, NULL, 71, 350, 212),
(6605, 493, 3, 19, 0, NULL, NULL, 67, 334, 83),
(6606, 490, 3, 9, -1, NULL, 9, 97, 455, 151),
(6607, 491, 3, 16, 0, NULL, NULL, 73, 358, 98),
(6608, 495, 1, 1, -1, NULL, 1, 1, 3, 44),
(6609, 493, 3, 16, 0, NULL, NULL, 68, 339, 58),
(6610, 489, 1, 11, -1, NULL, 9, 16, 120, 213),
(6611, 495, 1, 4, -1, NULL, 4, 2, 7, 20),
(6612, 494, 3, 20, 0, NULL, NULL, 59, 302, 237),
(6613, 495, 1, 3, -1, NULL, 3, 6, 53, 37),
(6614, 493, 3, 16, 0, NULL, NULL, 69, 342, 64),
(6615, 491, 3, 21, 0, NULL, NULL, 74, 363, 90),
(6616, 491, 3, 21, 0, NULL, NULL, 75, 366, 42),
(6617, 495, 1, 13, -1, NULL, 9, 8, 64, 103),
(6618, 493, 3, 16, -1, NULL, 16, 71, 351, 109),
(6619, 489, 1, 2, -1, NULL, 13, 17, 127, 176),
(6620, 495, 1, 11, 0, NULL, NULL, 10, 79, 26),
(6621, 491, 3, 21, 0, NULL, NULL, 77, 374, 60),
(6622, 495, 1, 12, 0, NULL, NULL, 11, 84, 26),
(6623, 494, 3, 20, 0, NULL, NULL, 61, 310, 186),
(6624, 493, 3, 16, 0, NULL, NULL, 72, 355, 52),
(6625, 495, 1, 11, -1, NULL, 13, 9, 69, 36),
(6626, 489, 1, 17, -1, NULL, 17, 18, 136, 80),
(6627, 496, 1, 1, 0, NULL, NULL, 1, 4, 41),
(6628, 496, 1, 3, 0, NULL, NULL, 3, 15, 9),
(6629, 489, 1, 12, -1, NULL, 12, 19, 143, 38),
(6630, 495, 1, 3, -1, NULL, 3, 12, 88, 77),
(6631, 494, 3, 19, 0, NULL, NULL, 62, 315, 113),
(6632, 495, 1, 5, -1, NULL, 5, 13, 95, 24),
(6633, 489, 1, 18, -1, NULL, 18, 20, 145, 57),
(6634, 495, 1, 8, -1, NULL, 2, 14, 108, 12),
(6635, 496, 1, 5, -1, NULL, 5, 4, 27, 76),
(6636, 495, 1, 12, -1, NULL, 12, 15, 112, 24),
(6637, 491, 3, 21, 0, NULL, NULL, 79, 382, 202),
(6638, 493, 3, 16, 0, NULL, NULL, 73, 358, 166),
(6639, 489, 1, 11, -1, NULL, 11, 21, 153, 41),
(6640, 495, 1, 11, 0, NULL, NULL, 16, 121, 49),
(6641, 493, 3, 21, 0, NULL, NULL, 74, 363, 53),
(6642, 495, 1, 2, 0, NULL, NULL, 17, 126, 28),
(6643, 496, 1, 13, 0, NULL, NULL, 8, 65, 104),
(6644, 495, 1, 17, -1, NULL, 17, 18, 132, 26),
(6645, 494, 3, 19, 0, NULL, NULL, 63, 318, 158),
(6646, 495, 1, 12, -1, NULL, 13, 19, 139, 25),
(6647, 495, 1, 18, -1, NULL, 12, 20, 148, 11),
(6648, 493, 3, 21, 0, NULL, NULL, 75, 366, 89),
(6649, 489, 1, 1, -1, NULL, 1, 98, 464, 131),
(6650, 489, 1, 5, -1, NULL, 28, 102, 485, 12),
(6651, 495, 1, 11, -1, NULL, 11, 21, 154, 24),
(6652, 489, 1, 25, -1, NULL, 11, 103, 492, 8),
(6653, 494, 3, 19, 0, NULL, NULL, 65, 326, 71),
(6654, 489, 1, 27, 0, NULL, NULL, 104, 497, 19),
(6655, 495, 1, 1, -1, NULL, 1, 98, 463, 59),
(6656, 489, 1, 27, -1, NULL, 11, 105, 505, 55),
(6657, 493, 3, 21, 0, NULL, NULL, 77, 374, 108),
(6658, 495, 1, 3, -1, NULL, 3, 101, 479, 34),
(6659, 496, 1, 10, -1, NULL, 10, 7, 57, 198),
(6660, 494, 3, 19, 0, NULL, NULL, 67, 334, 110),
(6661, 495, 1, 5, -1, NULL, 5, 102, 486, 28),
(6662, 489, 1, 12, -1, NULL, 12, 107, 514, 55),
(6663, 489, 1, 11, 0, NULL, NULL, 106, 508, 4),
(6664, 489, 1, 26, -1, NULL, 26, 23, 160, 3),
(6665, 489, 1, 26, 0, NULL, NULL, 25, 169, 5),
(6666, 489, 1, 26, -1, NULL, 26, 26, 173, 3),
(6667, 494, 3, 16, -1, NULL, 16, 68, 338, 37),
(6668, 495, 1, 25, -1, NULL, 11, 103, 492, 42),
(6669, 489, 1, 26, -1, NULL, 26, 27, 176, 8),
(6670, 495, 1, 27, -1, NULL, 27, 104, 495, 24),
(6671, 495, 1, 11, -1, NULL, 11, 106, 511, 13),
(6672, 496, 1, 11, -1, NULL, 16, 10, 77, 92),
(6673, 495, 1, 26, 0, NULL, NULL, 23, 161, 14),
(6674, 495, 1, 26, 0, NULL, NULL, 24, 164, 4),
(6675, 495, 1, 26, 0, NULL, NULL, 26, 172, 4),
(6676, 495, 1, 26, 0, NULL, NULL, 55, 286, 5),
(6677, 493, 3, 21, 0, NULL, NULL, 79, 382, 177),
(6678, 491, 3, 25, -1, NULL, 25, 80, 389, 232),
(6679, 496, 1, 12, -1, NULL, 13, 11, 81, 75),
(6680, 497, 3, 20, 0, NULL, NULL, 56, 291, 27),
(6681, 496, 1, 3, -1, NULL, 3, 12, 89, 39),
(6682, 497, 3, 20, 0, NULL, NULL, 57, 294, 50),
(6683, 496, 1, 5, -1, NULL, 5, 13, 95, 50),
(6684, 491, 3, 25, -1, NULL, 25, 82, 397, 96),
(6685, 497, 3, 20, 0, NULL, NULL, 59, 302, 27),
(6686, 493, 3, 25, 0, NULL, NULL, 80, 387, 130),
(6687, 496, 1, 8, -1, NULL, 2, 14, 108, 22),
(6688, 497, 3, 20, 0, NULL, NULL, 61, 310, 18),
(6689, 496, 1, 12, -1, NULL, 12, 15, 124, 38),
(6690, 493, 3, 25, 0, NULL, NULL, 81, 390, 43),
(6691, 497, 3, 19, 0, NULL, NULL, 62, 315, 40),
(6692, 494, 3, 16, 0, NULL, NULL, 70, 347, 313),
(6693, 493, 3, 25, -1, NULL, 25, 83, 401, 32),
(6694, 493, 3, 25, -1, NULL, 25, 84, 405, 5),
(6695, 497, 3, 19, 0, NULL, NULL, 63, 318, 41),
(6696, 493, 3, 22, -1, NULL, 22, 86, 410, 12),
(6697, 493, 3, 22, -1, NULL, 22, 88, 418, 17),
(6698, 497, 3, 19, 0, NULL, NULL, 65, 326, 32),
(6699, 496, 1, 11, -1, NULL, 11, 16, 122, 106),
(6700, 491, 3, 25, 0, NULL, NULL, 84, 403, 146),
(6701, 497, 3, 19, 0, NULL, NULL, 67, 334, 48),
(6702, 493, 3, 22, -1, NULL, 22, 90, 426, 76),
(6703, 497, 3, 16, 0, NULL, NULL, 68, 339, 26),
(6704, 493, 3, 9, -1, NULL, 9, 92, 434, 13),
(6705, 497, 3, 16, 0, NULL, NULL, 69, 342, 18),
(6706, 496, 1, 17, -1, NULL, 17, 18, 132, 81),
(6707, 493, 3, 9, -1, NULL, 9, 94, 442, 24),
(6708, 497, 3, 16, 0, NULL, NULL, 71, 350, 46),
(6709, 496, 1, 12, -1, NULL, 12, 19, 144, 50),
(6710, 494, 3, 16, -1, NULL, 16, 71, 351, 210),
(6711, 493, 3, 9, 0, NULL, NULL, 96, 451, 66),
(6712, 491, 3, 25, -1, NULL, 25, 85, 409, 153),
(6713, 497, 3, 16, 0, NULL, NULL, 73, 358, 40),
(6714, 497, 3, 21, 0, NULL, NULL, 74, 363, 20),
(6715, 497, 3, 21, 0, NULL, NULL, 75, 366, 14),
(6716, 494, 3, 16, -1, NULL, 16, 72, 354, 59),
(6717, 496, 1, 1, -1, NULL, 1, 98, 465, 67),
(6718, 497, 3, 21, 0, NULL, NULL, 77, 374, 23),
(6719, 493, 3, 9, 0, NULL, NULL, 97, 454, 77),
(6720, 494, 3, 21, 0, NULL, NULL, 74, 363, 54),
(6721, 496, 1, 5, -1, NULL, 5, 102, 482, 64),
(6722, 491, 3, 22, -1, NULL, 22, 86, 410, 85),
(6723, 497, 3, 21, 0, NULL, NULL, 79, 382, 66),
(6724, 491, 3, 22, 0, NULL, NULL, 88, 419, 36),
(6725, 497, 3, 25, 0, NULL, NULL, 80, 387, 62),
(6726, 491, 3, 22, 0, NULL, NULL, 89, 422, 32),
(6727, 497, 3, 25, 0, NULL, NULL, 81, 390, 7),
(6728, 497, 3, 25, -1, NULL, 25, 83, 401, 5),
(6729, 494, 3, 21, 0, NULL, NULL, 75, 366, 112),
(6730, 491, 3, 22, 0, NULL, NULL, 91, 430, 15),
(6731, 497, 3, 25, -1, NULL, 25, 84, 405, 5),
(6732, 491, 3, 9, -1, NULL, 9, 92, 434, 9),
(6733, 497, 3, 22, 0, NULL, NULL, 86, 411, 9),
(6734, 497, 3, 22, 0, NULL, NULL, 87, 414, 13),
(6735, 491, 3, 9, 0, NULL, NULL, 94, 443, 27),
(6736, 491, 3, 9, 0, NULL, NULL, 95, 446, 18),
(6737, 497, 3, 22, 0, NULL, NULL, 89, 422, 31),
(6738, 496, 1, 25, -1, NULL, 25, 103, 494, 173),
(6739, 491, 3, 9, 0, NULL, NULL, 97, 454, 12),
(6740, 497, 3, 22, 0, NULL, NULL, 91, 430, 20),
(6741, 496, 1, 27, -1, NULL, 27, 104, 501, 14),
(6742, 497, 3, 9, 0, NULL, NULL, 92, 435, 20),
(6743, 497, 3, 9, 0, NULL, NULL, 93, 438, 20),
(6744, 497, 3, 9, 0, NULL, NULL, 95, 446, 12),
(6745, 498, 1, 1, 0, NULL, NULL, 1, 4, 109),
(6746, 497, 3, 9, -1, NULL, 8, 97, 457, 7),
(6747, 494, 3, 21, -1, NULL, 21, 77, 377, 151),
(6748, 498, 1, 3, 0, NULL, NULL, 3, 15, 28),
(6749, 496, 1, 11, -1, NULL, 11, 106, 513, 124),
(6750, 498, 1, 5, 0, NULL, NULL, 4, 26, 45),
(6751, 494, 3, 21, -1, NULL, 21, 78, 378, 156),
(6752, 496, 1, 26, 0, NULL, NULL, 23, 161, 99),
(6753, 498, 1, 13, -1, NULL, 9, 8, 64, 124),
(6754, 496, 1, 26, 0, NULL, NULL, 24, 164, 101),
(6755, 496, 1, 26, 0, NULL, NULL, 26, 172, 12),
(6756, 496, 1, 26, 0, NULL, NULL, 55, 286, 26),
(6757, 499, 1, 1, 0, NULL, NULL, 1, 4, 269),
(6758, 498, 1, 11, -1, NULL, 11, 10, 80, 154),
(6759, 499, 1, 3, 0, NULL, NULL, 3, 15, 62),
(6760, 498, 1, 12, 0, NULL, NULL, 11, 84, 75),
(6761, 494, 3, 25, -1, NULL, 25, 80, 389, 280),
(6762, 499, 1, 5, -1, NULL, 5, 4, 27, 87),
(6763, 498, 1, 11, -1, NULL, 13, 9, 69, 72),
(6764, 494, 3, 25, -1, NULL, 25, 82, 394, 48),
(6765, 494, 3, 25, -1, NULL, 25, 84, 402, 21),
(6766, 494, 3, 22, -1, NULL, 22, 86, 410, 12),
(6767, 498, 1, 3, -1, NULL, 3, 12, 92, 54),
(6768, 494, 3, 22, -1, NULL, 22, 88, 418, 24),
(6769, 494, 3, 22, -1, NULL, 22, 90, 426, 16),
(6770, 498, 1, 5, -1, NULL, 5, 13, 101, 26),
(6771, 494, 3, 9, -1, NULL, 9, 92, 434, 16),
(6772, 498, 1, 8, -1, NULL, 13, 14, 103, 29),
(6773, 494, 3, 9, 0, NULL, NULL, 94, 443, 20),
(6774, 494, 3, 9, 0, NULL, NULL, 95, 446, 20),
(6775, 499, 1, 13, 0, NULL, NULL, 8, 65, 144),
(6776, 494, 3, 9, -1, NULL, 9, 97, 455, 11),
(6777, 498, 1, 12, -1, NULL, 12, 15, 114, 44),
(6778, 498, 1, 11, -1, NULL, 11, 16, 122, 13),
(6779, 498, 1, 17, -1, NULL, 17, 18, 137, 22),
(6780, 498, 1, 12, 0, NULL, NULL, 19, 141, 17),
(6781, 498, 1, 18, -1, NULL, 12, 20, 150, 14),
(6782, 499, 1, 10, -1, NULL, 10, 7, 57, 97),
(6783, 498, 1, 11, -1, NULL, 11, 21, 156, 35),
(6784, 499, 1, 11, -1, NULL, 11, 10, 80, 36),
(6785, 498, 1, 1, -1, NULL, 28, 98, 459, 45),
(6786, 498, 1, 5, -1, NULL, 5, 102, 489, 4),
(6787, 499, 1, 12, -1, NULL, 10, 11, 83, 39),
(6788, 498, 1, 25, -1, NULL, 11, 103, 492, 4),
(6789, 498, 1, 27, -1, NULL, 27, 104, 499, 4),
(6790, 498, 1, 11, -1, NULL, 11, 106, 511, 4),
(6791, 498, 1, 26, -1, NULL, 11, 23, 163, 3),
(6792, 499, 1, 3, -1, NULL, 3, 12, 92, 19),
(6793, 498, 1, 26, -1, NULL, 11, 25, 171, 3),
(6794, 498, 1, 26, -1, NULL, 26, 27, 179, 4),
(6795, 499, 1, 5, 0, NULL, NULL, 13, 99, 30),
(6796, 499, 1, 8, -1, NULL, 12, 14, 106, 73),
(6797, 499, 1, 12, -1, NULL, 12, 15, 124, 113),
(6798, 499, 1, 11, -1, NULL, 11, 16, 123, 11),
(6799, 499, 1, 17, -1, NULL, 18, 18, 138, 15),
(6800, 499, 1, 12, -1, NULL, 12, 19, 144, 106),
(6801, 499, 1, 1, 0, NULL, NULL, 98, 460, 99),
(6802, 499, 1, 3, -1, NULL, 3, 100, 475, 15),
(6803, 499, 1, 5, -1, NULL, 5, 102, 489, 5),
(6804, 499, 1, 25, -1, NULL, 25, 103, 494, 17),
(6805, 499, 1, 27, -1, NULL, 27, 104, 501, 4),
(6806, 499, 1, 11, -1, NULL, 11, 106, 513, 4),
(6807, 499, 1, 26, -1, NULL, 11, 23, 163, 36),
(6808, 499, 1, 26, -1, NULL, 11, 25, 171, 3),
(6809, 499, 1, 26, -1, NULL, 26, 27, 179, 2),
(6810, 500, 3, 20, 0, NULL, NULL, 56, 291, 28),
(6811, 501, 3, 20, 0, NULL, NULL, 56, 291, 35),
(6812, 500, 3, 20, 0, NULL, NULL, 57, 294, 27),
(6813, 501, 3, 20, 0, NULL, NULL, 57, 294, 27),
(6814, 503, 3, 20, 0, NULL, NULL, 56, 291, 32),
(6815, 502, 3, 20, 0, NULL, NULL, 56, 291, 62),
(6816, 501, 3, 20, 0, NULL, NULL, 59, 302, 29),
(6817, 501, 3, 20, 0, NULL, NULL, 61, 310, 12),
(6818, 503, 3, 20, -1, NULL, 20, 57, 295, 40),
(6819, 501, 3, 19, 0, NULL, NULL, 62, 315, 21),
(6820, 501, 3, 19, -1, NULL, 19, 63, 320, 6),
(6821, 501, 3, 19, 0, NULL, NULL, 64, 323, 6),
(6822, 500, 3, 20, 0, NULL, NULL, 59, 302, 121),
(6823, 501, 3, 19, -1, NULL, 19, 65, 327, 28),
(6824, 502, 3, 20, 0, NULL, NULL, 57, 294, 92),
(6825, 501, 3, 19, 0, NULL, NULL, 66, 331, 22),
(6826, 500, 3, 20, -1, NULL, 20, 61, 311, 31),
(6827, 501, 3, 19, 0, NULL, NULL, 67, 334, 26),
(6828, 501, 3, 16, 0, NULL, NULL, 68, 339, 6),
(6829, 500, 3, 19, 0, NULL, NULL, 62, 315, 31),
(6830, 504, 3, 20, 0, NULL, NULL, 56, 291, 113),
(6831, 501, 3, 16, 0, NULL, NULL, 69, 342, 15),
(6832, 503, 3, 20, 0, NULL, NULL, 58, 299, 132),
(6833, 501, 3, 16, -1, NULL, 16, 71, 352, 12),
(6834, 504, 3, 20, 0, NULL, NULL, 57, 294, 26),
(6835, 500, 3, 19, 0, NULL, NULL, 63, 318, 30),
(6836, 502, 3, 20, -1, NULL, 20, 59, 303, 90),
(6837, 502, 3, 20, 0, NULL, NULL, 60, 307, 11),
(6838, 501, 3, 16, 0, NULL, NULL, 72, 355, 32),
(6839, 500, 3, 19, 0, NULL, NULL, 65, 326, 30),
(6840, 502, 3, 20, -1, NULL, 20, 61, 311, 12),
(6841, 501, 3, 16, -1, NULL, 16, 73, 360, 6),
(6842, 501, 3, 21, 0, NULL, NULL, 74, 363, 9),
(6843, 504, 3, 20, 0, NULL, NULL, 59, 302, 48),
(6844, 501, 3, 21, 0, NULL, NULL, 75, 366, 9),
(6845, 504, 3, 20, 0, NULL, NULL, 61, 310, 17),
(6846, 500, 3, 19, 0, NULL, NULL, 67, 334, 37),
(6847, 502, 3, 19, 0, NULL, NULL, 62, 315, 43),
(6848, 501, 3, 21, 0, NULL, NULL, 77, 374, 26),
(6849, 500, 3, 16, 0, NULL, NULL, 68, 339, 15),
(6850, 501, 3, 21, -1, NULL, 21, 79, 384, 5),
(6851, 503, 3, 20, 0, NULL, NULL, 59, 302, 119),
(6852, 504, 3, 19, 0, NULL, NULL, 62, 315, 38),
(6853, 502, 3, 19, 0, NULL, NULL, 63, 318, 29),
(6854, 501, 3, 25, 0, NULL, NULL, 80, 387, 19),
(6855, 501, 3, 25, -1, NULL, 25, 81, 392, 4),
(6856, 503, 3, 20, 0, NULL, NULL, 61, 310, 14),
(6857, 501, 3, 25, -1, NULL, 25, 82, 394, 5),
(6858, 501, 3, 25, -1, NULL, 25, 84, 404, 2),
(6859, 501, 3, 22, -1, NULL, 22, 86, 410, 3),
(6860, 504, 3, 19, 0, NULL, NULL, 63, 318, 46),
(6861, 502, 3, 19, -1, NULL, 19, 65, 327, 42),
(6862, 501, 3, 22, 0, NULL, NULL, 88, 419, 24),
(6863, 501, 3, 22, 0, NULL, NULL, 89, 422, 5),
(6864, 500, 3, 16, 0, NULL, NULL, 69, 342, 81),
(6865, 501, 3, 22, 0, NULL, NULL, 91, 430, 8),
(6866, 501, 3, 9, -1, NULL, 9, 92, 434, 5),
(6867, 503, 3, 19, -1, NULL, 19, 62, 314, 62),
(6868, 504, 3, 19, 0, NULL, NULL, 65, 326, 37),
(6869, 501, 3, 9, 0, NULL, NULL, 94, 443, 10),
(6870, 501, 3, 9, -1, NULL, 9, 95, 447, 5),
(6871, 501, 3, 9, 0, NULL, NULL, 96, 451, 4),
(6872, 502, 3, 19, 0, NULL, NULL, 66, 331, 53),
(6873, 500, 3, 16, -1, NULL, 16, 71, 351, 42),
(6874, 501, 3, 9, -1, NULL, 9, 97, 455, 7),
(6875, 503, 3, 19, 0, NULL, NULL, 64, 323, 34),
(6876, 504, 3, 19, 0, NULL, NULL, 67, 334, 29),
(6877, 500, 3, 16, 0, NULL, NULL, 72, 355, 24),
(6878, 504, 3, 16, 0, NULL, NULL, 68, 339, 23),
(6879, 500, 3, 16, 0, NULL, NULL, 73, 358, 16),
(6880, 502, 3, 19, 0, NULL, NULL, 67, 334, 58),
(6881, 500, 3, 21, 0, NULL, NULL, 74, 363, 24),
(6882, 504, 3, 16, 0, NULL, NULL, 69, 342, 38),
(6883, 503, 3, 19, -1, NULL, 19, 65, 327, 80),
(6884, 502, 3, 16, 0, NULL, NULL, 68, 339, 37),
(6885, 502, 3, 16, 0, NULL, NULL, 69, 342, 17),
(6886, 503, 3, 19, 0, NULL, NULL, 66, 331, 30),
(6887, 500, 3, 21, 0, NULL, NULL, 75, 366, 57),
(6888, 504, 3, 16, 0, NULL, NULL, 71, 350, 50),
(6889, 503, 3, 19, 0, NULL, NULL, 67, 334, 45),
(6890, 500, 3, 21, 0, NULL, NULL, 77, 374, 37),
(6891, 503, 3, 16, 0, NULL, NULL, 68, 339, 14),
(6892, 502, 3, 16, -1, NULL, 16, 71, 351, 70),
(6893, 502, 3, 16, -1, NULL, 16, 72, 354, 17),
(6894, 500, 3, 21, -1, NULL, 21, 79, 384, 40),
(6895, 504, 3, 16, -1, NULL, 16, 73, 359, 77),
(6896, 502, 3, 21, 0, NULL, NULL, 74, 363, 10),
(6897, 500, 3, 25, 0, NULL, NULL, 80, 387, 20),
(6898, 502, 3, 21, 0, NULL, NULL, 75, 366, 17),
(6899, 503, 3, 16, 0, NULL, NULL, 69, 342, 52),
(6900, 500, 3, 25, -1, NULL, 25, 81, 393, 10),
(6901, 500, 3, 25, -1, NULL, 25, 82, 397, 7),
(6902, 500, 3, 25, -1, NULL, 25, 84, 405, 4),
(6903, 500, 3, 22, 0, NULL, NULL, 86, 411, 10),
(6904, 500, 3, 22, 0, NULL, NULL, 87, 414, 7),
(6905, 504, 3, 21, 0, NULL, NULL, 74, 363, 63),
(6906, 500, 3, 22, 0, NULL, NULL, 89, 422, 13),
(6907, 503, 3, 16, 0, NULL, NULL, 71, 350, 62),
(6908, 502, 3, 21, -1, NULL, 21, 77, 375, 66),
(6909, 504, 3, 21, 0, NULL, NULL, 75, 366, 31),
(6910, 500, 3, 22, 0, NULL, NULL, 91, 430, 18),
(6911, 502, 3, 21, -1, NULL, 21, 78, 378, 10),
(6912, 500, 3, 9, 0, NULL, NULL, 92, 435, 12),
(6913, 502, 3, 25, 0, NULL, NULL, 80, 387, 17),
(6914, 503, 3, 16, 0, NULL, NULL, 73, 358, 37),
(6915, 500, 3, 9, 0, NULL, NULL, 93, 438, 21),
(6916, 502, 3, 25, -1, NULL, 25, 81, 391, 19),
(6917, 504, 3, 21, 0, NULL, NULL, 77, 374, 40),
(6918, 500, 3, 9, 0, NULL, NULL, 95, 446, 9),
(6919, 502, 3, 25, -1, NULL, 25, 82, 397, 6),
(6920, 502, 3, 25, -1, NULL, 25, 84, 405, 5),
(6921, 502, 3, 22, -1, NULL, 22, 86, 410, 6),
(6922, 500, 3, 9, -1, NULL, 9, 97, 456, 18),
(6923, 502, 3, 22, 0, NULL, NULL, 88, 419, 17),
(6924, 502, 3, 22, 0, NULL, NULL, 89, 422, 9),
(6925, 504, 3, 21, 0, NULL, NULL, 79, 382, 49),
(6926, 502, 3, 22, -1, NULL, 22, 91, 431, 14),
(6927, 502, 3, 9, -1, NULL, 9, 92, 434, 7),
(6928, 502, 3, 9, 0, NULL, NULL, 94, 443, 4),
(6929, 502, 3, 9, 0, NULL, NULL, 95, 446, 8),
(6930, 503, 3, 21, 0, NULL, NULL, 74, 363, 102),
(6931, 502, 3, 9, -1, NULL, 9, 97, 455, 9),
(6932, 504, 3, 25, 0, NULL, NULL, 80, 387, 52),
(6933, 504, 3, 25, 0, NULL, NULL, 81, 390, 5),
(6934, 504, 3, 25, -1, NULL, 25, 83, 399, 4),
(6935, 504, 3, 25, 0, NULL, NULL, 84, 403, 3),
(6936, 504, 3, 25, -1, NULL, 25, 85, 408, 3),
(6937, 504, 3, 22, 0, NULL, NULL, 86, 411, 8),
(6938, 504, 3, 22, 0, NULL, NULL, 87, 414, 9),
(6939, 504, 3, 22, 0, NULL, NULL, 89, 422, 6),
(6940, 504, 3, 22, 0, NULL, NULL, 91, 430, 9),
(6941, 504, 3, 9, 0, NULL, NULL, 92, 435, 17),
(6942, 503, 3, 21, 0, NULL, NULL, 75, 366, 92),
(6943, 504, 3, 9, 0, NULL, NULL, 93, 438, 8),
(6944, 504, 3, 9, 0, NULL, NULL, 95, 446, 13),
(6945, 504, 3, 9, 0, NULL, NULL, 97, 454, 34),
(6946, 503, 3, 21, 0, NULL, NULL, 77, 374, 64),
(6947, 503, 3, 21, 0, NULL, NULL, 79, 382, 86),
(6948, 505, 1, 1, 0, NULL, NULL, 1, 4, 27),
(6949, 505, 1, 3, 0, NULL, NULL, 3, 15, 14),
(6950, 503, 3, 25, 0, NULL, NULL, 80, 387, 104),
(6951, 503, 3, 25, -1, NULL, 25, 81, 392, 54),
(6952, 505, 1, 5, -1, NULL, 5, 4, 24, 74),
(6953, 503, 3, 25, -1, NULL, 25, 82, 396, 47),
(6954, 503, 3, 25, 0, NULL, NULL, 84, 403, 71),
(6955, 503, 3, 25, 0, NULL, NULL, 85, 406, 40),
(6956, 503, 3, 22, 0, NULL, NULL, 86, 411, 9),
(6957, 503, 3, 22, 0, NULL, NULL, 87, 414, 12),
(6958, 505, 1, 13, -1, NULL, 2, 8, 68, 180),
(6959, 503, 3, 22, 0, NULL, NULL, 89, 422, 12),
(6960, 503, 3, 22, 0, NULL, NULL, 91, 430, 17),
(6961, 503, 3, 9, -1, NULL, 9, 92, 434, 18),
(6962, 505, 1, 11, 0, NULL, NULL, 10, 79, 41),
(6963, 503, 3, 9, 0, NULL, NULL, 94, 443, 9),
(6964, 503, 3, 9, 0, NULL, NULL, 95, 446, 27),
(6965, 503, 3, 9, 0, NULL, NULL, 97, 454, 26),
(6966, 505, 1, 12, -1, NULL, 10, 11, 83, 92),
(6967, 505, 1, 3, -1, NULL, 3, 12, 92, 126),
(6968, 506, 1, 1, 0, NULL, NULL, 1, 4, 47),
(6969, 506, 1, 3, 0, NULL, NULL, 3, 15, 14),
(6970, 507, 1, 1, 0, NULL, NULL, 1, 4, 54),
(6971, 505, 1, 5, 0, NULL, NULL, 13, 99, 64),
(6972, 507, 1, 3, 0, NULL, NULL, 3, 15, 11),
(6973, 505, 1, 8, -1, NULL, 2, 14, 108, 32),
(6974, 508, 1, 1, 0, NULL, NULL, 1, 4, 49),
(6975, 508, 1, 3, 0, NULL, NULL, 3, 15, 7),
(6976, 505, 1, 12, -1, NULL, 12, 15, 124, 45),
(6977, 509, 1, 1, -1, NULL, 1, 1, 3, 66),
(6978, 509, 1, 4, 0, NULL, NULL, 2, 12, 18),
(6979, 508, 1, 5, -1, NULL, 5, 4, 27, 50),
(6980, 507, 1, 5, -1, NULL, 5, 4, 27, 113),
(6981, 509, 1, 6, -1, NULL, 6, 5, 29, 21),
(6982, 505, 1, 11, -1, NULL, 11, 16, 123, 57),
(6983, 509, 1, 3, 0, NULL, NULL, 6, 52, 31),
(6984, 506, 1, 5, 0, NULL, NULL, 4, 26, 178),
(6985, 508, 1, 13, -1, NULL, 12, 8, 63, 48),
(6986, 507, 1, 13, -1, NULL, 9, 8, 64, 62),
(6987, 507, 1, 11, -1, NULL, 11, 10, 80, 8),
(6988, 509, 1, 13, 0, NULL, NULL, 8, 65, 37),
(6989, 508, 1, 11, -1, NULL, 16, 10, 78, 31),
(6990, 506, 1, 13, 0, NULL, NULL, 8, 65, 43),
(6991, 505, 1, 17, 0, NULL, NULL, 18, 134, 76),
(6992, 507, 1, 12, -1, NULL, 12, 11, 87, 26),
(6993, 507, 1, 3, -1, NULL, 3, 12, 89, 30),
(6994, 505, 1, 12, 0, NULL, NULL, 19, 141, 47),
(6995, 508, 1, 12, 0, NULL, NULL, 11, 84, 61),
(6996, 506, 1, 10, -1, NULL, 10, 7, 57, 65),
(6997, 505, 1, 18, -1, NULL, 18, 20, 152, 24),
(6998, 507, 1, 5, -1, NULL, 5, 13, 95, 32),
(6999, 508, 1, 11, -1, NULL, 11, 9, 71, 36),
(7000, 507, 1, 8, -1, NULL, 1, 14, 107, 28),
(7001, 509, 1, 10, 0, NULL, NULL, 7, 60, 117),
(7002, 508, 1, 3, -1, NULL, 3, 12, 92, 14),
(7003, 509, 1, 11, -1, NULL, 16, 10, 77, 15),
(7004, 508, 1, 5, -1, NULL, 5, 13, 96, 16),
(7005, 509, 1, 12, 0, NULL, NULL, 11, 84, 16),
(7006, 507, 1, 12, -1, NULL, 2, 15, 125, 46),
(7007, 507, 1, 11, -1, NULL, 11, 16, 122, 9),
(7008, 505, 1, 1, 0, NULL, NULL, 98, 460, 90),
(7009, 506, 1, 11, 0, NULL, NULL, 10, 79, 103),
(7010, 508, 1, 8, -1, NULL, 12, 14, 106, 51),
(7011, 505, 1, 3, 0, NULL, NULL, 100, 473, 11),
(7012, 507, 1, 17, -1, NULL, 17, 18, 137, 23),
(7013, 508, 1, 12, -1, NULL, 2, 15, 125, 7),
(7014, 509, 1, 11, -1, NULL, 11, 9, 71, 58),
(7015, 508, 1, 11, -1, NULL, 11, 16, 123, 19),
(7016, 509, 1, 3, -1, NULL, 3, 12, 89, 26),
(7017, 509, 1, 5, -1, NULL, 5, 13, 96, 9),
(7018, 508, 1, 17, -1, NULL, 17, 18, 133, 34),
(7019, 506, 1, 12, 0, NULL, NULL, 11, 84, 95),
(7020, 508, 1, 12, -1, NULL, 13, 19, 139, 20),
(7021, 509, 1, 8, -1, NULL, 13, 14, 105, 26),
(7022, 508, 1, 18, -1, NULL, 12, 20, 151, 11),
(7023, 507, 1, 12, -1, NULL, 12, 19, 144, 101),
(7024, 505, 1, 5, -1, NULL, 5, 102, 489, 118),
(7025, 508, 1, 1, 0, NULL, NULL, 98, 460, 54),
(7026, 508, 1, 3, 0, NULL, NULL, 100, 473, 11),
(7027, 507, 1, 1, -1, NULL, 1, 98, 458, 83),
(7028, 507, 1, 3, 0, NULL, NULL, 99, 466, 13),
(7029, 509, 1, 12, -1, NULL, 12, 15, 124, 131),
(7030, 507, 1, 5, -1, NULL, 5, 102, 489, 16),
(7031, 509, 1, 11, -1, NULL, 16, 16, 118, 11),
(7032, 508, 1, 5, -1, NULL, 5, 102, 482, 57),
(7033, 507, 1, 25, -1, NULL, 25, 103, 494, 20),
(7034, 505, 1, 25, 0, NULL, NULL, 103, 491, 127),
(7035, 506, 1, 11, 0, NULL, NULL, 9, 72, 164),
(7036, 509, 1, 2, -1, NULL, 9, 17, 128, 19),
(7037, 507, 1, 27, -1, NULL, 27, 104, 501, 14),
(7038, 505, 1, 27, -1, NULL, 27, 104, 501, 13),
(7039, 509, 1, 17, -1, NULL, 17, 18, 135, 20),
(7040, 505, 1, 11, -1, NULL, 11, 106, 513, 12),
(7041, 507, 1, 11, -1, NULL, 11, 106, 513, 15),
(7042, 505, 1, 26, -1, NULL, 26, 23, 160, 24),
(7043, 507, 1, 26, -1, NULL, 11, 23, 163, 39),
(7044, 509, 1, 12, -1, NULL, 13, 19, 140, 43),
(7045, 505, 1, 26, -1, NULL, 26, 25, 168, 22),
(7046, 509, 1, 18, 0, NULL, NULL, 20, 149, 13),
(7047, 505, 1, 26, 0, NULL, NULL, 27, 177, 12),
(7048, 505, 1, 26, 0, NULL, NULL, 55, 286, 12),
(7049, 509, 1, 11, 0, NULL, NULL, 21, 155, 22),
(7050, 507, 1, 26, -1, NULL, 11, 25, 171, 48),
(7051, 508, 1, 25, 0, NULL, NULL, 103, 491, 139),
(7052, 506, 1, 3, 0, NULL, NULL, 12, 91, 146),
(7053, 508, 1, 27, -1, NULL, 2, 104, 500, 26),
(7054, 508, 1, 11, -1, NULL, 11, 106, 511, 6),
(7055, 508, 1, 26, -1, NULL, 26, 23, 160, 9),
(7056, 508, 1, 26, -1, NULL, 11, 25, 170, 4),
(7057, 509, 1, 1, 0, NULL, NULL, 98, 460, 89),
(7058, 508, 1, 26, -1, NULL, 26, 27, 178, 27),
(7059, 506, 1, 5, -1, NULL, 5, 13, 102, 85),
(7060, 509, 1, 3, -1, NULL, 3, 100, 475, 48),
(7061, 507, 1, 26, -1, NULL, 26, 27, 179, 186),
(7062, 509, 1, 5, 0, NULL, NULL, 102, 484, 84),
(7063, 509, 1, 25, -1, NULL, 25, 103, 490, 8),
(7064, 506, 1, 8, -1, NULL, 1, 14, 107, 116),
(7065, 509, 1, 27, -1, NULL, 27, 104, 495, 10),
(7066, 509, 1, 11, -1, NULL, 20, 106, 510, 6),
(7067, 509, 1, 26, -1, NULL, 26, 23, 160, 4),
(7068, 509, 1, 26, -1, NULL, 26, 25, 168, 2),
(7069, 509, 1, 26, 0, NULL, NULL, 27, 177, 4),
(7070, 509, 1, 26, 0, NULL, NULL, 55, 286, 2),
(7071, 506, 1, 12, -1, NULL, 12, 15, 110, 79),
(7072, 506, 1, 11, -1, NULL, 11, 16, 123, 234),
(7073, 506, 1, 17, -1, NULL, 17, 18, 137, 63),
(7074, 506, 1, 12, -1, NULL, 13, 19, 139, 239),
(7075, 506, 1, 18, -1, NULL, 18, 20, 145, 117),
(7076, 506, 1, 11, -1, NULL, 11, 21, 158, 115),
(7077, 506, 1, 1, 0, NULL, NULL, 98, 460, 125),
(7078, 506, 1, 3, -1, NULL, 3, 100, 475, 49),
(7079, 506, 1, 5, 0, NULL, NULL, 102, 484, 83),
(7080, 506, 1, 25, 0, NULL, NULL, 103, 491, 115),
(7081, 506, 1, 27, 0, NULL, NULL, 104, 497, 69),
(7082, 506, 1, 27, 0, NULL, NULL, 105, 503, 32),
(7083, 506, 1, 12, -1, NULL, 12, 107, 517, 98),
(7084, 506, 1, 11, -1, NULL, 11, 106, 509, 66),
(7085, 506, 1, 26, 0, NULL, NULL, 23, 161, 28),
(7086, 506, 1, 26, 0, NULL, NULL, 24, 164, 24),
(7087, 506, 1, 26, -1, NULL, 26, 26, 174, 33),
(7088, 506, 1, 26, 0, NULL, NULL, 27, 177, 12),
(7089, 506, 1, 26, 0, NULL, NULL, 55, 286, 9),
(7090, 510, 1, 1, -1, NULL, 1, 1, 1, 9);

-- --------------------------------------------------------

--
-- Estrutura para tabela `teste`
--

DROP TABLE IF EXISTS `teste`;
CREATE TABLE IF NOT EXISTS `teste` (
  `cod_tst` int(11) NOT NULL,
  `nm_tst` varchar(100) DEFAULT NULL,
  `ativo` tinyint(1) NOT NULL DEFAULT 0,
  `professor` int(11) NOT NULL
) ENGINE=InnoDB AUTO_INCREMENT=5 DEFAULT CHARSET=utf8;

--
-- Fazendo dump de dados para tabela `teste`
--

INSERT INTO `teste` (`cod_tst`, `nm_tst`, `ativo`, `professor`) VALUES
(1, 'Resolução de Problemas', 1, 1),
(2, 'Álgebra', 0, 1),
(3, 'Matemática', 1, 1),
(4, 'teste carol', 0, 2);

-- --------------------------------------------------------

--
-- Estrutura para tabela `usuario`
--

DROP TABLE IF EXISTS `usuario`;
CREATE TABLE IF NOT EXISTS `usuario` (
  `cod_usuario` int(11) NOT NULL,
  `nm_usuario` varchar(255) DEFAULT NULL,
  `email_usuario` varchar(255) DEFAULT NULL,
  `atrib_usuario` int(11) NOT NULL,
  `login_usuario` varchar(100) DEFAULT NULL,
  `senha_usuario` varchar(100) DEFAULT NULL,
  `horario` timestamp NOT NULL DEFAULT current_timestamp()
) ENGINE=InnoDB AUTO_INCREMENT=511 DEFAULT CHARSET=utf8;
--
-- Índices de tabelas apagadas
--

--
-- Índices de tabela `conceito`
--
ALTER TABLE `conceito`
  ADD PRIMARY KEY (`cod_conceito`);

--
-- Índices de tabela `item`
--
ALTER TABLE `item`
  ADD PRIMARY KEY (`cod_resp`), ADD KEY `cod_item` (`cod_item`), ADD KEY `item_conceito_cod_conceito_fk` (`cod_conceito`);

--
-- Índices de tabela `perguntas`
--
ALTER TABLE `perguntas`
  ADD PRIMARY KEY (`cod_item`), ADD KEY `cod_tst` (`cod_tst`);

--
-- Índices de tabela `resultado`
--
ALTER TABLE `resultado`
  ADD PRIMARY KEY (`cod_resultado`), ADD KEY `cod_usuario` (`cod_usuario`), ADD KEY `cod_tst` (`cod_tst`), ADD KEY `cod_conceito` (`cod_conceito`), ADD KEY `motivo` (`motivo`);

--
-- Índices de tabela `teste`
--
ALTER TABLE `teste`
  ADD PRIMARY KEY (`cod_tst`);

--
-- Índices de tabela `usuario`
--
ALTER TABLE `usuario`
  ADD PRIMARY KEY (`cod_usuario`);

--
-- AUTO_INCREMENT de tabelas apagadas
--

--
-- AUTO_INCREMENT de tabela `conceito`
--
ALTER TABLE `conceito`
  MODIFY `cod_conceito` int(11) NOT NULL AUTO_INCREMENT,AUTO_INCREMENT=29;
--
-- AUTO_INCREMENT de tabela `item`
--
ALTER TABLE `item`
  MODIFY `cod_resp` int(11) NOT NULL AUTO_INCREMENT,AUTO_INCREMENT=524;
--
-- AUTO_INCREMENT de tabela `perguntas`
--
ALTER TABLE `perguntas`
  MODIFY `cod_item` int(11) NOT NULL AUTO_INCREMENT,AUTO_INCREMENT=113;
--
-- AUTO_INCREMENT de tabela `resultado`
--
ALTER TABLE `resultado`
  MODIFY `cod_resultado` int(11) NOT NULL AUTO_INCREMENT,AUTO_INCREMENT=7091;
--
-- AUTO_INCREMENT de tabela `teste`
--
ALTER TABLE `teste`
  MODIFY `cod_tst` int(11) NOT NULL AUTO_INCREMENT,AUTO_INCREMENT=5;
--
-- AUTO_INCREMENT de tabela `usuario`
--
ALTER TABLE `usuario`
  MODIFY `cod_usuario` int(11) NOT NULL AUTO_INCREMENT,AUTO_INCREMENT=511;
--
-- Restrições para dumps de tabelas
--

--
-- Restrições para tabelas `item`
--
ALTER TABLE `item`
ADD CONSTRAINT `item_conceito_cod_conceito_fk` FOREIGN KEY (`cod_conceito`) REFERENCES `conceito` (`cod_conceito`) ON UPDATE CASCADE,
ADD CONSTRAINT `item_ibfk_1` FOREIGN KEY (`cod_item`) REFERENCES `perguntas` (`cod_item`) ON DELETE CASCADE;

--
-- Restrições para tabelas `perguntas`
--
ALTER TABLE `perguntas`
ADD CONSTRAINT `perguntas_ibfk_1` FOREIGN KEY (`cod_tst`) REFERENCES `teste` (`cod_tst`) ON DELETE CASCADE ON UPDATE CASCADE;

--
-- Restrições para tabelas `resultado`
--
ALTER TABLE `resultado`
ADD CONSTRAINT `resultado_ibfk_1` FOREIGN KEY (`cod_usuario`) REFERENCES `usuario` (`cod_usuario`) ON DELETE SET NULL,
ADD CONSTRAINT `resultado_ibfk_2` FOREIGN KEY (`cod_tst`) REFERENCES `teste` (`cod_tst`) ON DELETE SET NULL ON UPDATE CASCADE,
ADD CONSTRAINT `resultado_ibfk_3` FOREIGN KEY (`cod_conceito`) REFERENCES `conceito` (`cod_conceito`) ON DELETE SET NULL,
ADD CONSTRAINT `resultado_ibfk_4` FOREIGN KEY (`motivo`) REFERENCES `conceito` (`cod_conceito`) ON DELETE SET NULL;
COMMIT;

/*!40101 SET CHARACTER_SET_CLIENT=@OLD_CHARACTER_SET_CLIENT */;
/*!40101 SET CHARACTER_SET_RESULTS=@OLD_CHARACTER_SET_RESULTS */;
/*!40101 SET COLLATION_CONNECTION=@OLD_COLLATION_CONNECTION */;
